recording,ctrl,source,W_s,t_start_ns,t_s,bx,by,bz
static_dark,left_controller,mocap,5,100238415959557,3.0,-0.29515,-0.22058,0.45748
static_dark,left_controller,mocap,5,100243415959557,8.0,-0.30108,-0.26196,0.3561
static_dark,left_controller,mocap,5,100248415959557,13.0,-0.31946,0.00768,0.30504
static_dark,left_controller,mocap,5,100253415959557,18.0,-1.41221,-0.41872,1.40346
static_dark,left_controller,mocap,5,100258415959557,23.0,-0.43683,0.20956,0.30049
static_dark,left_controller,mocap,5,100263415959557,28.0,-0.27648,-0.51977,0.4479
static_dark,left_controller,mocap,5,100268415959557,33.0,-0.04744,-0.50305,0.26056
static_dark,left_controller,mocap,5,100283415959557,48.0,-0.26449,-0.20666,0.41597
static_dark,left_controller,mocap,5,100288415959557,53.0,-0.07127,-0.18677,0.32881
static_dark,left_controller,mocap,5,100293415959557,58.0,-0.54995,-0.30992,0.76377
static_dark,left_controller,mocap,5,100298415959557,63.0,-0.49367,-0.57238,1.04371
static_dark,left_controller,mocap,5,100303415959557,68.0,-0.88007,-0.65133,0.82948
static_dark,left_controller,mocap,5,100308415959557,73.0,-0.21111,0.00431,0.59427
static_dark,left_controller,mocap,5,100313415959557,78.0,-0.18696,-0.46874,0.49635
static_dark,left_controller,mocap,5,100318415959557,83.0,-0.3607,-0.31439,0.37565
static_dark,left_controller,mocap,5,100323415959557,88.0,0.23073,-0.24808,0.42642
static_dark,left_controller,mocap,5,100328415959557,93.0,-0.63093,-0.12403,0.58924
static_dark,left_controller,mocap,5,100333415959557,98.0,-2.23268,-0.27811,1.88717
static_dark,left_controller,mocap,5,100338415959557,103.0,-1.5771,-0.15569,1.56701
static_dark,left_controller,mocap,5,100348415959557,113.0,0.06974,-0.69918,0.74619
static_dark,left_controller,mocap,10,100238415959557,3.0,-0.32596,-0.24986,0.40754
static_dark,left_controller,mocap,10,100248415959557,13.0,-0.43252,-0.19734,0.4557
static_dark,left_controller,mocap,10,100258415959557,23.0,-0.51695,-0.19021,0.43078
static_dark,left_controller,mocap,10,100268415959557,33.0,-0.12577,-0.4645,0.40258
static_dark,left_controller,mocap,10,100278415959557,43.0,-0.19919,-0.47353,0.59504
static_dark,left_controller,mocap,10,100288415959557,53.0,-0.19904,-0.25352,0.43493
static_dark,left_controller,mocap,10,100298415959557,63.0,-0.58169,-0.63979,0.87019
static_dark,left_controller,mocap,10,100308415959557,73.0,-0.30494,-0.23506,0.58616
static_dark,left_controller,mocap,10,100318415959557,83.0,0.00285,-0.2913,0.45233
static_dark,left_controller,mocap,10,100328415959557,93.0,-0.92828,-0.20086,0.84764
static_dark,left_controller,mocap,10,100338415959557,103.0,-1.49051,-0.50408,0.80385
static_dark,left_controller,mocap,10,100348415959557,113.0,-0.13006,-0.56949,0.6152
static_dark,left_controller,mocap,20,100238415959557,3.0,-0.35815,-0.23355,0.4241
static_dark,left_controller,mocap,20,100258415959557,23.0,-0.41956,-0.35683,0.48553
static_dark,left_controller,mocap,20,100278415959557,43.0,-0.21024,-0.33819,0.52316
static_dark,left_controller,mocap,20,100298415959557,63.0,-0.48918,-0.31348,0.71855
static_dark,left_controller,mocap,20,100318415959557,83.0,-0.25772,-0.30134,0.4849
static_dark,left_controller,mocap,20,100338415959557,103.0,-0.58767,-0.80349,0.45189
static_dark,left_controller,vision,5,100238415959557,3.0,-0.06482,-0.17308,0.4297
static_dark,left_controller,vision,5,100243415959557,8.0,-0.17997,-0.30617,0.41879
static_dark,left_controller,vision,5,100248415959557,13.0,-0.14954,-0.10947,0.34077
static_dark,left_controller,vision,5,100253415959557,18.0,0.27454,-0.34943,0.16093
static_dark,left_controller,vision,5,100258415959557,23.0,-0.52811,0.19489,0.36371
static_dark,left_controller,vision,5,100263415959557,28.0,-0.23223,-0.58818,0.67542
static_dark,left_controller,vision,5,100268415959557,33.0,-0.10424,-0.72023,0.39467
static_dark,left_controller,vision,5,100283415959557,48.0,-0.205,-0.32282,0.44616
static_dark,left_controller,vision,5,100288415959557,53.0,-0.0271,-0.15902,0.39154
static_dark,left_controller,vision,5,100293415959557,58.0,-0.39344,-0.16088,0.54692
static_dark,left_controller,vision,5,100308415959557,73.0,-0.56504,-0.26185,1.03586
static_dark,left_controller,vision,5,100313415959557,78.0,-0.05032,-0.47761,0.40276
static_dark,left_controller,vision,5,100318415959557,83.0,-0.31716,-0.37768,0.48684
static_dark,left_controller,vision,5,100323415959557,88.0,0.18898,-0.11583,0.47905
static_dark,left_controller,vision,5,100328415959557,93.0,-0.49929,-0.1168,0.58609
static_dark,left_controller,vision,5,100333415959557,98.0,-1.88198,-1.00762,1.5055
static_dark,left_controller,vision,5,100348415959557,113.0,0.51237,-0.62987,0.73688
static_dark,left_controller,vision,10,100238415959557,3.0,-0.14536,-0.26168,0.4281
static_dark,left_controller,vision,10,100248415959557,13.0,0.11473,-0.16676,0.29966
static_dark,left_controller,vision,10,100258415959557,23.0,-0.46814,-0.26115,0.54286
static_dark,left_controller,vision,10,100288415959557,53.0,-0.13085,-0.2503,0.43079
static_dark,left_controller,vision,10,100308415959557,73.0,-0.3653,-0.49697,0.63157
static_dark,left_controller,vision,10,100318415959557,83.0,-0.02297,-0.25836,0.52306
static_dark,left_controller,vision,10,100328415959557,93.0,-0.64812,-0.30581,0.79453
static_dark,left_controller,vision,10,100348415959557,113.0,0.16544,-0.43419,0.50189
static_dark,left_controller,vision,20,100238415959557,3.0,-0.06981,-0.19654,0.37746
static_dark,left_controller,vision,20,100298415959557,63.0,-0.34161,-0.56519,0.61609
static_dark,left_controller,vision,20,100318415959557,83.0,-0.14961,-0.29895,0.52848
static_dark,right_controller,mocap,5,100238415959557,3.0,0.46503,0.24383,0.44784
static_dark,right_controller,mocap,5,100243415959557,8.0,0.21712,-0.06896,0.50522
static_dark,right_controller,mocap,5,100248415959557,13.0,0.1992,0.11336,0.48395
static_dark,right_controller,mocap,5,100253415959557,18.0,0.69857,-0.51869,1.47438
static_dark,right_controller,mocap,5,100258415959557,23.0,-0.14808,-0.03195,0.09881
static_dark,right_controller,mocap,5,100263415959557,28.0,1.01386,0.74144,0.83849
static_dark,right_controller,mocap,5,100268415959557,33.0,0.35226,-0.13472,0.44751
static_dark,right_controller,mocap,5,100273415959557,38.0,0.58401,0.39198,0.56731
static_dark,right_controller,mocap,5,100283415959557,48.0,0.51144,0.16644,0.5764
static_dark,right_controller,mocap,5,100288415959557,53.0,0.16663,0.03918,0.46989
static_dark,right_controller,mocap,5,100293415959557,58.0,0.56233,0.32541,0.70552
static_dark,right_controller,mocap,5,100298415959557,63.0,0.43719,0.85731,0.34266
static_dark,right_controller,mocap,5,100303415959557,68.0,0.45411,0.37614,0.89121
static_dark,right_controller,mocap,5,100308415959557,73.0,0.6935,0.22408,0.80625
static_dark,right_controller,mocap,5,100313415959557,78.0,-0.36794,0.08779,0.13058
static_dark,right_controller,mocap,5,100318415959557,83.0,0.86015,0.0421,0.39729
static_dark,right_controller,mocap,5,100323415959557,88.0,-0.02188,-0.18621,0.63079
static_dark,right_controller,mocap,5,100328415959557,93.0,0.37884,0.14159,0.51324
static_dark,right_controller,mocap,5,100333415959557,98.0,1.47594,0.43991,1.22303
static_dark,right_controller,mocap,5,100338415959557,103.0,1.18561,-0.7185,1.93222
static_dark,right_controller,mocap,5,100343415959557,108.0,0.3767,0.1674,1.55804
static_dark,right_controller,mocap,5,100348415959557,113.0,0.37675,-0.26511,0.68779
static_dark,right_controller,mocap,10,100238415959557,3.0,0.38617,0.09147,0.54649
static_dark,right_controller,mocap,10,100248415959557,13.0,0.46685,0.02911,0.78001
static_dark,right_controller,mocap,10,100258415959557,23.0,0.15233,0.52551,-0.25111
static_dark,right_controller,mocap,10,100268415959557,33.0,0.45417,0.185,0.43816
static_dark,right_controller,mocap,10,100278415959557,43.0,0.31795,-0.29242,0.87658
static_dark,right_controller,mocap,10,100288415959557,53.0,0.30165,0.04909,0.53961
static_dark,right_controller,mocap,10,100298415959557,63.0,0.34158,0.57159,0.57338
static_dark,right_controller,mocap,10,100308415959557,73.0,0.37332,0.30365,0.36641
static_dark,right_controller,mocap,10,100318415959557,83.0,0.41732,-0.17026,0.65249
static_dark,right_controller,mocap,10,100328415959557,93.0,0.6952,0.36192,0.69451
static_dark,right_controller,mocap,10,100338415959557,103.0,0.48173,0.07144,1.41793
static_dark,right_controller,mocap,10,100348415959557,113.0,0.41451,-0.19239,0.74724
static_dark,right_controller,mocap,20,100238415959557,3.0,0.42748,0.07621,0.66087
static_dark,right_controller,mocap,20,100258415959557,23.0,0.34684,0.43283,0.22774
static_dark,right_controller,mocap,20,100278415959557,43.0,0.37459,-0.05632,0.71332
static_dark,right_controller,mocap,20,100298415959557,63.0,0.38636,0.36986,0.50642
static_dark,right_controller,mocap,20,100318415959557,83.0,0.64549,0.0305,0.6634
static_dark,right_controller,mocap,20,100338415959557,103.0,0.49967,-0.07733,1.05472
static_dark,right_controller,vision,5,100238415959557,3.0,0.53863,0.33481,0.32967
static_dark,right_controller,vision,5,100243415959557,8.0,0.48263,0.15481,0.61179
static_dark,right_controller,vision,5,100248415959557,13.0,0.2534,-0.10811,0.49056
static_dark,right_controller,vision,5,100283415959557,48.0,0.73082,-0.11561,0.76283
static_dark,right_controller,vision,5,100298415959557,63.0,0.56811,0.45039,0.5248
static_dark,right_controller,vision,5,100303415959557,68.0,0.11258,0.24132,0.65952
static_dark,right_controller,vision,5,100308415959557,73.0,0.9172,0.59379,1.0071
static_dark,right_controller,vision,5,100328415959557,93.0,2.18304,-0.29081,3.01207
static_dark,right_controller,vision,10,100238415959557,3.0,0.54777,0.31572,0.4971
static_dark,right_controller,vision,10,100298415959557,63.0,0.512,0.28367,0.82997
static_dark,right_controller,vision,10,100328415959557,93.0,2.04151,-0.21389,2.82601
static_dark,right_controller,vision,20,100238415959557,3.0,0.45324,0.28877,0.52229
static_dark,right_controller,vision,20,100298415959557,63.0,0.75617,0.24491,0.86362
