recording,ctrl,v0_source,method,gap_s,n_test,median_m,p90_m,mean_m
static_dark,left_controller,vision,naive,0.25,763,0.0901,0.1987,0.101
static_dark,left_controller,vision,naive,0.5,676,0.2503,0.5106,0.2708
static_dark,left_controller,vision,naive,1.0,518,0.5377,1.0197,0.5916
static_dark,left_controller,vision,accel b=0,0.25,763,0.0737,0.166,0.0841
static_dark,left_controller,vision,accel b=0,0.5,676,0.1991,0.3755,0.2165
static_dark,left_controller,vision,accel b=0,1.0,518,0.4219,0.7924,0.4623
static_dark,left_controller,vision,const b (first 60 s),0.25,763,0.0683,0.1575,0.0786
static_dark,left_controller,vision,const b (first 60 s),0.5,676,0.1768,0.3531,0.1943
static_dark,left_controller,vision,const b (first 60 s),1.0,518,0.3341,0.7082,0.3856
static_dark,left_controller,vision,const b+K_a (first 60 s),0.25,763,0.0709,0.1602,0.0806
static_dark,left_controller,vision,const b+K_a (first 60 s),0.5,676,0.1885,0.3654,0.2019
static_dark,left_controller,vision,const b+K_a (first 60 s),1.0,518,0.3606,0.7441,0.3987
static_dark,left_controller,vision,RLS-vision tau=20s b,0.25,763,0.0671,0.1549,0.0777
static_dark,left_controller,vision,RLS-vision tau=20s b,0.5,676,0.1728,0.3442,0.1912
static_dark,left_controller,vision,RLS-vision tau=20s b,1.0,518,0.3238,0.6856,0.3773
static_dark,left_controller,vision,RLS-vision tau=160s b+K_a,0.25,763,0.0702,0.1617,0.08
static_dark,left_controller,vision,RLS-vision tau=160s b+K_a,0.5,676,0.1862,0.3684,0.1997
static_dark,left_controller,vision,RLS-vision tau=160s b+K_a,1.0,518,0.3479,0.7437,0.3894
static_dark,left_controller,vision,b+K_a all-time [UB],0.25,763,0.0695,0.1607,0.0792
static_dark,left_controller,vision,b+K_a all-time [UB],0.5,676,0.1828,0.3656,0.1973
static_dark,left_controller,vision,b+K_a all-time [UB],1.0,518,0.3402,0.7379,0.3888
static_dark,left_controller,mocap,naive,0.25,872,0.0742,0.1697,0.0843
static_dark,left_controller,mocap,naive,0.5,766,0.2377,0.4827,0.2574
static_dark,left_controller,mocap,naive,1.0,587,0.5347,1.1229,0.6037
static_dark,left_controller,mocap,accel b=0,0.25,872,0.0635,0.1413,0.0723
static_dark,left_controller,mocap,accel b=0,0.5,766,0.1928,0.3525,0.2026
static_dark,left_controller,mocap,accel b=0,1.0,587,0.4168,0.743,0.4483
static_dark,left_controller,mocap,const b (first 60 s),0.25,872,0.0579,0.1342,0.0669
static_dark,left_controller,mocap,const b (first 60 s),0.5,766,0.1691,0.3283,0.1816
static_dark,left_controller,mocap,const b (first 60 s),1.0,587,0.3384,0.6495,0.3742
static_dark,left_controller,mocap,const b+K_a (first 60 s),0.25,872,0.0591,0.1347,0.0681
static_dark,left_controller,mocap,const b+K_a (first 60 s),0.5,766,0.1749,0.3379,0.1869
static_dark,left_controller,mocap,const b+K_a (first 60 s),1.0,587,0.3592,0.6758,0.3844
static_dark,left_controller,mocap,RLS-vision tau=40s b,0.25,872,0.0568,0.1332,0.0661
static_dark,left_controller,mocap,RLS-vision tau=40s b,0.5,766,0.166,0.3211,0.179
static_dark,left_controller,mocap,RLS-vision tau=40s b,1.0,587,0.3268,0.6385,0.3647
static_dark,left_controller,mocap,RLS-vision tau=160s b+K_a,0.25,872,0.0587,0.1339,0.0674
static_dark,left_controller,mocap,RLS-vision tau=160s b+K_a,0.5,766,0.1748,0.3357,0.1846
static_dark,left_controller,mocap,RLS-vision tau=160s b+K_a,1.0,587,0.3481,0.675,0.3754
static_dark,left_controller,mocap,b+K_a all-time [UB],0.25,872,0.0573,0.1334,0.0666
static_dark,left_controller,mocap,b+K_a all-time [UB],0.5,766,0.1697,0.3335,0.1822
static_dark,left_controller,mocap,b+K_a all-time [UB],1.0,587,0.3368,0.665,0.3734
static_dark,right_controller,vision,naive,0.25,450,0.1141,0.2927,0.1452
static_dark,right_controller,vision,naive,0.5,316,0.3108,0.7105,0.3687
static_dark,right_controller,vision,naive,1.0,151,0.7346,1.3086,0.8176
static_dark,right_controller,vision,accel b=0,0.25,450,0.1105,0.2777,0.1397
static_dark,right_controller,vision,accel b=0,0.5,316,0.2828,0.6186,0.3358
static_dark,right_controller,vision,accel b=0,1.0,151,0.436,1.0735,0.5659
static_dark,right_controller,vision,const b (first 60 s),0.25,450,0.1078,0.2675,0.1352
static_dark,right_controller,vision,const b (first 60 s),0.5,316,0.2705,0.5784,0.3208
static_dark,right_controller,vision,const b (first 60 s),1.0,151,0.4514,0.9854,0.5331
static_dark,right_controller,vision,const b+K_a (first 60 s),0.25,450,0.1036,0.2608,0.13
static_dark,right_controller,vision,const b+K_a (first 60 s),0.5,316,0.2587,0.5607,0.3046
static_dark,right_controller,vision,const b+K_a (first 60 s),1.0,151,0.3797,0.985,0.4912
static_dark,right_controller,vision,RLS-vision tau=20s b,0.25,450,0.109,0.2645,0.1351
static_dark,right_controller,vision,RLS-vision tau=20s b,0.5,316,0.275,0.5753,0.3226
static_dark,right_controller,vision,RLS-vision tau=20s b,1.0,151,0.4752,0.9734,0.5584
static_dark,right_controller,vision,RLS-vision tau=160s b+K_a,0.25,450,0.1033,0.2582,0.1296
static_dark,right_controller,vision,RLS-vision tau=160s b+K_a,0.5,316,0.2603,0.5414,0.3028
static_dark,right_controller,vision,RLS-vision tau=160s b+K_a,1.0,151,0.4036,0.9398,0.5113
static_dark,right_controller,vision,b+K_a all-time [UB],0.25,450,0.1037,0.2615,0.1301
static_dark,right_controller,vision,b+K_a all-time [UB],0.5,316,0.2609,0.5647,0.3055
static_dark,right_controller,vision,b+K_a all-time [UB],1.0,151,0.3789,0.9738,0.4914
static_dark,right_controller,mocap,naive,0.25,629,0.092,0.2358,0.116
static_dark,right_controller,mocap,naive,0.5,443,0.2974,0.635,0.3426
static_dark,right_controller,mocap,naive,1.0,212,0.7383,1.2766,0.7936
static_dark,right_controller,mocap,accel b=0,0.25,629,0.094,0.2234,0.1108
static_dark,right_controller,mocap,accel b=0,0.5,443,0.2586,0.5055,0.2904
static_dark,right_controller,mocap,accel b=0,1.0,212,0.4368,0.9299,0.5158
static_dark,right_controller,mocap,const b (first 60 s),0.25,629,0.0884,0.2134,0.1069
static_dark,right_controller,mocap,const b (first 60 s),0.5,443,0.2506,0.4766,0.2763
static_dark,right_controller,mocap,const b (first 60 s),1.0,212,0.4147,0.836,0.4854
static_dark,right_controller,mocap,const b+K_a (first 60 s),0.25,629,0.0837,0.2079,0.1014
static_dark,right_controller,mocap,const b+K_a (first 60 s),0.5,443,0.2409,0.4578,0.2602
static_dark,right_controller,mocap,const b+K_a (first 60 s),1.0,212,0.3631,0.825,0.4497
static_dark,right_controller,mocap,RLS-vision tau=20s b,0.25,629,0.0901,0.2102,0.1076
static_dark,right_controller,mocap,RLS-vision tau=20s b,0.5,443,0.2639,0.4733,0.2803
static_dark,right_controller,mocap,RLS-vision tau=20s b,1.0,212,0.4484,0.8861,0.5174
static_dark,right_controller,mocap,RLS-vision tau=40s b+K_a,0.25,629,0.0851,0.2069,0.1017
static_dark,right_controller,mocap,RLS-vision tau=40s b+K_a,0.5,443,0.2504,0.4504,0.2623
static_dark,right_controller,mocap,RLS-vision tau=40s b+K_a,1.0,212,0.4058,0.7952,0.4795
static_dark,right_controller,mocap,b+K_a all-time [UB],0.25,629,0.084,0.2076,0.1016
static_dark,right_controller,mocap,b+K_a all-time [UB],0.5,443,0.2395,0.4624,0.2611
static_dark,right_controller,mocap,b+K_a all-time [UB],1.0,212,0.3622,0.8313,0.4505
