recording,ctrl,t_center_ns,t_s,or_x,or_y,or_z,vis_x,vis_y,vis_z
static_dark,left_controller,100240427056557,0.0,-0.000442,-0.002821,0.009904,0.00301,-0.002955,0.004089
static_dark,left_controller,100242427056557,2.0,0.00015,-0.006246,0.01121,0.002088,-0.006309,0.004178
static_dark,left_controller,100244427056557,4.0,-0.002744,-0.002527,0.010324,0.001355,-0.009268,0.007683
static_dark,left_controller,100246427056557,6.0,-0.006454,0.000942,0.00588,-0.007386,-0.002172,0.006614
static_dark,left_controller,100248427056557,8.0,-0.010308,-0.002103,0.014736,-0.013412,0.000239,0.013872
static_dark,left_controller,100250427056557,10.0,-0.017356,-0.003002,0.014498,-0.00645,-0.005364,0.015441
static_dark,left_controller,100252427056557,12.0,-0.027482,-0.020477,0.025746,-0.006357,-0.012752,0.020795
static_dark,left_controller,100254427056557,14.0,-0.018797,-0.028146,0.018202,-0.006964,-0.031488,0.01479
static_dark,left_controller,100256427056557,16.0,-0.020465,-0.034827,0.022121,-0.010593,-0.055899,0.01833
static_dark,left_controller,100258427056557,18.0,-0.011947,-0.018434,0.011865,-0.013199,-0.03461,0.008564
static_dark,left_controller,100260427056557,20.0,-0.00299,-0.010417,0.019599,-0.010774,-0.027264,0.013522
static_dark,left_controller,100262427056557,22.0,0.006676,-0.012281,0.015143,-0.000761,-0.021276,0.009346
static_dark,left_controller,100264427056557,24.0,0.009902,-0.022451,0.018591,0.004776,-0.006997,0.011729
static_dark,left_controller,100266427056557,26.0,0.008844,-0.014226,0.007568,0.002464,-0.007156,0.009094
static_dark,left_controller,100268427056557,28.0,0.010964,-0.016979,0.010994,-0.003973,-0.013552,0.018459
static_dark,left_controller,100270427056557,30.0,0.013583,-0.023103,-0.005665,0.013859,-0.0183,0.000773
static_dark,left_controller,100272427056557,32.0,0.008018,-0.014927,-0.00338,0.004845,-0.010836,0.009082
static_dark,left_controller,100274427056557,34.0,-0.018344,0.006023,0.000956,-0.00057,-0.012619,0.005842
static_dark,left_controller,100276427056557,36.0,-0.010071,-8.3e-05,0.011057,-0.0139,0.004077,0.007772
static_dark,left_controller,100278427056557,38.0,-0.005324,0.003627,0.00919,0.011175,0.002332,0.002411
static_dark,left_controller,100280427056557,40.0,-0.005369,-0.006804,0.010673,-0.012278,0.009231,0.001969
static_dark,left_controller,100282427056557,42.0,-0.017405,-0.005886,0.025176,-0.008254,0.006476,-0.004588
static_dark,left_controller,100284427056557,44.0,-0.012311,-0.005697,0.0224,-0.009401,0.000418,0.00568
static_dark,left_controller,100286427056557,46.0,-0.01327,-0.005241,0.022913,0.004428,-0.002874,0.004046
static_dark,left_controller,100288427056557,48.0,-0.01065,-0.000942,0.016129,-0.00012,0.000611,0.004041
static_dark,left_controller,100290427056557,50.0,-0.003268,0.002716,0.01354,0.002788,0.002953,0.006955
static_dark,left_controller,100292427056557,52.0,0.012632,0.006553,-0.00399,0.002502,0.007015,0.003946
static_dark,left_controller,100294427056557,54.0,0.01544,0.003589,-0.007083,0.009657,0.003765,-0.005002
static_dark,left_controller,100296427056557,56.0,0.018011,0.006247,-0.017554,0.001182,0.007363,-0.004617
static_dark,left_controller,100298427056557,58.0,0.023199,0.011555,-0.031051,-0.014285,0.019284,0.003471
static_dark,left_controller,100300427056557,60.0,-0.002701,0.050786,-0.020037,-0.007371,0.030046,-0.002355
static_dark,left_controller,100302427056557,62.0,0.008575,-0.010242,-0.00812,0.013133,-0.015039,-0.005326
static_dark,left_controller,100304427056557,64.0,0.009196,0.00149,-0.009717,-0.038297,0.029959,0.034565
static_dark,left_controller,100306427056557,66.0,-0.004777,-0.000432,0.003636,-0.03134,0.013886,0.026566
static_dark,left_controller,100308427056557,68.0,-0.005236,-0.003079,0.007364,-0.011848,0.006129,0.016386
static_dark,left_controller,100310427056557,70.0,-0.005315,-0.011532,0.005447,-0.017186,-0.001455,0.01772
static_dark,left_controller,100312427056557,72.0,-0.002099,-0.00097,0.002454,-0.012616,0.010686,0.010299
static_dark,left_controller,100314427056557,74.0,-0.006578,-0.008102,0.005854,0.003774,-0.007764,-0.000743
static_dark,left_controller,100316427056557,76.0,-0.001859,0.002828,0.002242,0.007904,-0.012537,0.006534
static_dark,left_controller,100318427056557,78.0,0.001289,-0.003391,0.006185,0.010581,-0.008304,0.010367
static_dark,left_controller,100320427056557,80.0,-0.004049,-0.007751,0.006048,0.005336,-0.003257,0.010902
static_dark,left_controller,100322427056557,82.0,-0.002854,-0.004366,0.004812,0.005679,0.001536,0.006922
static_dark,left_controller,100324427056557,84.0,-0.006763,0.003452,0.006468,-0.001367,0.005672,0.004122
static_dark,left_controller,100326427056557,86.0,-0.000705,-0.002606,0.010447,-0.000515,0.003249,0.003183
static_dark,left_controller,100328427056557,88.0,-0.005635,0.001055,0.008075,-0.008029,0.003397,0.004653
static_dark,left_controller,100330427056557,90.0,-0.002145,-0.000161,0.018214,-0.007296,-0.003186,0.014744
static_dark,left_controller,100332427056557,92.0,-0.018077,-0.008719,0.026589,-0.007677,-0.017752,0.016412
static_dark,left_controller,100334427056557,94.0,-0.029808,-0.03288,0.039858,-0.023154,-0.057656,0.043201
static_dark,left_controller,100336427056557,96.0,-0.063392,-0.070992,0.055802,-0.068532,-0.10288,0.06919
static_dark,left_controller,100338427056557,98.0,-0.029295,-0.037254,0.04346,-0.115073,-0.066461,0.075411
static_dark,left_controller,100340427056557,100.0,-0.017982,-0.025651,0.025984,-0.066892,-0.032385,0.054368
static_dark,left_controller,100342427056557,102.0,-0.012443,-0.069209,-0.018212,-0.008158,-0.023147,-0.008228
static_dark,left_controller,100344427056557,104.0,-0.011271,-0.034691,-0.006294,-0.040981,-0.01642,-0.050574
static_dark,left_controller,100346427056557,106.0,0.004737,-0.03244,-0.04241,-0.018409,-0.023288,-0.140929
static_dark,left_controller,100348427056557,108.0,0.009481,-0.028106,-0.037704,0.026646,-0.031986,-0.122757
static_dark,left_controller,100350427056557,110.0,0.016296,-0.036296,-0.067587,0.033463,-0.043665,-0.157551
static_dark,left_controller,100352427056557,112.0,0.013183,-0.003927,-0.030301,0.023326,-0.00258,-0.07037
static_dark,right_controller,100240427056557,0.0,0.005905,-0.011189,0.006059,-0.011901,-0.004218,-0.002769
static_dark,right_controller,100242427056557,2.0,0.007305,-0.009024,0.007735,-0.0035,-0.014499,0.008606
static_dark,right_controller,100244427056557,4.0,0.00706,-0.006821,0.007001,-0.000849,-0.010317,0.007239
static_dark,right_controller,100246427056557,6.0,0.001946,-0.007502,0.004191,-0.003471,0.003198,0.004367
static_dark,right_controller,100248427056557,8.0,-0.00577,-0.007191,0.003685,0.001576,-0.002227,0.009826
static_dark,right_controller,100250427056557,10.0,-0.004238,-0.005016,0.01282,-0.00053,-0.008068,0.015232
static_dark,right_controller,100252427056557,12.0,-0.006265,-0.00131,0.012486,0.001095,0.003253,0.016184
static_dark,right_controller,100254427056557,14.0,0.012791,0.015114,0.023307,0.025687,0.040537,0.030027
static_dark,right_controller,100256427056557,16.0,0.013711,0.042633,0.026315,0.026466,0.085364,0.038832
static_dark,right_controller,100258427056557,18.0,0.018541,0.029657,0.006056,-0.018292,0.034663,-0.012592
static_dark,right_controller,100260427056557,20.0,0.007627,0.008043,-0.001549,0.005637,0.017049,-0.002216
static_dark,right_controller,100262427056557,22.0,0.006728,0.009424,-0.009026,0.010105,0.031065,-0.018249
static_dark,right_controller,100264427056557,24.0,-0.000956,0.001356,0.004743,-0.01439,-0.003166,-0.002349
static_dark,right_controller,100266427056557,26.0,0.024688,0.017747,0.016912,0.014825,0.008282,0.02297
static_dark,right_controller,100268427056557,28.0,0.034358,0.020133,0.02644,0.016866,-0.009849,0.029536
static_dark,right_controller,100270427056557,30.0,0.033469,0.029132,0.023527,-0.035217,-0.006469,-0.011513
static_dark,right_controller,100272427056557,32.0,0.02296,0.005998,0.022945,-0.028114,-0.012072,-0.00137
static_dark,right_controller,100274427056557,34.0,0.024033,0.004198,0.014961,-0.005104,-0.016702,0.007346
static_dark,right_controller,100276427056557,36.0,0.013625,-0.010443,0.016945,-0.014467,-0.014775,-0.011156
static_dark,right_controller,100278427056557,38.0,0.054087,-0.006544,0.030519,-0.006535,-0.004245,-0.003468
static_dark,right_controller,100280427056557,40.0,0.047083,-0.01668,0.014682,0.008765,-0.019881,0.002968
static_dark,right_controller,100282427056557,42.0,0.043665,-0.015588,0.018857,0.008186,-0.013311,-0.000636
static_dark,right_controller,100284427056557,44.0,0.039785,-0.006516,0.018667,0.001499,-0.010026,0.003085
static_dark,right_controller,100286427056557,46.0,0.028942,0.00223,-0.003399,-0.000721,0.000195,-0.002795
static_dark,right_controller,100288427056557,48.0,0.002111,-0.001504,0.000766,0.020828,0.003523,0.012006
static_dark,right_controller,100290427056557,50.0,0.001698,-0.001168,0.005249,0.010384,0.005926,0.012852
static_dark,right_controller,100292427056557,52.0,0.007508,-0.007868,0.008461,0.012443,-0.002481,0.016595
static_dark,right_controller,100294427056557,54.0,0.008321,-0.000629,0.015653,0.016649,0.00099,0.02596
static_dark,right_controller,100296427056557,56.0,0.007201,-0.004399,0.017166,0.005834,-0.006122,0.021451
static_dark,right_controller,100298427056557,58.0,0.01756,0.009504,0.020739,0.001519,-0.01159,0.0179
static_dark,right_controller,100300427056557,60.0,0.017189,0.015198,0.030206,0.006059,0.007893,0.016783
static_dark,right_controller,100302427056557,62.0,0.000142,0.00644,0.025434,0.000365,0.011604,0.025281
static_dark,right_controller,100304427056557,64.0,0.001186,-0.009374,0.02311,-0.006702,-0.006946,0.019846
static_dark,right_controller,100306427056557,66.0,0.00667,-0.005141,0.022172,-0.003136,-0.004047,0.021742
static_dark,right_controller,100308427056557,68.0,0.006223,-0.013827,0.027533,-0.012042,-0.003675,0.005412
static_dark,right_controller,100310427056557,70.0,0.014652,-0.012967,0.022823,-0.0228,-0.012689,-0.003186
static_dark,right_controller,100312427056557,72.0,0.014209,-0.005898,0.008117,-0.020048,-0.015467,0.000331
static_dark,right_controller,100314427056557,74.0,0.015786,0.000879,0.000498,0.004778,0.003751,0.00411
static_dark,right_controller,100316427056557,76.0,0.014497,-0.004368,0.007071,0.018482,0.002833,0.004948
static_dark,right_controller,100318427056557,78.0,-0.003502,-0.002351,-0.001024,0.010151,-0.00962,0.019057
static_dark,right_controller,100320427056557,80.0,0.000129,0.005354,-0.005839,0.024541,-0.009256,0.017844
static_dark,right_controller,100322427056557,82.0,0.003548,-0.001217,0.005895,0.001444,-0.004845,0.021514
static_dark,right_controller,100324427056557,84.0,0.001148,-0.004588,0.010989,-0.014068,-0.003066,0.004329
static_dark,right_controller,100326427056557,86.0,0.003156,-0.006043,0.011509,-0.011555,0.00057,0.013618
static_dark,right_controller,100328427056557,88.0,0.006178,-0.015194,0.015155,-0.017306,-0.00446,0.011304
static_dark,right_controller,100330427056557,90.0,0.012108,-0.017467,0.027486,-0.020582,-0.007512,0.029945
static_dark,right_controller,100332427056557,92.0,0.012251,-0.016522,0.027071,0.004026,-0.000211,0.020287
static_dark,right_controller,100334427056557,94.0,0.044957,0.009373,0.044675,0.102457,0.027875,0.123536
static_dark,right_controller,100336427056557,96.0,0.141134,0.075168,0.098248,0.335912,0.30024,0.190959
static_dark,right_controller,100338427056557,98.0,0.067186,-0.016827,0.098775,0.276672,-0.002267,0.222432
static_dark,right_controller,100340427056557,100.0,0.029107,0.008376,0.075277,0.022633,0.08949,0.012458
static_dark,right_controller,100342427056557,102.0,0.031742,0.011982,0.123762,0.038223,0.103957,0.086412
static_dark,right_controller,100344427056557,104.0,0.028738,0.002538,0.130181,7.1e-05,0.058925,0.029736
static_dark,right_controller,100346427056557,106.0,0.027158,-0.005361,0.08018,0.006144,0.022236,0.026676
static_dark,right_controller,100348427056557,108.0,0.025979,0.002907,0.068405,-0.009834,0.015116,0.015029
static_dark,right_controller,100350427056557,110.0,0.032281,0.000562,0.059902,-0.003659,0.009792,0.007516
static_dark,right_controller,100352427056557,112.0,0.026653,-0.00307,0.031365,-0.007142,0.012349,-0.019529
