rec,dev,cadence,W,gravity,n_windows,sd_bg_median,sd_bg_p10,sd_bg_p90,sd_ba_median,sd_ba_p10,sd_ba_p90,corr_sdba_vs_rotspan,mean_nodes
static_dark,right,strong-only (real gaps),2,gravity known,22,0.0032794649275515037,0.0022695008427633693,0.005705351263186045,0.01174580683459522,0.006091602084939949,0.018110471533347695,-0.13211864531329318,38.72727272727273
static_dark,right,strong-only (real gaps),2,gravity uncertain 1deg (0.17 m/s^2),22,0.0032794649275515037,0.0022695008427633693,0.005705351263186045,0.06897543406022358,0.03349375028539353,0.1380215230760404,-0.47353488103068475,38.72727272727273
static_dark,right,strong-only (real gaps),5,gravity known,25,0.001200325752333334,0.000697519409902276,0.0021113177362757462,0.0014180775787216743,0.0006312152115874241,0.002592581075658917,-0.4639630338217157,83.8
static_dark,right,strong-only (real gaps),5,gravity uncertain 1deg (0.17 m/s^2),25,0.001200325752333334,0.000697519409902276,0.0021113177362757462,0.007862924620554141,0.004587304662336621,0.03783003931718478,-0.5774256957862082,83.8
static_dark,right,strong-only (real gaps),10,gravity known,24,0.0003931374253282259,0.00027811112911649093,0.0006841562636961063,0.0001973717841672182,0.0001291819070431568,0.00042090893020214513,0.19854465435075455,172.375
static_dark,right,strong-only (real gaps),10,gravity uncertain 1deg (0.17 m/s^2),24,0.0003931374253282259,0.00027811112911649093,0.0006841562636961063,0.001456661163030073,0.0009859483243758655,0.0025072777108475605,-0.12263446413608625,172.375
static_dark,right,strong-only (real gaps),20,gravity known,11,0.00014092912105785762,0.00012554967810645082,0.00018716885328326174,3.285468954623717e-05,2.7680129954170877e-05,4.172458364778247e-05,0.501810175514615,337.09090909090907
static_dark,right,strong-only (real gaps),20,gravity uncertain 1deg (0.17 m/s^2),11,0.00014092912105785762,0.00012554967810645082,0.00018716885328326174,0.00030881561317857854,0.00018542380547660598,0.000371674830686125,-0.08132083752332163,337.09090909090907
static_dark,right,strong-only (real gaps),30,gravity known,7,9.155253029379358e-05,6.082722633503374e-05,0.00011086166945580097,1.4256448302605367e-05,9.819372867399946e-06,1.7692006781289186e-05,0.13864740318849023,492.0
static_dark,right,strong-only (real gaps),30,gravity uncertain 1deg (0.17 m/s^2),7,9.155253029379358e-05,6.082722633503374e-05,0.00011086166945580097,0.00010764239780479179,7.887549988481928e-05,0.00015655431241153592,-0.30298130094188624,492.0
static_dark,right,strong-only (real gaps),60,gravity known,3,2.8282196761201466e-05,2.436846787337653e-05,3.571159157543728e-05,2.349403240796506e-06,1.9254073157104855e-06,3.67670566133208e-06,,1009.6666666666666
static_dark,right,strong-only (real gaps),60,gravity uncertain 1deg (0.17 m/s^2),3,2.8282196761201466e-05,2.436846787337653e-05,3.571159157543728e-05,2.2300885776629494e-05,1.6483964839601543e-05,4.32164026191874e-05,,1009.6666666666666
static_dark,right,all rows (22 ms),2,gravity known,26,0.0016216971836937643,0.0012512620521531992,0.0022097382448952934,0.0034505979833475086,0.002738120974408799,0.005935142221584182,-0.6148886891929111,107.53846153846153
static_dark,right,all rows (22 ms),2,gravity uncertain 1deg (0.17 m/s^2),26,0.0016216971836937643,0.0012512620521531992,0.0022097382448952934,0.02287999143479424,0.013861257856942507,0.05285886785462207,-0.7278747928848728,107.53846153846153
static_dark,right,all rows (22 ms),5,gravity known,25,0.0004940356161513377,0.0003432314004960163,0.0006681431086369276,0.0004882528075490965,0.0003061178813631776,0.0007732283758714112,0.33953196363728894,283.48
static_dark,right,all rows (22 ms),5,gravity uncertain 1deg (0.17 m/s^2),25,0.0004940356161513377,0.0003432314004960163,0.0006681431086369276,0.002770585607969262,0.0019446889737579352,0.005324126172828118,-0.4384701874535426,283.48
static_dark,right,all rows (22 ms),10,gravity known,24,0.00019682934655658707,0.00013418663130853155,0.00026807676705623186,9.047872199090427e-05,5.834280284920406e-05,0.00013897964072746264,0.10196937649468235,571.3333333333334
static_dark,right,all rows (22 ms),10,gravity uncertain 1deg (0.17 m/s^2),24,0.00019682934655658707,0.00013418663130853155,0.00026807676705623186,0.0006310598845495256,0.00047338558201429033,0.0009688209961999334,-0.1199648612608487,571.3333333333334
static_dark,right,all rows (22 ms),20,gravity known,11,6.974689430653008e-05,6.170775053842859e-05,9.064443622188948e-05,1.660172360967787e-05,1.3615940749253992e-05,2.1594868876820167e-05,-0.1092865793104939,1141.1818181818182
static_dark,right,all rows (22 ms),20,gravity uncertain 1deg (0.17 m/s^2),11,6.974689430653008e-05,6.170775053842859e-05,9.064443622188948e-05,0.00012802532079307703,8.397956509452909e-05,0.00016824926722757357,-0.19372889663814097,1141.1818181818182
static_dark,right,all rows (22 ms),30,gravity known,7,4.046695265307039e-05,3.592629940936742e-05,5.2327899406300544e-05,6.1029172378220076e-06,5.3673865524447185e-06,8.744607919472096e-06,0.28415762829808183,1708.0
static_dark,right,all rows (22 ms),30,gravity uncertain 1deg (0.17 m/s^2),7,4.046695265307039e-05,3.592629940936742e-05,5.2327899406300544e-05,4.8407446454059797e-05,4.0827520475766314e-05,6.738586110362297e-05,0.17877872647932022,1708.0
static_dark,right,all rows (22 ms),60,gravity known,3,1.4834215848739577e-05,1.46061609501654e-05,1.5556071525875817e-05,1.0679077891032463e-06,1.0566253130749076e-06,1.2442361798229191e-06,,3406.0
static_dark,right,all rows (22 ms),60,gravity uncertain 1deg (0.17 m/s^2),3,1.4834215848739577e-05,1.46061609501654e-05,1.5556071525875817e-05,1.1082200856723643e-05,9.132862970883872e-06,1.497001107124344e-05,,3406.0
static_dark,left,strong-only (real gaps),2,gravity known,6,0.003903118895812435,0.0025134352018474013,0.016462644359975985,0.011080581566520354,0.008277033039492312,0.08663326587625053,0.5750381552102277,33.333333333333336
static_dark,left,strong-only (real gaps),2,gravity uncertain 1deg (0.17 m/s^2),6,0.003903118895812435,0.0025134352018474013,0.016462644359975985,0.08132670972190742,0.03839126190365296,0.23805217979643517,0.5265317618696702,33.333333333333336
static_dark,left,strong-only (real gaps),5,gravity known,15,0.002056152988895649,0.0014171289427472272,0.007678091728708307,0.0022976729166890074,0.0014969007456380017,0.04668426720164737,-0.5998787639327265,33.53333333333333
static_dark,left,strong-only (real gaps),5,gravity uncertain 1deg (0.17 m/s^2),15,0.002056152988895649,0.0014171289427472272,0.007678091728708307,0.024213682860327462,0.006655294284181778,0.18428347194195613,-0.727737337576351,33.53333333333333
static_dark,left,strong-only (real gaps),10,gravity known,23,0.0012217852558163184,0.0006888524164870403,0.0015626132769682168,0.0007965859863098177,0.00040114471623513384,0.002024085236811984,-0.5007705033956936,45.34782608695652
static_dark,left,strong-only (real gaps),10,gravity uncertain 1deg (0.17 m/s^2),23,0.0012217852558163184,0.0006888524164870403,0.0015626132769682168,0.007845318862612024,0.002408161182822764,0.05637406266248193,-0.5108973709435221,45.34782608695652
static_dark,left,strong-only (real gaps),20,gravity known,11,0.0003820168555943193,0.00029219929140805755,0.0005535911926417991,0.00010231221598204362,8.331633753512118e-05,0.0001604837579320343,-0.08740431472390633,75.45454545454545
static_dark,left,strong-only (real gaps),20,gravity uncertain 1deg (0.17 m/s^2),11,0.0003820168555943193,0.00029219929140805755,0.0005535911926417991,0.0010363186715894909,0.0004969135819622903,0.0022321977065804296,-0.15511593895006312,75.45454545454545
static_dark,left,strong-only (real gaps),30,gravity known,7,0.00023441080745952703,0.0001757515201849629,0.00029374358773338253,4.64826860741368e-05,2.5755697556826432e-05,4.991109170778014e-05,-0.6063162389733469,108.14285714285714
static_dark,left,strong-only (real gaps),30,gravity uncertain 1deg (0.17 m/s^2),7,0.00023441080745952703,0.0001757515201849629,0.00029374358773338253,0.0003241898222428049,0.0002287830089138829,0.000536310883376858,-0.5796827048494793,108.14285714285714
static_dark,left,strong-only (real gaps),60,gravity known,3,8.00485051824578e-05,5.1136313376010356e-05,9.779167493536724e-05,6.796501118090592e-06,4.459787960302155e-06,8.496930126633811e-06,,209.33333333333334
static_dark,left,strong-only (real gaps),60,gravity uncertain 1deg (0.17 m/s^2),3,8.00485051824578e-05,5.1136313376010356e-05,9.779167493536724e-05,7.63876406434434e-05,3.9648349246702044e-05,8.898263163559487e-05,,209.33333333333334
static_dark,left,all rows (22 ms),2,gravity known,25,0.0014675591002302182,0.0012586009195078634,0.0021050754546229865,0.0033011171336087258,0.0028069407361232725,0.005405352058989127,-0.46818734670538575,110.04
static_dark,left,all rows (22 ms),2,gravity uncertain 1deg (0.17 m/s^2),25,0.0014675591002302182,0.0012586009195078634,0.0021050754546229865,0.021741616831794115,0.014135512217879046,0.04438026189408295,-0.6733213966958511,110.04
static_dark,left,all rows (22 ms),5,gravity known,25,0.0004874022009612996,0.0003306082435430549,0.0006941421550634259,0.0004161712113136411,0.00029730164798968175,0.0007331873323980807,0.24087334060231488,271.92
static_dark,left,all rows (22 ms),5,gravity uncertain 1deg (0.17 m/s^2),25,0.0004874022009612996,0.0003306082435430549,0.0006941421550634259,0.0025548989121857908,0.0017478122959046544,0.006153392310118526,-0.3857258150050098,271.92
static_dark,left,all rows (22 ms),10,gravity known,24,0.000182829404039268,0.00013384200359924716,0.00027810644539965186,8.631154625109668e-05,5.801623412824574e-05,0.00014764153639623665,0.09988442062358045,548.4583333333334
static_dark,left,all rows (22 ms),10,gravity uncertain 1deg (0.17 m/s^2),24,0.000182829404039268,0.00013384200359924716,0.00027810644539965186,0.0005917410851532278,0.00045306831596602536,0.0007858872878451998,-0.06599734880297173,548.4583333333334
static_dark,left,all rows (22 ms),20,gravity known,11,6.779472368579215e-05,5.562851119372513e-05,0.00010785074228850309,1.5343735556837514e-05,1.2223891101320486e-05,2.600000075883626e-05,0.21927498772314963,1098.909090909091
static_dark,left,all rows (22 ms),20,gravity uncertain 1deg (0.17 m/s^2),11,6.779472368579215e-05,5.562851119372513e-05,0.00010785074228850309,0.00013625856735007347,0.00011875034420335629,0.0001931833554904539,0.3979529846956092,1098.909090909091
static_dark,left,all rows (22 ms),30,gravity known,7,4.276808971546007e-05,3.104830725928649e-05,4.483387362574094e-05,6.533622381095275e-06,4.762136526827414e-06,7.4260535825068725e-06,0.0977649730364563,1646.857142857143
static_dark,left,all rows (22 ms),30,gravity uncertain 1deg (0.17 m/s^2),7,4.276808971546007e-05,3.104830725928649e-05,4.483387362574094e-05,5.506858397406439e-05,3.881785338036717e-05,7.144359635210661e-05,0.23247433444861942,1646.857142857143
static_dark,left,all rows (22 ms),60,gravity known,3,1.3461139839288067e-05,1.340723319225737e-05,1.3875119269543118e-05,9.956714775505473e-07,9.258675756180683e-07,1.0829033100204029e-06,,3284.0
static_dark,left,all rows (22 ms),60,gravity uncertain 1deg (0.17 m/s^2),3,1.3461139839288067e-05,1.340723319225737e-05,1.3875119269543118e-05,1.0653682974069494e-05,8.604751442741743e-06,1.3235519711030346e-05,,3284.0
walk_medium,right,strong-only (real gaps),2,gravity known,23,0.005866315753686401,0.003856141686891003,0.009995383869713732,0.01820237543139287,0.008417666296027788,0.039820172411819475,0.04586337342571809,29.130434782608695
walk_medium,right,strong-only (real gaps),2,gravity uncertain 1deg (0.17 m/s^2),23,0.005866315753686401,0.003856141686891003,0.009995383869713732,0.07195267306680134,0.044139641114166156,0.15688030779276035,-0.4638689618810939,29.130434782608695
walk_medium,right,strong-only (real gaps),5,gravity known,25,0.0018580882308649584,0.0011266568105539293,0.003440316950866028,0.00195870955626521,0.0010464358080691546,0.004015363364627296,0.05658655166044775,62.56
walk_medium,right,strong-only (real gaps),5,gravity uncertain 1deg (0.17 m/s^2),25,0.0018580882308649584,0.0011266568105539293,0.003440316950866028,0.00943144379843426,0.0063058902186623415,0.020332392443867753,-0.10437972255658116,62.56
walk_medium,right,strong-only (real gaps),10,gravity known,24,0.0007893513581107034,0.00045004927538571786,0.0010956857312760043,0.00042058142640872913,0.00022716813060946254,0.0008599685669958453,0.0647415836967782,127.83333333333333
walk_medium,right,strong-only (real gaps),10,gravity uncertain 1deg (0.17 m/s^2),24,0.0007893513581107034,0.00045004927538571786,0.0010956857312760043,0.0015813741689322002,0.0011662253617667556,0.0023289565258006305,-0.1300608950958777,127.83333333333333
walk_medium,right,strong-only (real gaps),20,gravity known,11,0.000311087451215224,0.00018306671108206745,0.0004274275943418283,7.737940221313187e-05,4.039608634740639e-05,0.0001398039079181277,-0.3054776362520159,263.1818181818182
walk_medium,right,strong-only (real gaps),20,gravity uncertain 1deg (0.17 m/s^2),11,0.000311087451215224,0.00018306671108206745,0.0004274275943418283,0.0002594196277824442,0.00012307347384006613,0.00044301035561027227,-0.6404931971992368,263.1818181818182
walk_medium,right,strong-only (real gaps),30,gravity known,7,0.00015056892163076353,0.00013300241583491586,0.00020879200686094515,2.6746014852253268e-05,2.133908810452454e-05,4.307665135103335e-05,-0.8656183784457658,396.14285714285717
walk_medium,right,strong-only (real gaps),30,gravity uncertain 1deg (0.17 m/s^2),7,0.00015056892163076353,0.00013300241583491586,0.00020879200686094515,0.00014698101393728494,6.507306103845308e-05,0.00017318855730466675,-0.4497327376143921,396.14285714285717
walk_medium,right,strong-only (real gaps),60,gravity known,3,7.183489270220237e-05,5.5691392951823484e-05,8.782078816855558e-05,5.967953689024448e-06,4.7096526729692855e-06,1.0149867083806887e-05,,799.0
walk_medium,right,strong-only (real gaps),60,gravity uncertain 1deg (0.17 m/s^2),3,7.183489270220237e-05,5.5691392951823484e-05,8.782078816855558e-05,2.5722528966992453e-05,2.002708190313123e-05,2.856756159431305e-05,,799.0
walk_medium,right,all rows (22 ms),2,gravity known,24,0.002663261510329099,0.001791058434030024,0.0037987722271383634,0.006693817913825062,0.004153773177117516,0.013856887490185602,0.2859747268040409,86.375
walk_medium,right,all rows (22 ms),2,gravity uncertain 1deg (0.17 m/s^2),24,0.002663261510329099,0.001791058434030024,0.0037987722271383634,0.028591525389724606,0.016623589541066835,0.057091848950689555,-0.530217384763538,86.375
walk_medium,right,all rows (22 ms),5,gravity known,25,0.0008954798215918203,0.0005841348055555644,0.0014153591435801336,0.0009561093021993926,0.0005578317931462906,0.0017793916948992522,0.15332562802953068,204.56
walk_medium,right,all rows (22 ms),5,gravity uncertain 1deg (0.17 m/s^2),25,0.0008954798215918203,0.0005841348055555644,0.0014153591435801336,0.0037976238639625634,0.002859229646518347,0.00642577064437861,0.028102714941904583,204.56
walk_medium,right,all rows (22 ms),10,gravity known,24,0.00038613645377206726,0.0002481733244749217,0.0005185729371005572,0.00020904724462703132,0.00011469796416852154,0.0003304412106857767,0.19001924517124288,412.7083333333333
walk_medium,right,all rows (22 ms),10,gravity uncertain 1deg (0.17 m/s^2),24,0.00038613645377206726,0.0002481733244749217,0.0005185729371005572,0.0007816404699009134,0.0005071529669323708,0.0010873682908832997,-0.06296520562853691,412.7083333333333
walk_medium,right,all rows (22 ms),20,gravity known,11,0.00017573829496239884,0.00010320070660725319,0.00020278379240985342,4.141207740065503e-05,2.4621447172209103e-05,6.378516075210618e-05,0.35711691326968587,835.0
walk_medium,right,all rows (22 ms),20,gravity uncertain 1deg (0.17 m/s^2),11,0.00017573829496239884,0.00010320070660725319,0.00020278379240985342,0.00011078815003005175,6.162732085722924e-05,0.00023762629769323468,0.07782952030841976,835.0
walk_medium,right,all rows (22 ms),30,gravity known,7,8.343471981264729e-05,7.45133777743371e-05,0.00010439639118082639,1.370494138258769e-05,1.1473963335077079e-05,2.1050058185451913e-05,-0.5442508323281892,1257.142857142857
walk_medium,right,all rows (22 ms),30,gravity uncertain 1deg (0.17 m/s^2),7,8.343471981264729e-05,7.45133777743371e-05,0.00010439639118082639,6.627816863939313e-05,3.439119794982579e-05,8.706056006943634e-05,-0.6594019319903314,1257.142857142857
walk_medium,right,all rows (22 ms),60,gravity known,3,3.6932236017247336e-05,3.1154644019382765e-05,4.5957604117856957e-05,2.9044802117392533e-06,2.5355356396587302e-06,4.958787715013301e-06,,2550.6666666666665
walk_medium,right,all rows (22 ms),60,gravity uncertain 1deg (0.17 m/s^2),3,3.6932236017247336e-05,3.1154644019382765e-05,4.5957604117856957e-05,1.4588601817779882e-05,1.016681763128115e-05,1.4813519465867191e-05,,2550.6666666666665
