rec,dev,W,gravity,tercile,rot_span_deg,sd_ba,sd_bg,mean_w
static_dark,left,10,gravity known,low rot,87.3949452812158,0.00145525603924005,0.00140524808890885,3.493019047657488
static_dark,left,10,gravity known,mid rot,145.01813733161933,0.0007965859863098,0.0012296824654285,3.095429303096732
static_dark,left,10,gravity known,high rot,175.91124792344505,0.0006030317124907,0.00108050767719835,3.603288405772707
static_dark,left,10,gravity uncertai,low rot,87.3949452812158,0.01519484137763925,0.00140524808890885,3.493019047657488
static_dark,left,10,gravity uncertai,mid rot,145.01813733161933,0.0070651988207507,0.0012296824654285,3.095429303096732
static_dark,left,10,gravity uncertai,high rot,175.91124792344505,0.00485933885806145,0.00108050767719835,3.603288405772707
static_dark,left,30,gravity known,low rot,171.7766678425556,4.8725371829089e-05,0.0002735861359303,2.746955142456808
static_dark,left,30,gravity known,mid rot,176.44958883311614,3.7171104854866706e-05,0.00021970121226255,3.1500079725305774
static_dark,left,30,gravity known,high rot,179.92753471228957,3.692936678040096e-05,0.00019210784828525,4.171046248795124
static_dark,left,30,gravity uncertai,low rot,171.7766678425556,0.0003241898222428,0.0002735861359303,2.746955142456808
static_dark,left,30,gravity uncertai,mid rot,176.44958883311614,0.00046436006026665,0.00021970121226255,3.1500079725305774
static_dark,left,30,gravity uncertai,high rot,179.92753471228957,0.00024007593911499998,0.00019210784828525,4.171046248795124
static_dark,right,10,gravity known,low rot,130.8947376713383,0.0001813860056503,0.0003712858037206,2.37435328402411
static_dark,right,10,gravity known,mid rot,159.13612333294185,0.00024897887096674996,0.00046106159174945003,3.526838807049895
static_dark,right,10,gravity known,high rot,179.52570559169448,0.00019241548993059998,0.0003744267235765,3.904127384486567
static_dark,right,10,gravity uncertai,low rot,130.8947376713383,0.0014245524976608,0.0003712858037206,2.37435328402411
static_dark,right,10,gravity uncertai,mid rot,159.13612333294185,0.0018774367172655,0.00046106159174945003,3.526838807049895
static_dark,right,10,gravity uncertai,high rot,179.52570559169448,0.00140361449670935,0.0003744267235765,3.904127384486567
static_dark,right,30,gravity known,low rot,154.26328752225584,1.1591316442209977e-05,8.492876712411252e-05,3.469451077208505
static_dark,right,30,gravity known,mid rot,159.56217191749374,1.621023004003974e-05,0.0001011192365257968,2.73220769331978
static_dark,right,30,gravity known,high rot,178.42559775068065,1.366266989405716e-05,7.691446090284023e-05,4.8820130971449816
static_dark,right,30,gravity uncertai,low rot,154.26328752225584,9.075612989591924e-05,8.492876712411252e-05,3.469451077208505
static_dark,right,30,gravity uncertai,mid rot,159.56217191749374,0.00012166930069625,0.0001011192365257968,2.73220769331978
static_dark,right,30,gravity uncertai,high rot,178.42559775068065,8.746155444001242e-05,7.691446090284023e-05,4.8820130971449816
walk_medium,right,10,gravity known,low rot,171.63506919925862,0.00054624215148015,0.00087630270338185,10.218502875958995
walk_medium,right,10,gravity known,mid rot,178.392050724621,0.00036124277000925,0.0006752028047685001,9.357023498207418
walk_medium,right,10,gravity known,high rot,179.74085917616486,0.00047742495089019997,0.0009322767732173999,10.099881790478683
walk_medium,right,10,gravity uncertai,low rot,171.63506919925862,0.00180279470245995,0.00087630270338185,10.218502875958995
walk_medium,right,10,gravity uncertai,mid rot,178.392050724621,0.0014861076512635999,0.0006752028047685001,9.357023498207418
walk_medium,right,10,gravity uncertai,high rot,179.74085917616486,0.0014718493704411,0.0009322767732173999,10.099881790478683
walk_medium,right,30,gravity known,low rot,179.6216997963772,3.005922520613849e-05,0.0001730152977788,9.415882413016613
walk_medium,right,30,gravity known,mid rot,179.73296308777742,2.5422072813422753e-05,0.00014930848340819999,9.803002799200634
walk_medium,right,30,gravity known,high rot,179.84343705338785,2.8452091375122913e-05,0.0001500732274156,9.712638933674272
walk_medium,right,30,gravity uncertai,low rot,179.6216997963772,0.00015049243095,0.0001730152977788,9.415882413016613
walk_medium,right,30,gravity uncertai,mid rot,179.73296308777742,0.00016223435372714998,0.00014930848340819999,9.803002799200634
walk_medium,right,30,gravity uncertai,high rot,179.84343705338785,7.862874188094956e-05,0.0001500732274156,9.712638933674272
