rot_amp_deg,W,gravity,sd_ba,sd_bg
0,10,gravity known,0.00010270484895689451,0.0002287788145075942
0,10,gravity +-1deg,0.03568149948037464,0.0002287788145075942
0,30,gravity known,5.863657352328828e-06,3.904228085092663e-05
0,30,gravity +-1deg,0.007560198827109024,3.904228085092663e-05
5,10,gravity known,0.0001028336240892006,0.00022905266824792102
5,10,gravity +-1deg,0.02471299417954179,0.00022905266824792102
5,30,gravity known,5.87111253054147e-06,3.9091729047588394e-05
5,30,gravity +-1deg,0.006640930907300927,3.9091729047588394e-05
15,10,gravity known,0.00010387985499531664,0.00023127524388301212
15,10,gravity +-1deg,0.021040400681548294,0.00023127524388301212
15,30,gravity known,5.931702135947588e-06,3.949356482567748e-05
15,30,gravity +-1deg,0.005087151903575745,3.949356482567748e-05
30,10,gravity known,0.00010763189683879313,0.0002392118972625268
30,10,gravity +-1deg,0.02069551131600462,0.0002392118972625268
30,30,gravity known,6.14928669112712e-06,4.093603482413526e-05
30,30,gravity +-1deg,0.004606488137295544,4.093603482413526e-05
60,10,gravity known,0.0001268413510701874,0.0002790340112032575
60,10,gravity +-1deg,0.020630090110393132,0.0002790340112032575
60,30,gravity known,7.270573412110266e-06,4.8355203507971183e-05
60,30,gravity +-1deg,0.004443914937241891,4.8355203507971183e-05
120,10,gravity known,0.00045657153810877956,0.0007518852207896381
120,10,gravity +-1deg,0.02061928098411118,0.0007518852207896381
120,30,gravity known,2.8378609970860962e-05,0.00018082986934285264
120,30,gravity +-1deg,0.004415458101713702,0.00018082986934285264
180,10,gravity known,0.0002797172006461892,0.0006196666873450133
180,10,gravity +-1deg,0.020667567071753296,0.0006196666873450133
180,30,gravity known,1.6092466843342583e-05,0.00010650327583986064
180,30,gravity +-1deg,0.004543574205988875,0.00010650327583986064
3axis-15,10,gravity known,0.00010625698021369994,0.0002364933157096631
3axis-15,10,gravity +-1deg,0.005239893024872175,0.0002364933157096631
3axis-15,30,gravity known,6.069562926198265e-06,4.0403046945993174e-05
3axis-15,30,gravity +-1deg,0.001973582568451645,4.0403046945993174e-05
3axis-30,10,gravity known,0.00011807311072010335,0.00026211113136116406
3axis-30,10,gravity +-1deg,0.0025366634669975875,0.00026211113136116406
3axis-30,30,gravity known,6.7527270512549355e-06,4.4910558120529375e-05
3axis-30,30,gravity +-1deg,0.0007821280160725088,4.4910558120529375e-05
3axis-60,10,gravity known,0.00020572333565466332,0.00042517470224793434
3axis-60,10,gravity +-1deg,0.0013127279504221408,0.00042517470224793434
3axis-60,30,gravity known,1.0982299214668243e-05,7.249739623903622e-05
3axis-60,30,gravity +-1deg,0.0002990472513278965,7.249739623903622e-05
3axis-90,10,gravity known,0.000566151994498543,0.0009594236951794661
3axis-90,10,gravity +-1deg,0.0010525869055724691,0.0009594236951794661
3axis-90,30,gravity known,3.873866885831532e-05,0.00023027993860626867
3axis-90,30,gravity +-1deg,0.00018973502748976655,0.00023027993860626867
