rec,dev,W,gravity,t0,n,sd_bg,sd_ba,mean_w,rot_span_deg,sv_min
static_dark,right,2,gravity known,8.283333333333333,47,0.0033399691313628827,0.014849988132622718,2.232341955695279,131.33345016717425,0.7586188795133934
static_dark,right,2,gravity known,13.283333333333333,22,0.004972134787526952,0.018199326595853018,1.0891362366206543,68.43764950456195,0.9346731105420151
static_dark,right,2,gravity known,18.28333333333333,33,0.0030238529122963305,0.013354254034003135,2.69406611500196,106.6102661253434,0.8575579657402339
static_dark,right,2,gravity known,28.28333333333333,31,0.004761802137846727,0.008758821249546862,2.909637846462245,113.85093331929774,0.2337462767612378
static_dark,right,2,gravity known,33.28333333333333,16,0.006417053224486921,0.01731077597079977,6.516716577472211,140.63523013493742,0.3068981449407332
static_dark,right,2,gravity known,38.28333333333333,59,0.0032670685674876447,0.012265736815926402,4.0359929325703305,178.82636459510113,0.30012647215852867
static_dark,right,2,gravity known,43.28333333333333,78,0.002136742533390025,0.006654668263685039,1.7074344313441567,87.03585257365661,0.8327639377899251
static_dark,right,2,gravity known,48.28333333333333,34,0.005337759908881714,0.014995732067310906,3.635017030540619,139.01530616243005,0.5404565160284979
static_dark,right,2,gravity known,53.28333333333333,14,0.002333881986430704,0.02945615576083237,2.1061055015627193,60.974030871034266,0.966595216159682
static_dark,right,2,gravity known,58.28333333333333,77,0.0020863727466861144,0.005075390789937543,3.168148084713633,143.35298051479822,0.36546758066966795
static_dark,right,2,gravity known,63.28333333333333,32,0.0032918612876153626,0.006380225405819319,1.4446492353289306,164.19292191341503,0.3914035444689927
static_dark,right,2,gravity known,68.28333333333333,41,0.003335974202338145,0.00674505960897836,1.8549598168185646,134.23055291018974,0.2784170300990174
static_dark,right,2,gravity known,73.28333333333333,38,0.0025922344016294624,0.006851376435953534,3.1619602505232756,156.15976300680964,0.43473533475798726
static_dark,right,2,gravity known,78.28333333333333,31,0.004669052288769663,0.01725315847217853,4.477694338939083,116.42941885027328,0.34261222885018816
static_dark,right,2,gravity known,83.28333333333333,7,0.01011160322700947,0.05788873722062897,3.5007925474583432,145.0209752631096,0.6475757670881902
static_dark,right,2,gravity known,88.28333333333333,24,0.003170535383611356,0.011508271954683487,3.582974813736963,85.92104554618871,0.8444760029552717
static_dark,right,2,gravity known,93.28333333333333,45,0.0022623473823558875,0.006059532827064463,6.539851839915798,95.95062670875916,0.6302984777588658
static_dark,right,2,gravity known,98.28333333333333,22,0.005159037592090394,0.011983341714506955,5.730912565079025,179.80342808276595,0.35501794262805386
static_dark,right,2,gravity known,103.28333333333333,49,0.005746194746997636,0.012229550664090583,5.533121391249753,179.3768790328387,0.09316012041977499
static_dark,right,2,gravity known,108.28333333333333,57,0.002737929783846939,0.007922571481938038,3.6502210426171318,134.49407327540487,0.4840074327862233
static_dark,right,2,gravity known,113.28333333333333,52,0.0026383804301152755,0.007088168189221349,5.630711319367525,138.73465748685,0.3754568157732992
static_dark,right,2,gravity known,118.28333333333333,43,0.0030413337662104963,0.0057562674399068035,3.6433812047291467,164.44487273336748,0.479181065185582
static_dark,right,2,gravity uncertain 1deg (0.17 m/s^2),8.283333333333333,47,0.0033399691313628827,0.10698628489087136,2.232341955695279,131.33345016717425,0.7586188795133934
static_dark,right,2,gravity uncertain 1deg (0.17 m/s^2),13.283333333333333,22,0.004972134787526952,0.14146988287439244,1.0891362366206543,68.43764950456195,0.9346731105420151
static_dark,right,2,gravity uncertain 1deg (0.17 m/s^2),18.28333333333333,33,0.0030238529122963305,0.10555462746915983,2.69406611500196,106.6102661253434,0.8575579657402339
static_dark,right,2,gravity uncertain 1deg (0.17 m/s^2),28.28333333333333,31,0.004761802137846727,0.09323225933215862,2.909637846462245,113.85093331929774,0.2337462767612378
static_dark,right,2,gravity uncertain 1deg (0.17 m/s^2),33.28333333333333,16,0.006417053224486921,0.07774324664529575,6.516716577472211,140.63523013493742,0.3068981449407332
static_dark,right,2,gravity uncertain 1deg (0.17 m/s^2),38.28333333333333,59,0.0032670685674876447,0.06580237261971995,4.0359929325703305,178.82636459510113,0.30012647215852867
static_dark,right,2,gravity uncertain 1deg (0.17 m/s^2),43.28333333333333,78,0.002136742533390025,0.0721484955007272,1.7074344313441567,87.03585257365661,0.8327639377899251
static_dark,right,2,gravity uncertain 1deg (0.17 m/s^2),48.28333333333333,34,0.005337759908881714,0.07994553990540193,3.635017030540619,139.01530616243005,0.5404565160284979
static_dark,right,2,gravity uncertain 1deg (0.17 m/s^2),53.28333333333333,14,0.002333881986430704,0.15742903345878093,2.1061055015627193,60.974030871034266,0.966595216159682
static_dark,right,2,gravity uncertain 1deg (0.17 m/s^2),58.28333333333333,77,0.0020863727466861144,0.019995835903425796,3.168148084713633,143.35298051479822,0.36546758066966795
static_dark,right,2,gravity uncertain 1deg (0.17 m/s^2),63.28333333333333,32,0.0032918612876153626,0.04441757882669509,1.4446492353289306,164.19292191341503,0.3914035444689927
static_dark,right,2,gravity uncertain 1deg (0.17 m/s^2),68.28333333333333,41,0.003335974202338145,0.04514967934633206,1.8549598168185646,134.23055291018974,0.2784170300990174
static_dark,right,2,gravity uncertain 1deg (0.17 m/s^2),73.28333333333333,38,0.0025922344016294624,0.054230050084562435,3.1619602505232756,156.15976300680964,0.43473533475798726
static_dark,right,2,gravity uncertain 1deg (0.17 m/s^2),78.28333333333333,31,0.004669052288769663,0.0818552631539775,4.477694338939083,116.42941885027328,0.34261222885018816
static_dark,right,2,gravity uncertain 1deg (0.17 m/s^2),83.28333333333333,7,0.01011160322700947,0.2066735162027844,3.5007925474583432,145.0209752631096,0.6475757670881902
static_dark,right,2,gravity uncertain 1deg (0.17 m/s^2),88.28333333333333,24,0.003170535383611356,0.08836412497493096,3.582974813736963,85.92104554618871,0.8444760029552717
static_dark,right,2,gravity uncertain 1deg (0.17 m/s^2),93.28333333333333,45,0.0022623473823558875,0.06537469314703191,6.539851839915798,95.95062670875916,0.6302984777588658
static_dark,right,2,gravity uncertain 1deg (0.17 m/s^2),98.28333333333333,22,0.005159037592090394,0.06296598940666902,5.730912565079025,179.80342808276595,0.35501794262805386
static_dark,right,2,gravity uncertain 1deg (0.17 m/s^2),103.28333333333333,49,0.005746194746997636,0.04634298939438233,5.533121391249753,179.3768790328387,0.09316012041977499
static_dark,right,2,gravity uncertain 1deg (0.17 m/s^2),108.28333333333333,57,0.002737929783846939,0.0309144422322573,3.6502210426171318,134.49407327540487,0.4840074327862233
static_dark,right,2,gravity uncertain 1deg (0.17 m/s^2),113.28333333333333,52,0.0026383804301152755,0.03242048211474842,5.630711319367525,138.73465748685,0.3754568157732992
static_dark,right,2,gravity uncertain 1deg (0.17 m/s^2),118.28333333333333,43,0.0030413337662104963,0.04315316382119951,3.6433812047291467,164.44487273336748,0.479181065185582
static_dark,right,5,gravity known,-1.7166666666666668,10,0.003321567526659057,0.0029566624265889886,2.2658798190350646,113.7046198286191,0.6944323153865632
static_dark,right,5,gravity known,3.283333333333333,83,0.001300885600461102,0.0015842532112580758,1.6130574817974312,76.5792134581218,0.7022605694238689
static_dark,right,5,gravity known,8.283333333333333,146,0.0005901771494372831,0.0007482425860722869,1.9451923419155017,139.45515307398819,0.7081970783554851
static_dark,right,5,gravity known,13.283333333333333,82,0.0007521650305302133,0.0009626749972019397,2.422507016070833,114.75928086746251,0.5251289975830293
static_dark,right,5,gravity known,18.28333333333333,44,0.0017774713610433077,0.002046459049263806,2.8202570669684413,170.65342036141243,0.09080472989021857
static_dark,right,5,gravity known,23.28333333333333,49,0.0014189464031443468,0.0016527531801109553,2.2405507900894013,121.0970147112869,0.6481601218300761
static_dark,right,5,gravity known,28.28333333333333,85,0.0015811866919952025,0.0019853926434278235,3.362052258065409,113.85093331929774,0.30939895942787793
static_dark,right,5,gravity known,33.28333333333333,54,0.0014269418088686092,0.0015242866959459859,5.899273307625741,150.4825414638903,0.29426409312619317
static_dark,right,5,gravity known,38.28333333333333,88,0.001453700420576864,0.0017073533196244395,4.1378241474629105,178.82636459510113,0.31984745844182055
static_dark,right,5,gravity known,43.28333333333333,121,0.0007532245827396417,0.0006778419671167352,1.8411231016319802,117.46122075349852,0.5144600822209621
static_dark,right,5,gravity known,48.28333333333333,41,0.0011164163889351604,0.0018295042254867068,3.208954720225147,155.28299729095548,0.3986197213051903
static_dark,right,5,gravity known,53.28333333333333,14,0.002333881986430704,0.02945615576083237,2.1061055015627193,60.974030871034266,0.966595216159682
static_dark,right,5,gravity known,58.28333333333333,121,0.0010175618619389167,0.0014180775787216743,3.640627001901638,153.291190125642,0.24836292527787138
static_dark,right,5,gravity known,63.28333333333333,80,0.0012581362441663275,0.0010437041665774555,3.468669424804385,179.67453215055022,0.30168080816579895
static_dark,right,5,gravity known,68.28333333333333,146,0.0007889935449667101,0.0006748452499480897,3.0216616010641784,134.23055291018974,0.3286218200334468
static_dark,right,5,gravity known,73.28333333333333,131,0.000748889945993364,0.0006021285193469804,3.698574234499039,162.26377174131466,0.5337615176925268
static_dark,right,5,gravity known,78.28333333333333,69,0.001430532215956478,0.0016328400919102444,3.441951277993793,116.42941885027328,0.43525005637011766
static_dark,right,5,gravity known,83.28333333333333,27,0.0010671193486212322,0.0012672876460262167,4.084631127663597,145.31913515504405,0.5610729260044315
static_dark,right,5,gravity known,88.28333333333333,64,0.0006632723858415507,0.00059231175199066,4.241257350389747,85.92104554618871,0.8644512805281348
static_dark,right,5,gravity known,93.28333333333333,123,0.0009129490986028349,0.0008276648980713949,6.27391148804876,146.8708708435931,0.28390781763855844
static_dark,right,5,gravity known,98.28333333333333,53,0.0013960491295835899,0.0014185409870128023,6.1329128741401435,179.67932773808585,0.17200891739116328
static_dark,right,5,gravity known,103.28333333333333,118,0.001200325752333334,0.0013196899239045256,5.9254558541056666,179.3768790328387,0.10936544417605597
static_dark,right,5,gravity known,108.28333333333333,160,0.0009025410063294259,0.001083509481359628,4.268529168139914,171.26519917953786,0.2075445808147703
static_dark,right,5,gravity known,113.28333333333333,143,0.0006420715683465717,0.0005471729831919062,4.119542767842939,149.23595505651508,0.45581640906074206
static_dark,right,5,gravity known,118.28333333333333,43,0.0030413337662104963,0.0057562674399068035,3.6433812047291467,164.44487273336748,0.479181065185582
static_dark,right,5,gravity uncertain 1deg (0.17 m/s^2),-1.7166666666666668,10,0.003321567526659057,0.08550988418947839,2.2658798190350646,113.7046198286191,0.6944323153865632
static_dark,right,5,gravity uncertain 1deg (0.17 m/s^2),3.283333333333333,83,0.001300885600461102,0.029845352561162632,1.6130574817974312,76.5792134581218,0.7022605694238689
static_dark,right,5,gravity uncertain 1deg (0.17 m/s^2),8.283333333333333,146,0.0005901771494372831,0.007862924620554141,1.9451923419155017,139.45515307398819,0.7081970783554851
static_dark,right,5,gravity uncertain 1deg (0.17 m/s^2),13.283333333333333,82,0.0007521650305302133,0.007340090794246689,2.422507016070833,114.75928086746251,0.5251289975830293
static_dark,right,5,gravity uncertain 1deg (0.17 m/s^2),18.28333333333333,44,0.0017774713610433077,0.0070911062617704055,2.8202570669684413,170.65342036141243,0.09080472989021857
static_dark,right,5,gravity uncertain 1deg (0.17 m/s^2),23.28333333333333,49,0.0014189464031443468,0.01296424462599828,2.2405507900894013,121.0970147112869,0.6481601218300761
static_dark,right,5,gravity uncertain 1deg (0.17 m/s^2),28.28333333333333,85,0.0015811866919952025,0.008704490191410785,3.362052258065409,113.85093331929774,0.30939895942787793
static_dark,right,5,gravity uncertain 1deg (0.17 m/s^2),33.28333333333333,54,0.0014269418088686092,0.006230066546876369,5.899273307625741,150.4825414638903,0.29426409312619317
static_dark,right,5,gravity uncertain 1deg (0.17 m/s^2),38.28333333333333,88,0.001453700420576864,0.008484699483973453,4.1378241474629105,178.82636459510113,0.31984745844182055
static_dark,right,5,gravity uncertain 1deg (0.17 m/s^2),43.28333333333333,121,0.0007532245827396417,0.007189804882958206,1.8411231016319802,117.46122075349852,0.5144600822209621
static_dark,right,5,gravity uncertain 1deg (0.17 m/s^2),48.28333333333333,41,0.0011164163889351604,0.008900549366443501,3.208954720225147,155.28299729095548,0.3986197213051903
static_dark,right,5,gravity uncertain 1deg (0.17 m/s^2),53.28333333333333,14,0.002333881986430704,0.15742903345878093,2.1061055015627193,60.974030871034266,0.966595216159682
static_dark,right,5,gravity uncertain 1deg (0.17 m/s^2),58.28333333333333,121,0.0010175618619389167,0.005246654081561822,3.640627001901638,153.291190125642,0.24836292527787138
static_dark,right,5,gravity uncertain 1deg (0.17 m/s^2),63.28333333333333,80,0.0012581362441663275,0.0046278338504527295,3.468669424804385,179.67453215055022,0.30168080816579895
static_dark,right,5,gravity uncertain 1deg (0.17 m/s^2),68.28333333333333,146,0.0007889935449667101,0.0028186279913387465,3.0216616010641784,134.23055291018974,0.3286218200334468
static_dark,right,5,gravity uncertain 1deg (0.17 m/s^2),73.28333333333333,131,0.000748889945993364,0.00735402715400686,3.698574234499039,162.26377174131466,0.5337615176925268
static_dark,right,5,gravity uncertain 1deg (0.17 m/s^2),78.28333333333333,69,0.001430532215956478,0.010028830635339247,3.441951277993793,116.42941885027328,0.43525005637011766
static_dark,right,5,gravity uncertain 1deg (0.17 m/s^2),83.28333333333333,27,0.0010671193486212322,0.015476555763991873,4.084631127663597,145.31913515504405,0.5610729260044315
static_dark,right,5,gravity uncertain 1deg (0.17 m/s^2),88.28333333333333,64,0.0006632723858415507,0.023147623513147912,4.241257350389747,85.92104554618871,0.8644512805281348
static_dark,right,5,gravity uncertain 1deg (0.17 m/s^2),93.28333333333333,123,0.0009129490986028349,0.006467022458989975,6.27391148804876,146.8708708435931,0.28390781763855844
static_dark,right,5,gravity uncertain 1deg (0.17 m/s^2),98.28333333333333,53,0.0013960491295835899,0.008348430866883798,6.1329128741401435,179.67932773808585,0.17200891739116328
static_dark,right,5,gravity uncertain 1deg (0.17 m/s^2),103.28333333333333,118,0.001200325752333334,0.004511393810146293,5.9254558541056666,179.3768790328387,0.10936544417605597
static_dark,right,5,gravity uncertain 1deg (0.17 m/s^2),108.28333333333333,160,0.0009025410063294259,0.004560285203592548,4.268529168139914,171.26519917953786,0.2075445808147703
static_dark,right,5,gravity uncertain 1deg (0.17 m/s^2),113.28333333333333,143,0.0006420715683465717,0.006717884673602046,4.119542767842939,149.23595505651508,0.45581640906074206
static_dark,right,5,gravity uncertain 1deg (0.17 m/s^2),118.28333333333333,43,0.0030413337662104963,0.04315316382119951,3.6433812047291467,164.44487273336748,0.479181065185582
static_dark,right,10,gravity known,-1.7166666666666668,93,0.0006912961905708239,0.00045977406109307345,1.6832534320380375,136.80535758780564,0.5063394022205101
static_dark,right,10,gravity known,3.283333333333333,229,0.0002832966219437862,0.00017016696787712163,1.8248115847548037,103.44674465579928,0.5242494720626091
static_dark,right,10,gravity known,8.283333333333333,228,0.0002097108381686468,0.00010377358510673459,2.1168581457783837,139.45515307398819,0.5980864048328047
static_dark,right,10,gravity known,13.283333333333333,126,0.0005041865962904094,0.00019260504342356888,2.561403859241426,124.98411775487097,0.28284893956849655
static_dark,right,10,gravity known,18.28333333333333,93,0.00040537062770403117,0.00025987433168228293,2.51482042646228,170.65342036141243,0.23491698895958593
static_dark,right,10,gravity known,23.28333333333333,134,0.0007479728933987109,0.0004152777055035339,2.9519509749995545,175.00564556592408,0.38633479106591856
static_dark,right,10,gravity known,28.28333333333333,139,0.0004797106001005914,0.00023808341025134734,4.347735255736328,147.81892994980524,0.2650666388655911
static_dark,right,10,gravity known,33.28333333333333,142,0.0006883633023608381,0.0004233223122158357,4.807671011186803,179.77813982565314,0.2894734362998483
static_dark,right,10,gravity known,38.28333333333333,209,0.0003084011661520793,0.00015430759144328658,2.8081551209292144,178.82636459510113,0.3789510289134881
static_dark,right,10,gravity known,43.28333333333333,162,0.00038337027868413253,0.00019616328637103332,2.187302708806794,121.6417011204232,0.37979725617019616
static_dark,right,10,gravity known,48.28333333333333,55,0.0005999524994662997,0.0004988935337190795,2.92822946456562,155.28299729095548,0.5291366107087051
static_dark,right,10,gravity known,53.28333333333333,135,0.00038461113987646684,0.00012548112848017803,3.4814914389035265,164.95517348469943,0.4461915518922967
static_dark,right,10,gravity known,58.28333333333333,201,0.0004555646339067129,0.00021034339635200207,3.572186175196264,153.291190125642,0.2638940541064795
static_dark,right,10,gravity known,63.28333333333333,226,0.00038552421511580065,0.00020089479997255878,3.1798944590253138,179.67453215055022,0.30484632193863376
static_dark,right,10,gravity known,68.28333333333333,277,0.0002758887750476501,0.00013819036182848997,3.341789958392579,162.98924937492822,0.4017819908449883
static_dark,right,10,gravity known,73.28333333333333,200,0.000363329232037281,0.0001839361798887638,3.6100393145047294,171.58907707109955,0.44668331534588307
static_dark,right,10,gravity known,78.28333333333333,96,0.00040075063554065104,0.0001985802819634031,3.622704985713425,116.42941885027328,0.48746629348851545
static_dark,right,10,gravity known,83.28333333333333,91,0.0003592013287571162,0.00013781705702344061,4.194785833756713,145.31913515504405,0.6469290237546154
static_dark,right,10,gravity known,88.28333333333333,187,0.0002565932469656366,0.00010650920725905704,5.578243761791129,137.40388865403872,0.5120496606439405
static_dark,right,10,gravity known,93.28333333333333,176,0.0005862857007208948,0.00029349150420353006,6.231451678178552,146.8708708435931,0.21922818247952264
static_dark,right,10,gravity known,98.28333333333333,171,0.0006743398401450653,0.0003764326384532732,5.989755398326879,179.67932773808585,0.12751058328359344
static_dark,right,10,gravity known,103.28333333333333,278,0.00035323462376375876,0.00015058346883966705,4.9718289844850885,179.3768790328387,0.18727404127078787
static_dark,right,10,gravity known,108.28333333333333,303,0.00032110627832552814,0.000170790285663115,4.198215454468404,179.92181820883818,0.3039102701787327
static_dark,right,10,gravity known,113.28333333333333,186,0.00046655854959227826,0.0003253716516544926,4.009462406477922,167.94036075914613,0.43236393357306646
static_dark,right,10,gravity uncertain 1deg (0.17 m/s^2),-1.7166666666666668,93,0.0006912961905708239,0.003809402632285612,1.6832534320380375,136.80535758780564,0.5063394022205101
static_dark,right,10,gravity uncertain 1deg (0.17 m/s^2),3.283333333333333,229,0.0002832966219437862,0.0013004807205396292,1.8248115847548037,103.44674465579928,0.5242494720626091
static_dark,right,10,gravity uncertain 1deg (0.17 m/s^2),8.283333333333333,228,0.0002097108381686468,0.0013941840724245283,2.1168581457783837,139.45515307398819,0.5980864048328047
static_dark,right,10,gravity uncertain 1deg (0.17 m/s^2),13.283333333333333,126,0.0005041865962904094,0.0012692351180911012,2.561403859241426,124.98411775487097,0.28284893956849655
static_dark,right,10,gravity uncertain 1deg (0.17 m/s^2),18.28333333333333,93,0.00040537062770403117,0.0016566962761234072,2.51482042646228,170.65342036141243,0.23491698895958593
static_dark,right,10,gravity uncertain 1deg (0.17 m/s^2),23.28333333333333,134,0.0007479728933987109,0.002002380259476371,2.9519509749995545,175.00564556592408,0.38633479106591856
static_dark,right,10,gravity uncertain 1deg (0.17 m/s^2),28.28333333333333,139,0.0004797106001005914,0.00245404354928444,4.347735255736328,147.81892994980524,0.2650666388655911
static_dark,right,10,gravity uncertain 1deg (0.17 m/s^2),33.28333333333333,142,0.0006883633023608381,0.001444069757887508,4.807671011186803,179.77813982565314,0.2894734362998483
static_dark,right,10,gravity uncertain 1deg (0.17 m/s^2),38.28333333333333,209,0.0003084011661520793,0.0007137260189982261,2.8081551209292144,178.82636459510113,0.3789510289134881
static_dark,right,10,gravity uncertain 1deg (0.17 m/s^2),43.28333333333333,162,0.00038337027868413253,0.001130608849359947,2.187302708806794,121.6417011204232,0.37979725617019616
static_dark,right,10,gravity uncertain 1deg (0.17 m/s^2),48.28333333333333,55,0.0005999524994662997,0.004284395796750256,2.92822946456562,155.28299729095548,0.5291366107087051
static_dark,right,10,gravity uncertain 1deg (0.17 m/s^2),53.28333333333333,135,0.00038461113987646684,0.0013443045533808194,3.4814914389035265,164.95517348469943,0.4461915518922967
static_dark,right,10,gravity uncertain 1deg (0.17 m/s^2),58.28333333333333,201,0.0004555646339067129,0.002050810640069609,3.572186175196264,153.291190125642,0.2638940541064795
static_dark,right,10,gravity uncertain 1deg (0.17 m/s^2),63.28333333333333,226,0.00038552421511580065,0.0013631592355312747,3.1798944590253138,179.67453215055022,0.30484632193863376
static_dark,right,10,gravity uncertain 1deg (0.17 m/s^2),68.28333333333333,277,0.0002758887750476501,0.0010138279541232794,3.341789958392579,162.98924937492822,0.4017819908449883
static_dark,right,10,gravity uncertain 1deg (0.17 m/s^2),73.28333333333333,200,0.000363329232037281,0.0014584014031630277,3.6100393145047294,171.58907707109955,0.44668331534588307
static_dark,right,10,gravity uncertain 1deg (0.17 m/s^2),78.28333333333333,96,0.00040075063554065104,0.001541367044820078,3.622704985713425,116.42941885027328,0.48746629348851545
static_dark,right,10,gravity uncertain 1deg (0.17 m/s^2),83.28333333333333,91,0.0003592013287571162,0.002487801122185995,4.194785833756713,145.31913515504405,0.6469290237546154
static_dark,right,10,gravity uncertain 1deg (0.17 m/s^2),88.28333333333333,187,0.0002565932469656366,0.0014549209228971187,5.578243761791129,137.40388865403872,0.5120496606439405
static_dark,right,10,gravity uncertain 1deg (0.17 m/s^2),93.28333333333333,176,0.0005862857007208948,0.0017040627944614438,6.231451678178552,146.8708708435931,0.21922818247952264
static_dark,right,10,gravity uncertain 1deg (0.17 m/s^2),98.28333333333333,171,0.0006743398401450653,0.0009494455165045168,5.989755398326879,179.67932773808585,0.12751058328359344
static_dark,right,10,gravity uncertain 1deg (0.17 m/s^2),103.28333333333333,278,0.00035323462376375876,0.0009739999116269739,4.9718289844850885,179.3768790328387,0.18727404127078787
static_dark,right,10,gravity uncertain 1deg (0.17 m/s^2),108.28333333333333,303,0.00032110627832552814,0.001682754105811319,4.198215454468404,179.92181820883818,0.3039102701787327
static_dark,right,10,gravity uncertain 1deg (0.17 m/s^2),113.28333333333333,186,0.00046655854959227826,0.002515624820273946,4.009462406477922,167.94036075914613,0.43236393357306646
static_dark,right,20,gravity known,-1.7166666666666668,321,0.00013727405236041405,3.285468954623717e-05,1.9912343502087506,160.23747313075464,0.5572617198814384
static_dark,right,20,gravity known,8.283333333333333,321,0.00012686879194399403,3.062801702920601e-05,2.2321556289671762,171.15798248782377,0.34740011295419804
static_dark,right,20,gravity known,18.28333333333333,232,0.00021240100612751676,3.7428855598327804e-05,3.6129892250359554,170.65342036141243,0.24205353595294454
static_dark,right,20,gravity known,28.28333333333333,348,0.00014686255703373388,3.733107624459446e-05,3.423102358682631,158.88687070423288,0.3120855217161726
static_dark,right,20,gravity known,38.28333333333333,264,0.00018716885328326174,4.473046278186891e-05,2.8331706091867987,178.82636459510113,0.3941374322856758
static_dark,right,20,gravity known,48.28333333333333,256,0.0001377755913558137,2.7944538957024093e-05,3.4338361006467113,179.96624800513635,0.3722151711103465
static_dark,right,20,gravity known,58.28333333333333,478,0.00012554967810645082,3.05957248713332e-05,3.4386720495589813,156.75969054494368,0.33078417642311947
static_dark,right,20,gravity known,68.28333333333333,373,0.00014092912105785762,2.7680129954170877e-05,3.4140898045663084,172.2785993856176,0.38937923212772485
static_dark,right,20,gravity known,78.28333333333333,283,9.878746043222859e-05,2.1576426766230768e-05,4.914880784747102,121.30550577527913,0.47885645423519135
static_dark,right,20,gravity known,88.28333333333333,358,0.00016988294983086055,4.172458364778247e-05,5.774803789298429,155.91990829720092,0.31470123223920193
static_dark,right,20,gravity known,98.28333333333333,474,0.0001735517283555503,4.146922546158463e-05,4.844530497505954,179.67932773808585,0.20808282861352242
static_dark,right,20,gravity uncertain 1deg (0.17 m/s^2),-1.7166666666666668,321,0.00013727405236041405,0.000371674830686125,1.9912343502087506,160.23747313075464,0.5572617198814384
static_dark,right,20,gravity uncertain 1deg (0.17 m/s^2),8.283333333333333,321,0.00012686879194399403,0.00018282062334257936,2.2321556289671762,171.15798248782377,0.34740011295419804
static_dark,right,20,gravity uncertain 1deg (0.17 m/s^2),18.28333333333333,232,0.00021240100612751676,0.00034715594923502005,3.6129892250359554,170.65342036141243,0.24205353595294454
static_dark,right,20,gravity uncertain 1deg (0.17 m/s^2),28.28333333333333,348,0.00014686255703373388,0.00030881561317857854,3.423102358682631,158.88687070423288,0.3120855217161726
static_dark,right,20,gravity uncertain 1deg (0.17 m/s^2),38.28333333333333,264,0.00018716885328326174,0.0003604246527694042,2.8331706091867987,178.82636459510113,0.3941374322856758
static_dark,right,20,gravity uncertain 1deg (0.17 m/s^2),48.28333333333333,256,0.0001377755913558137,0.0001930555420374825,3.4338361006467113,179.96624800513635,0.3722151711103465
static_dark,right,20,gravity uncertain 1deg (0.17 m/s^2),58.28333333333333,478,0.00012554967810645082,0.00041710024846556144,3.4386720495589813,156.75969054494368,0.33078417642311947
static_dark,right,20,gravity uncertain 1deg (0.17 m/s^2),68.28333333333333,373,0.00014092912105785762,0.0003238516126995666,3.4140898045663084,172.2785993856176,0.38937923212772485
static_dark,right,20,gravity uncertain 1deg (0.17 m/s^2),78.28333333333333,283,9.878746043222859e-05,0.0002595378574089882,4.914880784747102,121.30550577527913,0.47885645423519135
static_dark,right,20,gravity uncertain 1deg (0.17 m/s^2),88.28333333333333,358,0.00016988294983086055,0.00018542380547660598,5.774803789298429,155.91990829720092,0.31470123223920193
static_dark,right,20,gravity uncertain 1deg (0.17 m/s^2),98.28333333333333,474,0.0001735517283555503,0.00020109304913494455,4.844530497505954,179.67932773808585,0.20808282861352242
static_dark,right,30,gravity known,-1.7166666666666668,414,9.155253029379358e-05,1.4256448302605367e-05,2.108851512265703,160.23747313075464,0.4200813608489503
static_dark,right,30,gravity known,13.283333333333333,402,0.00011112525950273597,1.700290007226416e-05,3.485043782345488,154.26328752225584,0.29381627673964994
static_dark,right,30,gravity known,28.28333333333333,403,0.0001106859427578443,1.8164011777474115e-05,3.355563874373857,158.88687070423288,0.34950811512790064
static_dark,right,30,gravity known,43.28333333333333,523,6.216628969579165e-05,9.626427662077237e-06,2.9502878218325006,144.0504422852124,0.3709500125947096
static_dark,right,30,gravity known,58.28333333333333,574,8.492876712411252e-05,1.1591316442209977e-05,3.469451077208505,156.75969054494368,0.33789682032564944
static_dark,right,30,gravity known,73.28333333333333,467,5.881863129389689e-05,9.948003004281752e-06,4.711924773302424,179.11548748142087,0.41799147286240995
static_dark,right,30,gravity known,88.28333333333333,661,9.501029051178357e-05,1.7377336783832565e-05,5.0521014209875394,177.73570801994046,0.2897574751876546
static_dark,right,30,gravity uncertain 1deg (0.17 m/s^2),-1.7166666666666668,414,9.155253029379358e-05,0.00011969236009074888,2.108851512265703,160.23747313075464,0.4200813608489503
static_dark,right,30,gravity uncertain 1deg (0.17 m/s^2),13.283333333333333,402,0.00011112525950273597,0.00020591641907606505,3.485043782345488,154.26328752225584,0.29381627673964994
static_dark,right,30,gravity uncertain 1deg (0.17 m/s^2),28.28333333333333,403,0.0001106859427578443,0.0001236462413018498,3.355563874373857,158.88687070423288,0.34950811512790064
static_dark,right,30,gravity uncertain 1deg (0.17 m/s^2),43.28333333333333,523,6.216628969579165e-05,9.075612989591923e-05,2.9502878218325006,144.0504422852124,0.3709500125947096
static_dark,right,30,gravity uncertain 1deg (0.17 m/s^2),58.28333333333333,574,8.492876712411252e-05,8.660535909114891e-05,3.469451077208505,156.75969054494368,0.33789682032564944
static_dark,right,30,gravity uncertain 1deg (0.17 m/s^2),73.28333333333333,467,5.881863129389689e-05,0.00010764239780479179,4.711924773302424,179.11548748142087,0.41799147286240995
static_dark,right,30,gravity uncertain 1deg (0.17 m/s^2),88.28333333333333,661,9.501029051178357e-05,6.728071107532484e-05,5.0521014209875394,177.73570801994046,0.2897574751876546
static_dark,right,60,gravity known,-1.7166666666666668,817,3.7568940278996235e-05,4.0085312664659735e-06,2.723814892840472,160.23747313075464,0.409156611940834
static_dark,right,60,gravity known,28.28333333333333,977,2.8282196761201466e-05,2.349403240796506e-06,3.4224740631426265,158.88687070423288,0.36469137519644734
static_dark,right,60,gravity known,58.28333333333333,1235,2.3390035651420297e-05,1.8194083344389806e-06,4.316521423150158,177.61559289828554,0.3074234220586924
static_dark,right,60,gravity uncertain 1deg (0.17 m/s^2),-1.7166666666666668,817,3.7568940278996235e-05,4.844528182982687e-05,2.723814892840472,160.23747313075464,0.409156611940834
static_dark,right,60,gravity uncertain 1deg (0.17 m/s^2),28.28333333333333,977,2.8282196761201466e-05,2.2300885776629494e-05,3.4224740631426265,158.88687070423288,0.36469137519644734
static_dark,right,60,gravity uncertain 1deg (0.17 m/s^2),58.28333333333333,1235,2.3390035651420297e-05,1.5029734605344556e-05,4.316521423150158,177.61559289828554,0.3074234220586924
static_dark,left,2,gravity known,17.875,63,0.002753414386935895,0.009204710708829094,3.8021819353213964,144.52688253001796,0.7151132923589832
static_dark,left,2,gravity known,62.875,16,0.005052823404688976,0.012956452424211616,2.6774430234689754,132.91913560967387,0.4948999877109805
static_dark,left,2,gravity known,102.875,8,0.02440477194781006,0.13434080688600022,6.230808387144618,167.6963205573724,0.23642761977247048
static_dark,left,2,gravity known,107.875,46,0.002328713445287149,0.007735519449945704,4.825008835256474,115.55485925496272,0.4466799081189263
static_dark,left,2,gravity known,112.875,52,0.0026981569584076538,0.008818546629038922,3.0229166515342243,162.74920567173444,0.47134473762805323
static_dark,left,2,gravity known,117.875,15,0.008520516772141913,0.03892572486650085,4.463364184250948,133.63947578044065,0.6655842545580751
static_dark,left,2,gravity uncertain 1deg (0.17 m/s^2),17.875,63,0.002753414386935895,0.07414283019110002,3.8021819353213964,144.52688253001796,0.7151132923589832
static_dark,left,2,gravity uncertain 1deg (0.17 m/s^2),62.875,16,0.005052823404688976,0.08851058925271484,2.6774430234689754,132.91913560967387,0.4948999877109805
static_dark,left,2,gravity uncertain 1deg (0.17 m/s^2),102.875,8,0.02440477194781006,0.29370613950168756,6.230808387144618,167.6963205573724,0.23642761977247048
static_dark,left,2,gravity uncertain 1deg (0.17 m/s^2),107.875,46,0.002328713445287149,0.024491597629809004,4.825008835256474,115.55485925496272,0.4466799081189263
static_dark,left,2,gravity uncertain 1deg (0.17 m/s^2),112.875,52,0.0026981569584076538,0.05229092617749692,3.0229166515342243,162.74920567173444,0.47134473762805323
static_dark,left,2,gravity uncertain 1deg (0.17 m/s^2),117.875,15,0.008520516772141913,0.1823982200911828,4.463364184250948,133.63947578044065,0.6655842545580751
static_dark,left,5,gravity known,7.875,11,0.009371189729492264,0.06806229735103114,3.603669422432516,100.76620906697937,0.8452928709359029
static_dark,left,5,gravity known,12.875,40,0.0024198040076630666,0.002800821657530477,3.497786960810074,179.9181214728273,0.36291580116265654
static_dark,left,5,gravity known,17.875,69,0.0020054773085924423,0.0021891936699599906,3.795033904148876,173.07822589542954,0.16947611151234263
static_dark,left,5,gravity known,32.875,15,0.002182393553569736,0.0022560962081850087,3.2275436776926236,172.52334593965946,0.5430599693149378
static_dark,left,5,gravity known,47.875,7,0.002056152988895649,0.01393681556162282,2.26188596535378,145.01813733161933,0.652807839268196
static_dark,left,5,gravity known,57.875,10,0.003327315340288351,0.005524267566767651,2.749193350972768,145.44514652422646,0.25063091237388235
static_dark,left,5,gravity known,62.875,25,0.0019574425730901957,0.0022890018066055316,3.0940275345074566,133.05089442061683,0.22115705583340364
static_dark,left,5,gravity known,72.875,25,0.0019717427674824212,0.002252942349977762,2.8285774496333587,154.5798388034046,0.472478847207035
static_dark,left,5,gravity known,77.875,9,0.02736997202621833,0.4936495443449257,2.883338634238132,40.77305301017596,0.9773324835183012
static_dark,left,5,gravity known,87.875,8,0.001899947224361694,0.0018775252496262924,3.924708181682339,57.53445240061367,0.8134732039034811
static_dark,left,5,gravity known,97.875,6,0.004730757451217083,0.014617221977571749,5.950932376799451,76.61694465147811,0.767045071655091
static_dark,left,5,gravity known,102.875,62,0.0017496458792886063,0.0022976729166890074,5.840164560052297,179.98124844478195,0.31357346604871683
static_dark,left,5,gravity known,107.875,92,0.0011954509850529745,0.0012431510763124742,4.907924850162344,117.444283830585,0.29784170247043507
static_dark,left,5,gravity known,112.875,108,0.0008852435834408141,0.0010136856583767416,3.9937974970584587,162.24633185747348,0.3078944165981929
static_dark,left,5,gravity known,117.875,16,0.005138444727532375,0.011644661093713777,4.20222650407397,145.39958720719562,0.6070050530231441
static_dark,left,5,gravity uncertain 1deg (0.17 m/s^2),7.875,11,0.009371189729492264,0.1821385882481291,3.603669422432516,100.76620906697937,0.8452928709359029
static_dark,left,5,gravity uncertain 1deg (0.17 m/s^2),12.875,40,0.0024198040076630666,0.024213682860327462,3.497786960810074,179.9181214728273,0.36291580116265654
static_dark,left,5,gravity uncertain 1deg (0.17 m/s^2),17.875,69,0.0020054773085924423,0.006382194543274579,3.795033904148876,173.07822589542954,0.16947611151234263
static_dark,left,5,gravity uncertain 1deg (0.17 m/s^2),32.875,15,0.002182393553569736,0.01474596461826398,3.2275436776926236,172.52334593965946,0.5430599693149378
static_dark,left,5,gravity uncertain 1deg (0.17 m/s^2),47.875,7,0.002056152988895649,0.14004405182702614,2.26188596535378,145.01813733161933,0.652807839268196
static_dark,left,5,gravity uncertain 1deg (0.17 m/s^2),57.875,10,0.003327315340288351,0.053385031347559425,2.749193350972768,145.44514652422646,0.25063091237388235
static_dark,left,5,gravity uncertain 1deg (0.17 m/s^2),62.875,25,0.0019574425730901957,0.007259646921183137,3.0940275345074566,133.05089442061683,0.22115705583340364
static_dark,left,5,gravity uncertain 1deg (0.17 m/s^2),72.875,25,0.0019717427674824212,0.01755655343031625,2.8285774496333587,154.5798388034046,0.472478847207035
static_dark,left,5,gravity uncertain 1deg (0.17 m/s^2),77.875,9,0.02736997202621833,0.5228923511404061,2.883338634238132,40.77305301017596,0.9773324835183012
static_dark,left,5,gravity uncertain 1deg (0.17 m/s^2),87.875,8,0.001899947224361694,0.06253458620352058,3.924708181682339,57.53445240061367,0.8134732039034811
static_dark,left,5,gravity uncertain 1deg (0.17 m/s^2),97.875,6,0.004730757451217083,0.1857133944045075,5.950932376799451,76.61694465147811,0.767045071655091
static_dark,left,5,gravity uncertain 1deg (0.17 m/s^2),102.875,62,0.0017496458792886063,0.005164530604488345,5.840164560052297,179.98124844478195,0.31357346604871683
static_dark,left,5,gravity uncertain 1deg (0.17 m/s^2),107.875,92,0.0011954509850529745,0.007178763994994466,4.907924850162344,117.444283830585,0.29784170247043507
static_dark,left,5,gravity uncertain 1deg (0.17 m/s^2),112.875,108,0.0008852435834408141,0.007064943895542577,3.9937974970584587,162.24633185747348,0.3078944165981929
static_dark,left,5,gravity uncertain 1deg (0.17 m/s^2),117.875,16,0.005138444727532375,0.09959575806913984,4.20222650407397,145.39958720719562,0.6070050530231441
static_dark,left,10,gravity known,2.875,12,0.001432530308985748,0.0019271906288533215,3.4124535323469316,104.58903965646503,0.49406824894230056
static_dark,left,10,gravity known,7.875,51,0.0008611144477985164,0.0010988693581616134,3.520624354493346,178.70404441812823,0.40415965257148095
static_dark,left,10,gravity known,12.875,109,0.0011055421355419966,0.0005797719723103741,3.6859524570520676,179.9181214728273,0.21337985176106877
static_dark,left,10,gravity known,17.875,73,0.0015623578032795647,0.0013792761223046244,3.7760863890531433,173.11845142876186,0.1640114436657929
static_dark,left,10,gravity known,22.875,7,0.0014192415930834481,0.0015595069440185597,3.7478358918353054,143.26833957350726,0.4610272787293682
static_dark,left,10,gravity known,27.875,18,0.0012296824654285455,0.0007965859863098177,3.380613299646083,161.76728101387846,0.5262998034371297
static_dark,left,10,gravity known,32.875,20,0.0011894822515630687,0.0005344190801443801,3.045672455575556,172.52334593965946,0.41963009817684516
static_dark,left,10,gravity known,37.875,9,0.0015626771453903798,0.00204830888880165,2.266622883463319,122.54298679545987,0.6685206641514733
static_dark,left,10,gravity known,42.875,11,0.0010554732188548547,0.0006262914526711021,2.1575012511385965,171.7766678425556,0.5042892103996413
static_dark,left,10,gravity known,47.875,9,0.0012217852558163184,0.0008927091391441595,1.959971087071749,145.01813733161933,0.7539448909008725
static_dark,left,10,gravity known,52.875,12,0.00113796011502456,0.0006093283742764842,2.44153929465808,131.94066784201684,0.5566294116550473
static_dark,left,10,gravity known,57.875,35,0.00127873356858398,0.0007389849773479203,2.995503482068974,145.32941226711998,0.2308547116311802
static_dark,left,10,gravity known,62.875,28,0.0015131319197126093,0.0008215338117106313,3.095429303096732,133.05089442061683,0.23365109758833102
static_dark,left,10,gravity known,67.875,28,0.0013779658688320684,0.0009833214496268675,2.8584202987448584,107.29689141780877,0.33786834865860293
static_dark,left,10,gravity known,72.875,34,0.0007216283340265784,0.0004519193861774793,2.8430730573228575,163.89234563652556,0.45223300462292154
static_dark,left,10,gravity known,77.875,12,0.0021062943943003167,0.016355772780782724,2.8218177039444132,41.36054465283972,0.6447897663042534
static_dark,left,10,gravity known,82.875,11,0.0009228265040956785,0.0005382172927688298,3.573584562968044,70.20085090596656,0.7166181482132732
static_dark,left,10,gravity known,87.875,10,0.000988242289971885,0.0004003069496390309,3.904259224215803,57.53445240061367,0.7800964362522879
static_dark,left,10,gravity known,92.875,8,0.0025542786555319847,0.002251812036053249,5.418815131187004,43.78172467753519,0.38474331307984083
static_dark,left,10,gravity known,97.875,68,0.0012805485136960094,0.0009299110236852618,5.849938190941751,179.8470048909201,0.2773547674952084
static_dark,left,10,gravity known,102.875,154,0.0005342898135844754,0.0002844699864409314,5.283242135962195,179.98124844478195,0.2574596999948638
static_dark,left,10,gravity known,107.875,200,0.0004888801071391121,0.00028758973117748617,4.414296079486245,128.04734832618055,0.24967317520713145
static_dark,left,10,gravity known,112.875,124,0.0006806584371021557,0.00040449578261954577,4.020691562479816,162.24633185747348,0.2947641346023677
static_dark,left,10,gravity uncertain 1deg (0.17 m/s^2),2.875,12,0.001432530308985748,0.07723297523475589,3.4124535323469316,104.58903965646503,0.49406824894230056
static_dark,left,10,gravity uncertain 1deg (0.17 m/s^2),7.875,51,0.0008611144477985164,0.00844127130367456,3.520624354493346,178.70404441812823,0.40415965257148095
static_dark,left,10,gravity uncertain 1deg (0.17 m/s^2),12.875,109,0.0011055421355419966,0.002407906578589933,3.6859524570520676,179.9181214728273,0.21337985176106877
static_dark,left,10,gravity uncertain 1deg (0.17 m/s^2),17.875,73,0.0015623578032795647,0.0028414420935384366,3.7760863890531433,173.11845142876186,0.1640114436657929
static_dark,left,10,gravity uncertain 1deg (0.17 m/s^2),22.875,7,0.0014192415930834481,0.028445920248063774,3.7478358918353054,143.26833957350726,0.4610272787293682
static_dark,left,10,gravity uncertain 1deg (0.17 m/s^2),27.875,18,0.0012296824654285455,0.009239655007316619,3.380613299646083,161.76728101387846,0.5262998034371297
static_dark,left,10,gravity uncertain 1deg (0.17 m/s^2),32.875,20,0.0011894822515630687,0.005640928904401693,3.045672455575556,172.52334593965946,0.41963009817684516
static_dark,left,10,gravity uncertain 1deg (0.17 m/s^2),37.875,9,0.0015626771453903798,0.02738559453315379,2.266622883463319,122.54298679545987,0.6685206641514733
static_dark,left,10,gravity uncertain 1deg (0.17 m/s^2),42.875,11,0.0010554732188548547,0.009097706212878245,2.1575012511385965,171.7766678425556,0.5042892103996413
static_dark,left,10,gravity uncertain 1deg (0.17 m/s^2),47.875,9,0.0012217852558163184,0.06335609826608644,1.959971087071749,145.01813733161933,0.7539448909008725
static_dark,left,10,gravity uncertain 1deg (0.17 m/s^2),52.875,12,0.00113796011502456,0.007065198820750701,2.44153929465808,131.94066784201684,0.5566294116550473
static_dark,left,10,gravity uncertain 1deg (0.17 m/s^2),57.875,35,0.00127873356858398,0.0031732715399144695,2.995503482068974,145.32941226711998,0.2308547116311802
static_dark,left,10,gravity uncertain 1deg (0.17 m/s^2),62.875,28,0.0015131319197126093,0.002895323289571068,3.095429303096732,133.05089442061683,0.23365109758833102
static_dark,left,10,gravity uncertain 1deg (0.17 m/s^2),67.875,28,0.0013779658688320684,0.0071137136884963535,2.8584202987448584,107.29689141780877,0.33786834865860293
static_dark,left,10,gravity uncertain 1deg (0.17 m/s^2),72.875,34,0.0007216283340265784,0.007845318862612024,2.8430730573228575,163.89234563652556,0.45223300462292154
static_dark,left,10,gravity uncertain 1deg (0.17 m/s^2),77.875,12,0.0021062943943003167,0.21548045975793134,2.8218177039444132,41.36054465283972,0.6447897663042534
static_dark,left,10,gravity uncertain 1deg (0.17 m/s^2),82.875,11,0.0009228265040956785,0.012295556155366164,3.573584562968044,70.20085090596656,0.7166181482132732
static_dark,left,10,gravity uncertain 1deg (0.17 m/s^2),87.875,10,0.000988242289971885,0.008646125416569452,3.904259224215803,57.53445240061367,0.7800964362522879
static_dark,left,10,gravity uncertain 1deg (0.17 m/s^2),92.875,8,0.0025542786555319847,0.01809412659991245,5.418815131187004,43.78172467753519,0.38474331307984083
static_dark,left,10,gravity uncertain 1deg (0.17 m/s^2),97.875,68,0.0012805485136960094,0.004077748811721369,5.849938190941751,179.8470048909201,0.2773547674952084
static_dark,left,10,gravity uncertain 1deg (0.17 m/s^2),102.875,154,0.0005342898135844754,0.001761722433492575,5.283242135962195,179.98124844478195,0.2574596999948638
static_dark,left,10,gravity uncertain 1deg (0.17 m/s^2),107.875,200,0.0004888801071391121,0.001064643246276196,4.414296079486245,128.04734832618055,0.24967317520713145
static_dark,left,10,gravity uncertain 1deg (0.17 m/s^2),112.875,124,0.0006806584371021557,0.002409179599754088,4.020691562479816,162.24633185747348,0.2947641346023677
static_dark,left,20,gravity known,-2.125,55,0.0003712779245224142,8.331633753512118e-05,3.3837305742724957,172.31664193694877,0.5236432793148331
static_dark,left,20,gravity known,7.875,124,0.0005899560104457912,0.00019006420748209345,3.671017326451936,178.70404441812823,0.26855578724961265
static_dark,left,20,gravity known,17.875,91,0.0002549150976422703,8.388958571795616e-05,3.697860942796802,179.07395090558146,0.3368646682169779
static_dark,left,20,gravity known,27.875,27,0.0005535911926417991,0.00013331125815218973,3.009283160918494,161.76728101387846,0.47680515787081973
static_dark,left,20,gravity known,37.875,18,0.0005106083945971523,0.0001604837579320343,2.1132969852675343,141.21613450646083,0.549311257595366
static_dark,left,20,gravity known,47.875,44,0.0003163863392699729,7.90021326906427e-05,2.783690037637723,151.0091668426969,0.4657872186014788
static_dark,left,20,gravity known,57.875,63,0.0004650989518454527,0.00015444081640426645,2.934577622813811,173.50638910142283,0.2314798617652748
static_dark,left,20,gravity known,67.875,40,0.0005067817435086208,0.00015093553637255175,2.847439520304725,107.29689141780877,0.4465347316251356
static_dark,left,20,gravity known,77.875,22,0.0003820168555943193,0.00010231221598204362,3.3138365767950457,74.704115117732,0.718002828307099
static_dark,left,20,gravity known,87.875,78,0.00031238299021299444,8.795002192004173e-05,5.600492169566629,179.93694795175182,0.4814101150650691
static_dark,left,20,gravity known,97.875,268,0.00029219929140805755,8.667538948247526e-05,4.7785634809003295,179.8470048909201,0.21291215039866368
static_dark,left,20,gravity uncertain 1deg (0.17 m/s^2),-2.125,55,0.0003712779245224142,0.0030628415582157724,3.3837305742724957,172.31664193694877,0.5236432793148331
static_dark,left,20,gravity uncertain 1deg (0.17 m/s^2),7.875,124,0.0005899560104457912,0.0010363186715894909,3.671017326451936,178.70404441812823,0.26855578724961265
static_dark,left,20,gravity uncertain 1deg (0.17 m/s^2),17.875,91,0.0002549150976422703,0.0008838505523184301,3.697860942796802,179.07395090558146,0.3368646682169779
static_dark,left,20,gravity uncertain 1deg (0.17 m/s^2),27.875,27,0.0005535911926417991,0.0022321977065804296,3.009283160918494,161.76728101387846,0.47680515787081973
static_dark,left,20,gravity uncertain 1deg (0.17 m/s^2),37.875,18,0.0005106083945971523,0.001198509580498472,2.1132969852675343,141.21613450646083,0.549311257595366
static_dark,left,20,gravity uncertain 1deg (0.17 m/s^2),47.875,44,0.0003163863392699729,0.0004969135819622903,2.783690037637723,151.0091668426969,0.4657872186014788
static_dark,left,20,gravity uncertain 1deg (0.17 m/s^2),57.875,63,0.0004650989518454527,0.000962109804755509,2.934577622813811,173.50638910142283,0.2314798617652748
static_dark,left,20,gravity uncertain 1deg (0.17 m/s^2),67.875,40,0.0005067817435086208,0.001370301218419665,2.847439520304725,107.29689141780877,0.4465347316251356
static_dark,left,20,gravity uncertain 1deg (0.17 m/s^2),77.875,22,0.0003820168555943193,0.00151333624475123,3.3138365767950457,74.704115117732,0.718002828307099
static_dark,left,20,gravity uncertain 1deg (0.17 m/s^2),87.875,78,0.00031238299021299444,0.0005603472062772658,5.600492169566629,179.93694795175182,0.4814101150650691
static_dark,left,20,gravity uncertain 1deg (0.17 m/s^2),97.875,268,0.00029219929140805755,0.0003903377433704848,4.7785634809003295,179.8470048909201,0.21291215039866368
static_dark,left,30,gravity known,-2.125,128,0.0003174377567476851,4.917379481452357e-05,3.6074959998895837,173.2202748650972,0.4132344230218988
static_dark,left,30,gravity known,12.875,136,0.00019893312924106494,4.64826860741368e-05,3.5949788100958355,179.9181214728273,0.32943195955603183
static_dark,left,30,gravity known,27.875,36,0.00027358613593039355,4.8725371829088995e-05,2.746955142456808,166.29190257694358,0.48856231056540944
static_dark,left,30,gravity known,42.875,51,0.00023441080745952703,3.9641846260917084e-05,2.739274623237843,171.7766678425556,0.409445615589317
static_dark,left,30,gravity known,57.875,75,0.00027794747505718084,5.1017037047664994e-05,2.916536035794708,173.50638910142283,0.3244792003390372
static_dark,left,30,gravity known,72.875,53,0.00016145494946804962,2.3325172662068417e-05,3.383479909266447,179.39278856480948,0.5362427903880967
static_dark,left,30,gravity known,87.875,278,0.00018528256732957174,2.737604748666511e-05,4.747113687494411,179.93694795175182,0.3531907330072872
static_dark,left,30,gravity uncertain 1deg (0.17 m/s^2),-2.125,128,0.0003174377567476851,0.0003241898222428049,3.6074959998895837,173.2202748650972,0.4132344230218988
static_dark,left,30,gravity uncertain 1deg (0.17 m/s^2),12.875,136,0.00019893312924106494,0.0003200721134499197,3.5949788100958355,179.9181214728273,0.32943195955603183
static_dark,left,30,gravity uncertain 1deg (0.17 m/s^2),27.875,36,0.00027358613593039355,0.0005169851065448515,2.746955142456808,166.29190257694358,0.48856231056540944
static_dark,left,30,gravity uncertain 1deg (0.17 m/s^2),42.875,51,0.00023441080745952703,0.00027458517166968524,2.739274623237843,171.7766678425556,0.409445615589317
static_dark,left,30,gravity uncertain 1deg (0.17 m/s^2),57.875,75,0.00027794747505718084,0.0005652995486248677,2.916536035794708,173.50638910142283,0.3244792003390372
static_dark,left,30,gravity uncertain 1deg (0.17 m/s^2),72.875,53,0.00016145494946804962,0.00036342057190856064,3.383479909266447,179.39278856480948,0.5362427903880967
static_dark,left,30,gravity uncertain 1deg (0.17 m/s^2),87.875,278,0.00018528256732957174,0.0001600797647801794,4.747113687494411,179.93694795175182,0.3531907330072872
static_dark,left,60,gravity known,-2.125,164,0.0001022274673735946,8.922037378769617e-06,3.4185967872823886,173.2202748650972,0.46133426909095165
static_dark,left,60,gravity known,27.875,111,8.00485051824578e-05,6.796501118090592e-06,2.8615368271445782,167.5596679771483,0.429916905113836
static_dark,left,60,gravity known,57.875,353,4.390826542439849e-05,3.875609670855045e-06,4.358180758663029,179.97372782974386,0.34493943388785153
static_dark,left,60,gravity uncertain 1deg (0.17 m/s^2),-2.125,164,0.0001022274673735946,9.213137938363273e-05,3.4185967872823886,173.2202748650972,0.46133426909095165
static_dark,left,60,gravity uncertain 1deg (0.17 m/s^2),27.875,111,8.00485051824578e-05,7.63876406434434e-05,2.8615368271445782,167.5596679771483,0.429916905113836
static_dark,left,60,gravity uncertain 1deg (0.17 m/s^2),57.875,353,4.390826542439849e-05,3.0463526397516708e-05,4.358180758663029,179.97372782974386,0.34493943388785153
walk_medium,right,2,gravity known,2.916666666666667,35,0.004916280396563772,0.01820237543139287,5.704615204571042,171.76492498444046,0.0673208260421382
walk_medium,right,2,gravity known,7.916666666666667,35,0.005866315753686401,0.02959888505051076,10.426404762761113,171.15774491921118,0.06533772788286919
walk_medium,right,2,gravity known,12.916666666666668,34,0.006863711478968904,0.02887105517236112,8.788421199249209,172.3281875431229,0.048287452191390974
walk_medium,right,2,gravity known,17.916666666666668,41,0.005309874834734838,0.015351254815320488,9.103971935162093,135.07663681064213,0.2792656072924786
walk_medium,right,2,gravity known,22.916666666666668,14,0.013451975602886182,0.03859169511800918,13.245382331035898,176.88752096648378,0.20962639431016863
walk_medium,right,2,gravity known,27.916666666666668,10,0.005860715908984396,0.02828799012395471,11.389214728730511,165.02691765632315,0.4568263290676896
walk_medium,right,2,gravity known,32.916666666666664,25,0.006563919509729184,0.02336975238597387,11.927586125076964,179.99917325463156,0.1241893378778959
walk_medium,right,2,gravity known,37.916666666666664,43,0.005121521954427214,0.010432141432968394,7.4186511615225434,169.2669537754025,0.03629078931135915
walk_medium,right,2,gravity known,42.916666666666664,38,0.005033641671228113,0.012636298602341616,15.056116799934998,122.15490376054682,0.29060105910616874
walk_medium,right,2,gravity known,47.916666666666664,80,0.002058624375293448,0.004567193269760847,10.611383682742034,164.28772043615496,0.5104008911045376
walk_medium,right,2,gravity known,52.916666666666664,31,0.0038333886519226115,0.008208956438576762,6.222295002686395,177.56909070753434,0.22930861983895495
walk_medium,right,2,gravity known,57.916666666666664,44,0.002415394076273681,0.0064871919311323915,7.424885738480959,149.49171656078929,0.5763897706694285
walk_medium,right,2,gravity known,62.916666666666664,6,0.005384330309229411,0.011683391778021072,5.002523745202105,66.14765630015432,0.8515010867821551
walk_medium,right,2,gravity known,67.91666666666667,12,0.012162734519311567,0.0399612786084264,12.018944529436324,146.2717130145444,0.07891406786205911
walk_medium,right,2,gravity known,72.91666666666667,61,0.004271461616652613,0.01442419043723333,10.664545799029058,179.6216997963772,0.05758775394330081
walk_medium,right,2,gravity known,77.91666666666667,26,0.00994032659731995,0.03925574762539177,8.695564564093797,144.91231529840076,0.1352109159295444
walk_medium,right,2,gravity known,82.91666666666667,8,0.006160058210264814,0.013514758858097872,8.63645786662504,103.28453966816201,0.6257590931441451
walk_medium,right,2,gravity known,87.91666666666667,6,0.010009148187812178,0.10731286624173701,10.511639725974751,149.95076733008997,0.6372208353604565
walk_medium,right,2,gravity known,92.91666666666667,18,0.0062991840315375506,0.03582341732847002,15.176101710439054,176.31460816034507,0.008956954982940192
walk_medium,right,2,gravity known,97.91666666666667,24,0.006728121758039692,0.012245465107717268,7.153817970072008,174.78928600306583,0.37954135670586336
walk_medium,right,2,gravity known,102.91666666666667,34,0.007858302522134864,0.044407173143258115,6.867680589348955,143.81797357827202,0.20804589543388027
walk_medium,right,2,gravity known,107.91666666666667,26,0.0039471538267645675,0.009252505725831892,12.445014594771466,179.62993009759,0.5066367417965002
walk_medium,right,2,gravity known,117.91666666666667,19,0.006633607351903997,0.03436174546772502,8.815819563501034,176.0392650651392,0.2481771498999493
walk_medium,right,2,gravity uncertain 1deg (0.17 m/s^2),2.916666666666667,35,0.004916280396563772,0.060512001122331516,5.704615204571042,171.76492498444046,0.0673208260421382
walk_medium,right,2,gravity uncertain 1deg (0.17 m/s^2),7.916666666666667,35,0.005866315753686401,0.0605217404080086,10.426404762761113,171.15774491921118,0.06533772788286919
walk_medium,right,2,gravity uncertain 1deg (0.17 m/s^2),12.916666666666668,34,0.006863711478968904,0.06103494067009368,8.788421199249209,172.3281875431229,0.048287452191390974
walk_medium,right,2,gravity uncertain 1deg (0.17 m/s^2),17.916666666666668,41,0.005309874834734838,0.05406820240714468,9.103971935162093,135.07663681064213,0.2792656072924786
walk_medium,right,2,gravity uncertain 1deg (0.17 m/s^2),22.916666666666668,14,0.013451975602886182,0.15789392361240362,13.245382331035898,176.88752096648378,0.20962639431016863
walk_medium,right,2,gravity uncertain 1deg (0.17 m/s^2),27.916666666666668,10,0.005860715908984396,0.1528258445141873,11.389214728730511,165.02691765632315,0.4568263290676896
walk_medium,right,2,gravity uncertain 1deg (0.17 m/s^2),32.916666666666664,25,0.006563919509729184,0.07195267306680134,11.927586125076964,179.99917325463156,0.1241893378778959
walk_medium,right,2,gravity uncertain 1deg (0.17 m/s^2),37.916666666666664,43,0.005121521954427214,0.030228327824120854,7.4186511615225434,169.2669537754025,0.03629078931135915
walk_medium,right,2,gravity uncertain 1deg (0.17 m/s^2),42.916666666666664,38,0.005033641671228113,0.12022546681651113,15.056116799934998,122.15490376054682,0.29060105910616874
walk_medium,right,2,gravity uncertain 1deg (0.17 m/s^2),47.916666666666664,80,0.002058624375293448,0.06402596888964168,10.611383682742034,164.28772043615496,0.5104008911045376
walk_medium,right,2,gravity uncertain 1deg (0.17 m/s^2),52.916666666666664,31,0.0038333886519226115,0.04165750079092152,6.222295002686395,177.56909070753434,0.22930861983895495
walk_medium,right,2,gravity uncertain 1deg (0.17 m/s^2),57.916666666666664,44,0.002415394076273681,0.057646507942876145,7.424885738480959,149.49171656078929,0.5763897706694285
walk_medium,right,2,gravity uncertain 1deg (0.17 m/s^2),62.916666666666664,6,0.005384330309229411,0.1833945331348842,5.002523745202105,66.14765630015432,0.8515010867821551
walk_medium,right,2,gravity uncertain 1deg (0.17 m/s^2),67.91666666666667,12,0.012162734519311567,0.10567839207284506,12.018944529436324,146.2717130145444,0.07891406786205911
walk_medium,right,2,gravity uncertain 1deg (0.17 m/s^2),72.91666666666667,61,0.004271461616652613,0.02896794101167662,10.664545799029058,179.6216997963772,0.05758775394330081
walk_medium,right,2,gravity uncertain 1deg (0.17 m/s^2),77.91666666666667,26,0.00994032659731995,0.06984465251405228,8.695564564093797,144.91231529840076,0.1352109159295444
walk_medium,right,2,gravity uncertain 1deg (0.17 m/s^2),82.91666666666667,8,0.006160058210264814,0.1203296852680352,8.63645786662504,103.28453966816201,0.6257590931441451
walk_medium,right,2,gravity uncertain 1deg (0.17 m/s^2),87.91666666666667,6,0.010009148187812178,0.24245721753080376,10.511639725974751,149.95076733008997,0.6372208353604565
walk_medium,right,2,gravity uncertain 1deg (0.17 m/s^2),92.91666666666667,18,0.0062991840315375506,0.05879970629513653,15.176101710439054,176.31460816034507,0.008956954982940192
walk_medium,right,2,gravity uncertain 1deg (0.17 m/s^2),97.91666666666667,24,0.006728121758039692,0.09368219068480721,7.153817970072008,174.78928600306583,0.37954135670586336
walk_medium,right,2,gravity uncertain 1deg (0.17 m/s^2),102.91666666666667,34,0.007858302522134864,0.08135047976720415,6.867680589348955,143.81797357827202,0.20804589543388027
walk_medium,right,2,gravity uncertain 1deg (0.17 m/s^2),107.91666666666667,26,0.0039471538267645675,0.083856566964768,12.445014594771466,179.62993009759,0.5066367417965002
walk_medium,right,2,gravity uncertain 1deg (0.17 m/s^2),117.91666666666667,19,0.006633607351903997,0.076778867723214,8.815819563501034,176.0392650651392,0.2481771498999493
walk_medium,right,5,gravity known,-2.083333333333333,39,0.0026916472201682657,0.00334722779974926,4.788690770423206,159.78195901778534,0.49121627239073284
walk_medium,right,5,gravity known,2.916666666666667,64,0.0016191612238080947,0.0022553869200622086,7.228618803823008,171.76492498444046,0.18387144658501522
walk_medium,right,5,gravity known,7.916666666666667,64,0.0018402482901601059,0.0016366777266396731,11.997177778312565,178.21878712767165,0.12061418408966208
walk_medium,right,5,gravity known,12.916666666666668,80,0.0016442243447922333,0.0017148038632956509,7.908314728184584,178.23294529881647,0.27111998776736984
walk_medium,right,5,gravity known,17.916666666666668,76,0.0018580882308649584,0.0017887879689919874,12.144901577099525,163.13572806564454,0.21762772911497355
walk_medium,right,5,gravity known,22.916666666666668,61,0.00151590246319738,0.0019225556111505952,9.986065844159707,179.81569332712652,0.36366757818415285
walk_medium,right,5,gravity known,27.916666666666668,32,0.002713905991368662,0.0032310890978601344,10.662403760109482,178.88853276170133,0.08280658802897674
walk_medium,right,5,gravity known,32.916666666666664,70,0.0025040956494364283,0.0033384640492347202,9.667769969062958,179.99917325463156,0.12487197675118432
walk_medium,right,5,gravity known,37.916666666666664,111,0.0013249112027348161,0.0012277140486596679,11.1412430645655,169.2669537754025,0.17220998461780157
walk_medium,right,5,gravity known,42.916666666666664,90,0.00102181900186259,0.0009532997920207625,13.90768077493162,130.96199096749348,0.3352533053953874
walk_medium,right,5,gravity known,47.916666666666664,148,0.000983891555073669,0.0011775756305547225,9.216808741942044,178.29337109927994,0.1904812549533515
walk_medium,right,5,gravity known,52.916666666666664,108,0.00107323446784727,0.0010443431625533725,5.777467472554626,177.56909070753434,0.1590481156510395
walk_medium,right,5,gravity known,57.916666666666664,61,0.001239788072112459,0.000929178338927488,7.389246096758761,161.34163579124544,0.5543454861185989
walk_medium,right,5,gravity known,62.916666666666664,39,0.001206790324613918,0.0010495747763428279,5.977950093369397,134.10695303919908,0.5660113556199869
walk_medium,right,5,gravity known,67.91666666666667,44,0.0034717738018166656,0.0034251117692139475,14.107096135537489,179.71100082725454,0.0726072328393769
walk_medium,right,5,gravity known,72.91666666666667,92,0.0021518380123976616,0.0028944699187913184,10.82620890145486,179.6216997963772,0.06170115833426839
walk_medium,right,5,gravity known,77.91666666666667,42,0.004986154327489803,0.011150100705110194,8.129524027529945,157.94512015618983,0.0200904506993094
walk_medium,right,5,gravity known,82.91666666666667,17,0.0020937272594089983,0.001988870811884765,11.110536419566941,146.99322671600257,0.5415522882691969
walk_medium,right,5,gravity known,87.91666666666667,43,0.001868727909459357,0.00195870955626521,9.769735147167067,163.58684873693377,0.2627036048295154
walk_medium,right,5,gravity known,92.91666666666667,82,0.001642501125229463,0.0017354669068898267,9.111070355631163,178.6086205817137,0.13507127124534044
walk_medium,right,5,gravity known,97.91666666666667,34,0.0022908767570710706,0.0023258680548091898,6.6290241271314,175.62414988597206,0.2547776714141153
walk_medium,right,5,gravity known,102.91666666666667,58,0.0025376655717442038,0.0031051207349208276,10.021266841385042,179.44477081092,0.11552634577491216
walk_medium,right,5,gravity known,107.91666666666667,56,0.0014277673145024223,0.001621076884089956,12.95200261773637,179.62993009759,0.3563081311555869
walk_medium,right,5,gravity known,112.91666666666667,32,0.0033931316744400717,0.004408864428236193,12.53320878940593,176.8368890809529,0.12590946184413215
walk_medium,right,5,gravity known,117.91666666666667,21,0.003483779582913283,0.00511281609125619,8.032775268458872,176.0392650651392,0.3792496946959486
walk_medium,right,5,gravity uncertain 1deg (0.17 m/s^2),-2.083333333333333,39,0.0026916472201682657,0.027256400198308505,4.788690770423206,159.78195901778534,0.49121627239073284
walk_medium,right,5,gravity uncertain 1deg (0.17 m/s^2),2.916666666666667,64,0.0016191612238080947,0.00712054070780109,7.228618803823008,171.76492498444046,0.18387144658501522
walk_medium,right,5,gravity uncertain 1deg (0.17 m/s^2),7.916666666666667,64,0.0018402482901601059,0.0066315389454814485,11.997177778312565,178.21878712767165,0.12061418408966208
walk_medium,right,5,gravity uncertain 1deg (0.17 m/s^2),12.916666666666668,80,0.0016442243447922333,0.00656283094126014,7.908314728184584,178.23294529881647,0.27111998776736984
walk_medium,right,5,gravity uncertain 1deg (0.17 m/s^2),17.916666666666668,76,0.0018580882308649584,0.0062907067695893385,12.144901577099525,163.13572806564454,0.21762772911497355
walk_medium,right,5,gravity uncertain 1deg (0.17 m/s^2),22.916666666666668,61,0.00151590246319738,0.00994750648658198,9.986065844159707,179.81569332712652,0.36366757818415285
walk_medium,right,5,gravity uncertain 1deg (0.17 m/s^2),27.916666666666668,32,0.002713905991368662,0.010256749149871822,10.662403760109482,178.88853276170133,0.08280658802897674
walk_medium,right,5,gravity uncertain 1deg (0.17 m/s^2),32.916666666666664,70,0.0025040956494364283,0.012403750674537571,9.667769969062958,179.99917325463156,0.12487197675118432
walk_medium,right,5,gravity uncertain 1deg (0.17 m/s^2),37.916666666666664,111,0.0013249112027348161,0.007580609509377386,11.1412430645655,169.2669537754025,0.17220998461780157
walk_medium,right,5,gravity uncertain 1deg (0.17 m/s^2),42.916666666666664,90,0.00102181900186259,0.012473419330920034,13.90768077493162,130.96199096749348,0.3352533053953874
walk_medium,right,5,gravity uncertain 1deg (0.17 m/s^2),47.916666666666664,148,0.000983891555073669,0.003855091482718644,9.216808741942044,178.29337109927994,0.1904812549533515
walk_medium,right,5,gravity uncertain 1deg (0.17 m/s^2),52.916666666666664,108,0.00107323446784727,0.003749396016231176,5.777467472554626,177.56909070753434,0.1590481156510395
walk_medium,right,5,gravity uncertain 1deg (0.17 m/s^2),57.916666666666664,61,0.001239788072112459,0.007843642802280443,7.389246096758761,161.34163579124544,0.5543454861185989
walk_medium,right,5,gravity uncertain 1deg (0.17 m/s^2),62.916666666666664,39,0.001206790324613918,0.007118966061408544,5.977950093369397,134.10695303919908,0.5660113556199869
walk_medium,right,5,gravity uncertain 1deg (0.17 m/s^2),67.91666666666667,44,0.0034717738018166656,0.01369845729389236,14.107096135537489,179.71100082725454,0.0726072328393769
walk_medium,right,5,gravity uncertain 1deg (0.17 m/s^2),72.91666666666667,92,0.0021518380123976616,0.006328665392271847,10.82620890145486,179.6216997963772,0.06170115833426839
walk_medium,right,5,gravity uncertain 1deg (0.17 m/s^2),77.91666666666667,42,0.004986154327489803,0.018745615152643988,8.129524027529945,157.94512015618983,0.0200904506993094
walk_medium,right,5,gravity uncertain 1deg (0.17 m/s^2),82.91666666666667,17,0.0020937272594089983,0.013872295023796576,11.110536419566941,146.99322671600257,0.5415522882691969
walk_medium,right,5,gravity uncertain 1deg (0.17 m/s^2),87.91666666666667,43,0.001868727909459357,0.014735466631391862,9.769735147167067,163.58684873693377,0.2627036048295154
walk_medium,right,5,gravity uncertain 1deg (0.17 m/s^2),92.91666666666667,82,0.001642501125229463,0.0066265709340020025,9.111070355631163,178.6086205817137,0.13507127124534044
walk_medium,right,5,gravity uncertain 1deg (0.17 m/s^2),97.91666666666667,34,0.0022908767570710706,0.017228661973221742,6.6290241271314,175.62414988597206,0.2547776714141153
walk_medium,right,5,gravity uncertain 1deg (0.17 m/s^2),102.91666666666667,58,0.0025376655717442038,0.00824102211075237,10.021266841385042,179.44477081092,0.11552634577491216
walk_medium,right,5,gravity uncertain 1deg (0.17 m/s^2),107.91666666666667,56,0.0014277673145024223,0.00943144379843426,12.95200261773637,179.62993009759,0.3563081311555869
walk_medium,right,5,gravity uncertain 1deg (0.17 m/s^2),112.91666666666667,32,0.0033931316744400717,0.021390243971350253,12.53320878940593,176.8368890809529,0.12590946184413215
walk_medium,right,5,gravity uncertain 1deg (0.17 m/s^2),117.91666666666667,21,0.003483779582913283,0.03245122256428788,8.032775268458872,176.0392650651392,0.3792496946959486
walk_medium,right,10,gravity known,-2.083333333333333,103,0.001101457854011761,0.0010854883220626705,6.304762558166771,176.49542560235693,0.20875976232169827
walk_medium,right,10,gravity known,2.916666666666667,128,0.0008990652287141669,0.0006849470050688091,9.612898291067786,175.914004828086,0.10477194939044868
walk_medium,right,10,gravity known,7.916666666666667,144,0.000730163342090347,0.00037489035824603213,9.72558719490813,178.21878712767165,0.13521013870086093
walk_medium,right,10,gravity known,12.916666666666668,156,0.00044139767363951494,0.0002281336098571777,9.972292936630325,178.23294529881647,0.23957796832770475
walk_medium,right,10,gravity known,17.916666666666668,137,0.00060438017821475,0.00034649094098069806,11.183668148564278,163.13572806564454,0.2585386105851887
walk_medium,right,10,gravity known,22.916666666666668,93,0.001082217444892572,0.0008975511733127017,10.218784266852103,179.81569332712652,0.1501245966362742
walk_medium,right,10,gravity known,27.916666666666668,102,0.0010160141723038476,0.0004444025965591566,9.979811942724613,179.51252642991514,0.0628797380945103
walk_medium,right,10,gravity known,32.916666666666664,181,0.0008485393741310597,0.0005104473052213957,10.571391591166728,179.99917325463156,0.016678743530904108
walk_medium,right,10,gravity known,37.916666666666664,201,0.00047023634612685804,0.00022675435378901319,12.379946516968241,169.49598570554232,0.23747071199593006
walk_medium,right,10,gravity known,42.916666666666664,238,0.0003656857475941985,0.00014233094516262154,10.990667914080959,179.0191516532138,0.2422478715720547
walk_medium,right,10,gravity known,47.916666666666664,256,0.0006043062244383225,0.0003967602562583017,7.7658366439192275,179.98925539631213,0.029639536675603383
walk_medium,right,10,gravity known,52.916666666666664,169,0.0006368790468744218,0.0003695894826233147,6.3592337215277155,177.56909070753434,0.1331863409339744
walk_medium,right,10,gravity known,57.916666666666664,100,0.0002640573338875979,0.000149652722424238,6.838840655436908,179.77071752507518,0.5355343840781612
walk_medium,right,10,gravity known,62.916666666666664,83,0.0008940707234888622,0.0004914964128449351,10.28737691090429,173.77415269297495,0.18909828188086408
walk_medium,right,10,gravity known,67.91666666666667,136,0.0012675063178901025,0.0005252536005228793,11.887672418363946,179.71100082725454,0.09565168867888567
walk_medium,right,10,gravity known,72.91666666666667,134,0.0010214843764675804,0.0006215720427820574,9.980979314105259,179.6216997963772,0.11556024572338107
walk_medium,right,10,gravity known,77.91666666666667,59,0.0007135265626626937,0.00035289605739520106,8.988459801506705,177.95509976287224,0.3188566944857664
walk_medium,right,10,gravity known,82.91666666666667,60,0.0006237918534218752,0.0003449397272426185,10.149628841013701,164.34542606198028,0.36065226204714
walk_medium,right,10,gravity known,87.91666666666667,125,0.0008585346832749892,0.0006009878901154726,9.337651043919516,163.58684873693377,0.19325913697871316
walk_medium,right,10,gravity known,92.91666666666667,116,0.0010157341459101077,0.0005704139573074898,8.383574047277783,179.46433609012274,0.0536850275309955
walk_medium,right,10,gravity known,97.91666666666667,92,0.0010347220553231582,0.0007722758189231805,8.767611925247827,178.5511561504255,0.13478950348946278
walk_medium,right,10,gravity known,102.91666666666667,114,0.0006188413921657917,0.00027351964111604644,11.46092652099622,179.44477081092,0.1530029783258992
walk_medium,right,10,gravity known,107.91666666666667,88,0.0006418533207445905,0.0002751533481428174,12.799713952888938,179.62993009759,0.21941664090437638
walk_medium,right,10,gravity known,112.91666666666667,53,0.001686329191058845,0.001330675076120586,10.75001814903068,176.8368890809529,0.18809401904915637
walk_medium,right,10,gravity uncertain 1deg (0.17 m/s^2),-2.083333333333333,103,0.001101457854011761,0.002469739229287526,6.304762558166771,176.49542560235693,0.20875976232169827
walk_medium,right,10,gravity uncertain 1deg (0.17 m/s^2),2.916666666666667,128,0.0008990652287141669,0.0013605699176209008,9.612898291067786,175.914004828086,0.10477194939044868
walk_medium,right,10,gravity uncertain 1deg (0.17 m/s^2),7.916666666666667,144,0.000730163342090347,0.0012660492612702374,9.72558719490813,178.21878712767165,0.13521013870086093
walk_medium,right,10,gravity uncertain 1deg (0.17 m/s^2),12.916666666666668,156,0.00044139767363951494,0.0015092901050327565,9.972292936630325,178.23294529881647,0.23957796832770475
walk_medium,right,10,gravity uncertain 1deg (0.17 m/s^2),17.916666666666668,137,0.00060438017821475,0.001778228176714146,11.183668148564278,163.13572806564454,0.2585386105851887
walk_medium,right,10,gravity uncertain 1deg (0.17 m/s^2),22.916666666666668,93,0.001082217444892572,0.0022720407041918215,10.218784266852103,179.81569332712652,0.1501245966362742
walk_medium,right,10,gravity uncertain 1deg (0.17 m/s^2),27.916666666666668,102,0.0010160141723038476,0.001290240508050692,9.979811942724613,179.51252642991514,0.0628797380945103
walk_medium,right,10,gravity uncertain 1deg (0.17 m/s^2),32.916666666666664,181,0.0008485393741310597,0.0012784605007751279,10.571391591166728,179.99917325463156,0.016678743530904108
walk_medium,right,10,gravity uncertain 1deg (0.17 m/s^2),37.916666666666664,201,0.00047023634612685804,0.001496599040889005,12.379946516968241,169.49598570554232,0.23747071199593006
walk_medium,right,10,gravity uncertain 1deg (0.17 m/s^2),42.916666666666664,238,0.0003656857475941985,0.0006598467675285938,10.990667914080959,179.0191516532138,0.2422478715720547
walk_medium,right,10,gravity uncertain 1deg (0.17 m/s^2),47.916666666666664,256,0.0006043062244383225,0.0011527024780374798,7.7658366439192275,179.98925539631213,0.029639536675603383
walk_medium,right,10,gravity uncertain 1deg (0.17 m/s^2),52.916666666666664,169,0.0006368790468744218,0.0011977787571350658,6.3592337215277155,177.56909070753434,0.1331863409339744
walk_medium,right,10,gravity uncertain 1deg (0.17 m/s^2),57.916666666666664,100,0.0002640573338875979,0.0016534582328316437,6.838840655436908,179.77071752507518,0.5355343840781612
walk_medium,right,10,gravity uncertain 1deg (0.17 m/s^2),62.916666666666664,83,0.0008940707234888622,0.0010673805695302788,10.28737691090429,173.77415269297495,0.18909828188086408
walk_medium,right,10,gravity uncertain 1deg (0.17 m/s^2),67.91666666666667,136,0.0012675063178901025,0.002306123571207423,11.887672418363946,179.71100082725454,0.09565168867888567
walk_medium,right,10,gravity uncertain 1deg (0.17 m/s^2),72.91666666666667,134,0.0010214843764675804,0.0023387420777691483,9.980979314105259,179.6216997963772,0.11556024572338107
walk_medium,right,10,gravity uncertain 1deg (0.17 m/s^2),77.91666666666667,59,0.0007135265626626937,0.0014629251974945805,8.988459801506705,177.95509976287224,0.3188566944857664
walk_medium,right,10,gravity uncertain 1deg (0.17 m/s^2),82.91666666666667,60,0.0006237918534218752,0.0018273612282058657,10.149628841013701,164.34542606198028,0.36065226204714
walk_medium,right,10,gravity uncertain 1deg (0.17 m/s^2),87.91666666666667,125,0.0008585346832749892,0.002202572463585559,9.337651043919516,163.58684873693377,0.19325913697871316
walk_medium,right,10,gravity uncertain 1deg (0.17 m/s^2),92.91666666666667,116,0.0010157341459101077,0.0017536912997016389,8.383574047277783,179.46433609012274,0.0536850275309955
walk_medium,right,10,gravity uncertain 1deg (0.17 m/s^2),97.91666666666667,92,0.0010347220553231582,0.001738890801273572,8.767611925247827,178.5511561504255,0.13478950348946278
walk_medium,right,10,gravity uncertain 1deg (0.17 m/s^2),102.91666666666667,114,0.0006188413921657917,0.0019347538203755594,11.46092652099622,179.44477081092,0.1530029783258992
walk_medium,right,10,gravity uncertain 1deg (0.17 m/s^2),107.91666666666667,88,0.0006418533207445905,0.0012423410782457873,12.799713952888938,179.62993009759,0.21941664090437638
walk_medium,right,10,gravity uncertain 1deg (0.17 m/s^2),112.91666666666667,53,0.001686329191058845,0.0032912793690179857,10.75001814903068,176.8368890809529,0.18809401904915637
walk_medium,right,20,gravity known,-2.083333333333333,247,0.00040839048178312523,0.00015723986409615313,8.29908947189453,178.94056921314623,0.18768203871001837
walk_medium,right,20,gravity known,7.916666666666667,281,0.0001943008711899518,4.039608634740639e-05,10.43646652106789,179.7376524572711,0.263572783069574
walk_medium,right,20,gravity known,17.916666666666668,239,0.000311087451215224,7.764005615241912e-05,10.66988851259923,177.76375850590128,0.10353386050443215
walk_medium,right,20,gravity known,27.916666666666668,303,0.00034078695243934884,9.621989904366141e-05,11.571980422668403,179.8823163879355,0.12035482645010749
walk_medium,right,20,gravity known,37.916666666666664,457,0.00016714772712915867,3.5566125972456016e-05,9.795237266419997,179.44694686122628,0.13150451835118612
walk_medium,right,20,gravity known,47.916666666666664,356,0.00019810156953710805,5.730886559585889e-05,7.50544451232307,179.98925539631213,0.21343067413256492
walk_medium,right,20,gravity known,57.916666666666664,236,0.00018306671108206745,5.125675104878598e-05,9.74833692559825,179.77071752507518,0.17029426253590807
walk_medium,right,20,gravity known,67.91666666666667,195,0.00047274339417313263,0.0001398039079181277,11.01047475480201,179.71100082725454,0.05524207413658015
walk_medium,right,20,gravity known,77.91666666666667,184,0.00023088294010621305,5.5461686058640667e-05,9.225682112928451,179.7705911474716,0.16712992660450565
walk_medium,right,20,gravity known,87.91666666666667,217,0.0004274275943418283,0.0001339102833734228,9.095975472869766,178.50709769117776,0.06924311054869735
walk_medium,right,20,gravity known,97.91666666666667,180,0.0003535449673219462,7.737940221313187e-05,10.738861805427927,178.5511561504255,0.05667798646906681
walk_medium,right,20,gravity uncertain 1deg (0.17 m/s^2),-2.083333333333333,247,0.00040839048178312523,0.0004927368833638294,8.29908947189453,178.94056921314623,0.18768203871001837
walk_medium,right,20,gravity uncertain 1deg (0.17 m/s^2),7.916666666666667,281,0.0001943008711899518,0.000429122175248639,10.43646652106789,179.7376524572711,0.263572783069574
walk_medium,right,20,gravity uncertain 1deg (0.17 m/s^2),17.916666666666668,239,0.000311087451215224,0.00044301035561027227,10.66988851259923,177.76375850590128,0.10353386050443215
walk_medium,right,20,gravity uncertain 1deg (0.17 m/s^2),27.916666666666668,303,0.00034078695243934884,0.00019546122738905864,11.571980422668403,179.8823163879355,0.12035482645010749
walk_medium,right,20,gravity uncertain 1deg (0.17 m/s^2),37.916666666666664,457,0.00016714772712915867,0.0001666969649510692,9.795237266419997,179.44694686122628,0.13150451835118612
walk_medium,right,20,gravity uncertain 1deg (0.17 m/s^2),47.916666666666664,356,0.00019810156953710805,0.00011621560867989771,7.50544451232307,179.98925539631213,0.21343067413256492
walk_medium,right,20,gravity uncertain 1deg (0.17 m/s^2),57.916666666666664,236,0.00018306671108206745,0.00012307347384006613,9.74833692559825,179.77071752507518,0.17029426253590807
walk_medium,right,20,gravity uncertain 1deg (0.17 m/s^2),67.91666666666667,195,0.00047274339417313263,0.0002474293950541401,11.01047475480201,179.71100082725454,0.05524207413658015
walk_medium,right,20,gravity uncertain 1deg (0.17 m/s^2),77.91666666666667,184,0.00023088294010621305,0.0002594196277824442,9.225682112928451,179.7705911474716,0.16712992660450565
walk_medium,right,20,gravity uncertain 1deg (0.17 m/s^2),87.91666666666667,217,0.0004274275943418283,0.00035857429566353083,9.095975472869766,178.50709769117776,0.06924311054869735
walk_medium,right,20,gravity uncertain 1deg (0.17 m/s^2),97.91666666666667,180,0.0003535449673219462,0.00030163337383023976,10.738861805427927,178.5511561504255,0.05667798646906681
walk_medium,right,30,gravity known,-2.083333333333333,384,0.00014804804518575893,2.4098130774592234e-05,9.328223010185559,179.76438460979966,0.24877414125551267
walk_medium,right,30,gravity known,12.916666666666668,430,0.00015056892163076353,2.6746014852253268e-05,10.277782588215706,179.7015415657552,0.13826098393275565
walk_medium,right,30,gravity known,27.916666666666668,559,0.0001334335846228808,1.961986228074795e-05,9.8289163665686,179.91615658170053,0.09546406117099238
walk_medium,right,30,gravity known,42.916666666666664,490,0.00013235566265296846,2.2485238653708936e-05,9.274166828764303,179.63322817416488,0.1406224816303733
walk_medium,right,30,gravity known,57.916666666666664,295,0.00016671287020849395,3.7284320469497873e-05,9.596361500779944,179.77071752507518,0.2135085833137154
walk_medium,right,30,gravity known,72.91666666666667,310,0.00017301529777880877,3.005922520613849e-05,9.415882413016611,179.6216997963772,0.02598527231340647
walk_medium,right,30,gravity known,87.91666666666667,305,0.00026245707048414967,5.176514767333655e-05,10.164595099891692,178.50709769117776,0.057681281613418685
walk_medium,right,30,gravity uncertain 1deg (0.17 m/s^2),-2.083333333333333,384,0.00014804804518575893,0.00017748769351716719,9.328223010185559,179.76438460979966,0.24877414125551267
walk_medium,right,30,gravity uncertain 1deg (0.17 m/s^2),12.916666666666668,430,0.00015056892163076353,0.00014698101393728494,10.277782588215706,179.7015415657552,0.13826098393275565
walk_medium,right,30,gravity uncertain 1deg (0.17 m/s^2),27.916666666666668,559,0.0001334335846228808,7.252078683477427e-05,9.8289163665686,179.91615658170053,0.09546406117099238
walk_medium,right,30,gravity uncertain 1deg (0.17 m/s^2),42.916666666666664,490,0.00013235566265296846,5.390147234397128e-05,9.274166828764303,179.63322817416488,0.1406224816303733
walk_medium,right,30,gravity uncertain 1deg (0.17 m/s^2),57.916666666666664,295,0.00016671287020849395,8.473669692712484e-05,9.596361500779944,179.77071752507518,0.2135085833137154
walk_medium,right,30,gravity uncertain 1deg (0.17 m/s^2),72.91666666666667,310,0.00017301529777880877,0.00015049243095004378,9.415882413016611,179.6216997963772,0.02598527231340647
walk_medium,right,30,gravity uncertain 1deg (0.17 m/s^2),87.91666666666667,305,0.00026245707048414967,0.00017032246649633314,10.164595099891692,178.50709769117776,0.057681281613418685
walk_medium,right,60,gravity known,-2.083333333333333,943,5.165551801422876e-05,4.395077418955495e-06,9.625028509886642,179.76438460979966,0.15976226299153248
walk_medium,right,60,gravity known,27.916666666666668,854,7.183489270220237e-05,5.967953689024448e-06,9.748584182250507,179.91615658170053,0.09873083088278667
walk_medium,right,60,gravity known,57.916666666666664,600,9.181726203514387e-05,1.1195345432502496e-05,9.885213580328415,179.77071752507518,0.06018322832271294
walk_medium,right,60,gravity uncertain 1deg (0.17 m/s^2),-2.083333333333333,943,5.165551801422876e-05,2.5722528966992453e-05,9.625028509886642,179.76438460979966,0.15976226299153248
walk_medium,right,60,gravity uncertain 1deg (0.17 m/s^2),27.916666666666668,854,7.183489270220237e-05,1.8603220137165923e-05,9.748584182250507,179.91615658170053,0.09873083088278667
walk_medium,right,60,gravity uncertain 1deg (0.17 m/s^2),57.916666666666664,600,9.181726203514387e-05,2.92788197511432e-05,9.885213580328415,179.77071752507518,0.06018322832271294
