trace,estimator,kind,criterion,t_settle_s,steady_rms,mean_truth_mag
static_dark_left_factory,A_naive_ema_tau10,gyro,30% of |b|,,0.00770099081284082,0.00019790560519951811
static_dark_left_factory,A_naive_ema_tau10,gyro,floor 1.5x steady-state,0.0,0.00770099081284082,0.00019790560519951811
static_dark_left_factory,A_naive_ema_tau30,gyro,30% of |b|,,0.0048661540647986475,0.00019790560519951811
static_dark_left_factory,A_naive_ema_tau30,gyro,floor 1.5x steady-state,0.0,0.0048661540647986475,0.00019790560519951811
static_dark_left_factory,A_dt_weighted_tau10,gyro,30% of |b|,,0.005350510016225916,0.00019790560519951811
static_dark_left_factory,A_dt_weighted_tau10,gyro,floor 1.5x steady-state,108.13477493399999,0.005350510016225916,0.00019790560519951811
static_dark_left_factory,A_dt_weighted_tau30,gyro,30% of |b|,,0.0034872278898784004,0.00019790560519951811
static_dark_left_factory,A_dt_weighted_tau30,gyro,floor 1.5x steady-state,106.570138516,0.0034872278898784004,0.00019790560519951811
static_dark_left_factory,A_dt_weighted_tau60,gyro,30% of |b|,,0.0031519267086168564,0.00019790560519951811
static_dark_left_factory,A_dt_weighted_tau60,gyro,floor 1.5x steady-state,65.779761971,0.0031519267086168564,0.00019790560519951811
static_dark_left_factory,A_median_tau30,gyro,30% of |b|,,0.009277124993492198,0.00019790560519951811
static_dark_left_factory,A_median_tau30,gyro,floor 1.5x steady-state,115.74696000399999,0.009277124993492198,0.00019790560519951811
static_dark_left_factory,C_gyro_W30,gyro,30% of |b|,,0.0001985931142451568,0.00019790560519951811
static_dark_left_factory,C_gyro_W30,gyro,floor 1.5x steady-state,0.0,0.0001985931142451568,0.00019790560519951811
static_dark_left_factory,C_gyro_W60,gyro,30% of |b|,,0.0001985931142451568,0.00019790560519951811
static_dark_left_factory,C_gyro_W60,gyro,floor 1.5x steady-state,0.0,0.0001985931142451568,0.00019790560519951811
static_dark_left_factory,B_q3e-06,gyro,30% of |b|,119.320036792,9.590294595275184e-05,0.00019790560519951811
static_dark_left_factory,B_q3e-06,gyro,floor 1.5x steady-state,48.979706852,9.590294595275184e-05,0.00019790560519951811
static_dark_left_factory,B_q1e-05,gyro,30% of |b|,119.320036792,9.973914772022508e-05,0.00019790560519951811
static_dark_left_factory,B_q1e-05,gyro,floor 1.5x steady-state,48.979706852,9.973914772022508e-05,0.00019790560519951811
static_dark_left_factory,B_q3e-05,gyro,30% of |b|,,0.00012673631572804623,0.00019790560519951811
static_dark_left_factory,B_q3e-05,gyro,floor 1.5x steady-state,25.233308703000002,0.00012673631572804623,0.00019790560519951811
static_dark_left_factory,B_q3e-06,accel,30% of |b|,107.790845663,0.0075584876871689945,0.024846444221387407
static_dark_left_factory,B_q3e-06,accel,floor 1.5x steady-state,105.860025548,0.0075584876871689945,0.024846444221387407
static_dark_left_factory,B_q1e-05,accel,30% of |b|,107.790845663,0.007560318271276646,0.024846444221387407
static_dark_left_factory,B_q1e-05,accel,floor 1.5x steady-state,105.860025548,0.007560318271276646,0.024846444221387407
static_dark_left_factory,B_q3e-05,accel,30% of |b|,107.790845663,0.007573391535004372,0.024846444221387407
static_dark_left_factory,B_q3e-05,accel,floor 1.5x steady-state,105.860025548,0.007573391535004372,0.024846444221387407
static_dark_left_factory,A_accel_naive_ema,accel,30% of |b|,,0.27174044459562,0.024846444221387407
static_dark_left_factory,A_accel_naive_ema,accel,floor 1.5x steady-state,115.547153966,0.27174044459562,0.024846444221387407
static_dark_left_factory,A_accel_dt_weighted,accel,30% of |b|,,4.819484204760882,0.024846444221387407
static_dark_left_factory,A_accel_dt_weighted,accel,floor 1.5x steady-state,17.044120753,4.819484204760882,0.024846444221387407
static_dark_left_factory,C_accel_W30,accel,30% of |b|,,0.08023397409959035,0.024846444221387407
static_dark_left_factory,C_accel_W30,accel,floor 1.5x steady-state,117.045317942,0.08023397409959035,0.024846444221387407
static_dark_left_large,A_naive_ema_tau10,gyro,30% of |b|,,0.0076578904451907025,0.019538508291081967
static_dark_left_large,A_naive_ema_tau10,gyro,floor 1.5x steady-state,12.760885941000002,0.0076578904451907025,0.019538508291081967
static_dark_left_large,A_naive_ema_tau30,gyro,30% of |b|,37.417162778,0.004779504489815256,0.019538508291081967
static_dark_left_large,A_naive_ema_tau30,gyro,floor 1.5x steady-state,37.417162778,0.004779504489815256,0.019538508291081967
static_dark_left_large,A_dt_weighted_tau10,gyro,30% of |b|,117.411331795,0.005351802874564308,0.019538508291081967
static_dark_left_large,A_dt_weighted_tau10,gyro,floor 1.5x steady-state,108.13477493399999,0.005351802874564308,0.019538508291081967
static_dark_left_large,A_dt_weighted_tau30,gyro,30% of |b|,61.496527566,0.003495518048049639,0.019538508291081967
static_dark_left_large,A_dt_weighted_tau30,gyro,floor 1.5x steady-state,106.570138516,0.003495518048049639,0.019538508291081967
static_dark_left_large,A_dt_weighted_tau60,gyro,30% of |b|,61.496527566,0.003162241348882071,0.019538508291081967
static_dark_left_large,A_dt_weighted_tau60,gyro,floor 1.5x steady-state,65.779761971,0.003162241348882071,0.019538508291081967
static_dark_left_large,A_median_tau30,gyro,30% of |b|,,0.009277554236382136,0.019538508291081967
static_dark_left_large,A_median_tau30,gyro,floor 1.5x steady-state,115.74696000399999,0.009277554236382136,0.019538508291081967
static_dark_left_large,C_gyro_W30,gyro,30% of |b|,,0.019538515325955304,0.019538508291081967
static_dark_left_large,C_gyro_W30,gyro,floor 1.5x steady-state,0.0,0.019538515325955304,0.019538508291081967
static_dark_left_large,C_gyro_W60,gyro,30% of |b|,,0.019538515325955304,0.019538508291081967
static_dark_left_large,C_gyro_W60,gyro,floor 1.5x steady-state,0.0,0.019538515325955304,0.019538508291081967
static_dark_left_large,B_q3e-06,gyro,30% of |b|,1.7753220680000001,9.168107211236959e-05,0.019538508291081967
static_dark_left_large,B_q3e-06,gyro,floor 1.5x steady-state,48.979706852,9.168107211236959e-05,0.019538508291081967
static_dark_left_large,B_q1e-05,gyro,30% of |b|,1.7753220680000001,9.520217124083414e-05,0.019538508291081967
static_dark_left_large,B_q1e-05,gyro,floor 1.5x steady-state,48.979706852,9.520217124083414e-05,0.019538508291081967
static_dark_left_large,B_q3e-05,gyro,30% of |b|,1.7753220680000001,0.00012070593967315263,0.019538508291081967
static_dark_left_large,B_q3e-05,gyro,floor 1.5x steady-state,48.968617652,0.00012070593967315263,0.019538508291081967
static_dark_left_large,B_q3e-06,accel,30% of |b|,1.7753220680000001,0.008325387789663326,0.27050630257399794
static_dark_left_large,B_q3e-06,accel,floor 1.5x steady-state,105.36076713499999,0.008325387789663326,0.27050630257399794
static_dark_left_large,B_q1e-05,accel,30% of |b|,1.7753220680000001,0.008327183382641427,0.27050630257399794
static_dark_left_large,B_q1e-05,accel,floor 1.5x steady-state,105.36076713499999,0.008327183382641427,0.27050630257399794
static_dark_left_large,B_q3e-05,accel,30% of |b|,1.7753220680000001,0.00834007684944332,0.27050630257399794
static_dark_left_large,B_q3e-05,accel,floor 1.5x steady-state,105.36076713499999,0.00834007684944332,0.27050630257399794
static_dark_left_large,A_accel_naive_ema,accel,30% of |b|,,0.2349978794692556,0.27050630257399794
static_dark_left_large,A_accel_naive_ema,accel,floor 1.5x steady-state,105.338550179,0.2349978794692556,0.27050630257399794
static_dark_left_large,A_accel_dt_weighted,accel,30% of |b|,,4.818885759952973,0.27050630257399794
static_dark_left_large,A_accel_dt_weighted,accel,floor 1.5x steady-state,17.044120753,4.818885759952973,0.27050630257399794
static_dark_left_large,C_accel_W30,accel,30% of |b|,,0.0777735533824716,0.27050630257399794
static_dark_left_large,C_accel_W30,accel,floor 1.5x steady-state,,0.0777735533824716,0.27050630257399794
static_dark_right_drift,A_naive_ema_tau10,gyro,30% of |b|,,0.007751867113859186,0.0056182035363657274
static_dark_right_drift,A_naive_ema_tau10,gyro,floor 1.5x steady-state,110.587131348,0.007751867113859186,0.0056182035363657274
static_dark_right_drift,A_naive_ema_tau30,gyro,30% of |b|,,0.003963931324686997,0.0056182035363657274
static_dark_right_drift,A_naive_ema_tau30,gyro,floor 1.5x steady-state,110.797945851,0.003963931324686997,0.0056182035363657274
static_dark_right_drift,A_dt_weighted_tau10,gyro,30% of |b|,,0.005546964435529368,0.0056182035363657274
static_dark_right_drift,A_dt_weighted_tau10,gyro,floor 1.5x steady-state,115.414011326,0.005546964435529368,0.0056182035363657274
static_dark_right_drift,A_dt_weighted_tau30,gyro,30% of |b|,,0.0029544396411932956,0.0056182035363657274
static_dark_right_drift,A_dt_weighted_tau30,gyro,floor 1.5x steady-state,119.176002188,0.0029544396411932956,0.0056182035363657274
static_dark_right_drift,A_dt_weighted_tau60,gyro,30% of |b|,,0.002873149399012023,0.0056182035363657274
static_dark_right_drift,A_dt_weighted_tau60,gyro,floor 1.5x steady-state,70.872920108,0.002873149399012023,0.0056182035363657274
static_dark_right_drift,A_median_tau30,gyro,30% of |b|,,0.015286167587308164,0.0056182035363657274
static_dark_right_drift,A_median_tau30,gyro,floor 1.5x steady-state,,0.015286167587308164,0.0056182035363657274
static_dark_right_drift,C_gyro_W30,gyro,30% of |b|,87.79502622,0.0011494738606873146,0.0056182035363657274
static_dark_right_drift,C_gyro_W30,gyro,floor 1.5x steady-state,87.79502622,0.0011494738606873146,0.0056182035363657274
static_dark_right_drift,C_gyro_W60,gyro,30% of |b|,115.32530249,0.002553539947342243,0.0056182035363657274
static_dark_right_drift,C_gyro_W60,gyro,floor 1.5x steady-state,0.0,0.002553539947342243,0.0056182035363657274
static_dark_right_drift,B_q3e-06,gyro,30% of |b|,113.483307767,0.0018174723144376418,0.0056182035363657274
static_dark_right_drift,B_q3e-06,gyro,floor 1.5x steady-state,4.89353239,0.0018174723144376418,0.0056182035363657274
static_dark_right_drift,B_q1e-05,gyro,30% of |b|,92.311253331,0.0017159722839250387,0.0056182035363657274
static_dark_right_drift,B_q1e-05,gyro,floor 1.5x steady-state,4.89353239,0.0017159722839250387,0.0056182035363657274
static_dark_right_drift,B_q3e-05,gyro,30% of |b|,59.75435444199999,0.0012158736702986034,0.0056182035363657274
static_dark_right_drift,B_q3e-05,gyro,floor 1.5x steady-state,44.27479370699999,0.0012158736702986034,0.0056182035363657274
static_dark_right_drift,B_q3e-06,accel,30% of |b|,23.235957135,0.008364547582114216,0.051461527481053745
static_dark_right_drift,B_q3e-06,accel,floor 1.5x steady-state,98.070275087,0.008364547582114216,0.051461527481053745
static_dark_right_drift,B_q1e-05,accel,30% of |b|,23.235957135,0.008338937223529293,0.051461527481053745
static_dark_right_drift,B_q1e-05,accel,floor 1.5x steady-state,98.070275087,0.008338937223529293,0.051461527481053745
static_dark_right_drift,B_q3e-05,accel,30% of |b|,23.235957135,0.008266081189586558,0.051461527481053745
static_dark_right_drift,B_q3e-05,accel,floor 1.5x steady-state,98.21461169199999,0.008266081189586558,0.051461527481053745
static_dark_right_drift,A_accel_naive_ema,accel,30% of |b|,,0.7257447973647333,0.051461527481053745
static_dark_right_drift,A_accel_naive_ema,accel,floor 1.5x steady-state,94.319727407,0.7257447973647333,0.051461527481053745
static_dark_right_drift,A_accel_dt_weighted,accel,30% of |b|,,2.433317335832401,0.051461527481053745
static_dark_right_drift,A_accel_dt_weighted,accel,floor 1.5x steady-state,41.112362776999994,2.433317335832401,0.051461527481053745
static_dark_right_drift,C_accel_W30,accel,30% of |b|,,0.17976330301968602,0.051461527481053745
static_dark_right_drift,C_accel_W30,accel,floor 1.5x steady-state,108.334561588,0.17976330301968602,0.051461527481053745
static_dark_right_factory,A_naive_ema_tau10,gyro,30% of |b|,,0.007883222821319797,0.00019735942890892338
static_dark_right_factory,A_naive_ema_tau10,gyro,floor 1.5x steady-state,110.587131348,0.007883222821319797,0.00019735942890892338
static_dark_right_factory,A_naive_ema_tau30,gyro,30% of |b|,,0.004623710138528544,0.00019735942890892338
static_dark_right_factory,A_naive_ema_tau30,gyro,floor 1.5x steady-state,109.899160436,0.004623710138528544,0.00019735942890892338
static_dark_right_factory,A_dt_weighted_tau10,gyro,30% of |b|,,0.005591958555495643,0.00019735942890892338
static_dark_right_factory,A_dt_weighted_tau10,gyro,floor 1.5x steady-state,115.414011326,0.005591958555495643,0.00019735942890892338
static_dark_right_factory,A_dt_weighted_tau30,gyro,30% of |b|,,0.0028507120014836587,0.00019735942890892338
static_dark_right_factory,A_dt_weighted_tau30,gyro,floor 1.5x steady-state,115.380772305,0.0028507120014836587,0.00019735942890892338
static_dark_right_factory,A_dt_weighted_tau60,gyro,30% of |b|,,0.002366682220480144,0.00019735942890892338
static_dark_right_factory,A_dt_weighted_tau60,gyro,floor 1.5x steady-state,70.872920108,0.002366682220480144,0.00019735942890892338
static_dark_right_factory,A_median_tau30,gyro,30% of |b|,,0.01531005586056326,0.00019735942890892338
static_dark_right_factory,A_median_tau30,gyro,floor 1.5x steady-state,,0.01531005586056326,0.00019735942890892338
static_dark_right_factory,C_gyro_W30,gyro,30% of |b|,,0.0006197960731894304,0.00019735942890892338
static_dark_right_factory,C_gyro_W30,gyro,floor 1.5x steady-state,,0.0006197960731894304,0.00019735942890892338
static_dark_right_factory,C_gyro_W60,gyro,30% of |b|,,0.0002945848592929466,0.00019735942890892338
static_dark_right_factory,C_gyro_W60,gyro,floor 1.5x steady-state,,0.0002945848592929466,0.00019735942890892338
static_dark_right_factory,B_q3e-06,gyro,30% of |b|,,0.00016629527159845963,0.00019735942890892338
static_dark_right_factory,B_q3e-06,gyro,floor 1.5x steady-state,9.287855792,0.00016629527159845963,0.00019735942890892338
static_dark_right_factory,B_q1e-05,gyro,30% of |b|,,0.00016837235293593245,0.00019735942890892338
static_dark_right_factory,B_q1e-05,gyro,floor 1.5x steady-state,9.287855792,0.00016837235293593245,0.00019735942890892338
static_dark_right_factory,B_q3e-05,gyro,30% of |b|,,0.00018385170179092673,0.00019735942890892338
static_dark_right_factory,B_q3e-05,gyro,floor 1.5x steady-state,9.287855792,0.00018385170179092673,0.00019735942890892338
static_dark_right_factory,B_q3e-06,accel,30% of |b|,106.891965413,0.0066991259577805,0.021284285547394744
static_dark_right_factory,B_q3e-06,accel,floor 1.5x steady-state,106.39266144599999,0.0066991259577805,0.021284285547394744
static_dark_right_factory,B_q1e-05,accel,30% of |b|,106.891965413,0.006701189991580384,0.021284285547394744
static_dark_right_factory,B_q1e-05,accel,floor 1.5x steady-state,106.39266144599999,0.006701189991580384,0.021284285547394744
static_dark_right_factory,B_q3e-05,accel,30% of |b|,106.891965413,0.006712248677511777,0.021284285547394744
static_dark_right_factory,B_q3e-05,accel,floor 1.5x steady-state,106.39266144599999,0.006712248677511777,0.021284285547394744
static_dark_right_factory,A_accel_naive_ema,accel,30% of |b|,,0.7432164320140249,0.021284285547394744
static_dark_right_factory,A_accel_naive_ema,accel,floor 1.5x steady-state,94.319727407,0.7432164320140249,0.021284285547394744
static_dark_right_factory,A_accel_dt_weighted,accel,30% of |b|,,2.44186076974483,0.021284285547394744
static_dark_right_factory,A_accel_dt_weighted,accel,floor 1.5x steady-state,41.112362776999994,2.44186076974483,0.021284285547394744
static_dark_right_factory,C_accel_W30,accel,30% of |b|,,0.1789782702513883,0.021284285547394744
static_dark_right_factory,C_accel_W30,accel,floor 1.5x steady-state,108.334561588,0.1789782702513883,0.021284285547394744
static_dark_right_large,A_naive_ema_tau10,gyro,30% of |b|,118.143866549,0.007924826136331931,0.019538175989613087
static_dark_right_large,A_naive_ema_tau10,gyro,floor 1.5x steady-state,110.587131348,0.007924826136331931,0.019538175989613087
static_dark_right_large,A_naive_ema_tau30,gyro,30% of |b|,111.319427851,0.00412715152401384,0.019538175989613087
static_dark_right_large,A_naive_ema_tau30,gyro,floor 1.5x steady-state,110.587131348,0.00412715152401384,0.019538175989613087
static_dark_right_large,A_dt_weighted_tau10,gyro,30% of |b|,119.286777675,0.005590739735754756,0.019538175989613087
static_dark_right_large,A_dt_weighted_tau10,gyro,floor 1.5x steady-state,115.414011326,0.005590739735754756,0.019538175989613087
static_dark_right_large,A_dt_weighted_tau30,gyro,30% of |b|,49.046229133,0.002848247140325876,0.019538175989613087
static_dark_right_large,A_dt_weighted_tau30,gyro,floor 1.5x steady-state,115.380772305,0.002848247140325876,0.019538175989613087
static_dark_right_large,A_dt_weighted_tau60,gyro,30% of |b|,48.913122580999996,0.0023645592836471162,0.019538175989613087
static_dark_right_large,A_dt_weighted_tau60,gyro,floor 1.5x steady-state,70.872920108,0.0023645592836471162,0.019538175989613087
static_dark_right_large,A_median_tau30,gyro,30% of |b|,,0.01533521875629377,0.019538175989613087
static_dark_right_large,A_median_tau30,gyro,floor 1.5x steady-state,,0.01533521875629377,0.019538175989613087
static_dark_right_large,C_gyro_W30,gyro,30% of |b|,5.10431839,0.0006241272929495294,0.019538175989613087
static_dark_right_large,C_gyro_W30,gyro,floor 1.5x steady-state,,0.0006241272929495294,0.019538175989613087
static_dark_right_large,C_gyro_W60,gyro,30% of |b|,5.10431839,0.0002909454989305913,0.019538175989613087
static_dark_right_large,C_gyro_W60,gyro,floor 1.5x steady-state,,0.0002909454989305913,0.019538175989613087
static_dark_right_large,B_q3e-06,gyro,30% of |b|,1.697630937,0.00018773245091642477,0.019538175989613087
static_dark_right_large,B_q3e-06,gyro,floor 1.5x steady-state,9.287855792,0.00018773245091642477,0.019538175989613087
static_dark_right_large,B_q1e-05,gyro,30% of |b|,1.697630937,0.00018982190907497546,0.019538175989613087
static_dark_right_large,B_q1e-05,gyro,floor 1.5x steady-state,9.287855792,0.00018982190907497546,0.019538175989613087
static_dark_right_large,B_q3e-05,gyro,30% of |b|,1.697630937,0.00020513297906444729,0.019538175989613087
static_dark_right_large,B_q3e-05,gyro,floor 1.5x steady-state,9.287855792,0.00020513297906444729,0.019538175989613087
static_dark_right_large,B_q3e-06,accel,30% of |b|,1.209485802,0.007073782486421644,0.2680410442014923
static_dark_right_large,B_q3e-06,accel,floor 1.5x steady-state,106.39266144599999,0.007073782486421644,0.2680410442014923
static_dark_right_large,B_q1e-05,accel,30% of |b|,1.209485802,0.007075887896240369,0.2680410442014923
static_dark_right_large,B_q1e-05,accel,floor 1.5x steady-state,106.39266144599999,0.007075887896240369,0.2680410442014923
static_dark_right_large,B_q3e-05,accel,30% of |b|,1.209485802,0.007086639897887836,0.2680410442014923
static_dark_right_large,B_q3e-05,accel,floor 1.5x steady-state,106.39266144599999,0.007086639897887836,0.2680410442014923
static_dark_right_large,A_accel_naive_ema,accel,30% of |b|,,0.6444260946510519,0.2680410442014923
static_dark_right_large,A_accel_naive_ema,accel,floor 1.5x steady-state,94.319727407,0.6444260946510519,0.2680410442014923
static_dark_right_large,A_accel_dt_weighted,accel,30% of |b|,,2.4391392804444987,0.2680410442014923
static_dark_right_large,A_accel_dt_weighted,accel,floor 1.5x steady-state,41.112362776999994,2.4391392804444987,0.2680410442014923
static_dark_right_large,C_accel_W30,accel,30% of |b|,,0.1794561468040353,0.2680410442014923
static_dark_right_large,C_accel_W30,accel,floor 1.5x steady-state,108.334561588,0.1794561468040353,0.2680410442014923
walk_medium_right_factory,A_naive_ema_tau10,gyro,30% of |b|,,0.012439505309934186,0.0001960642297499565
walk_medium_right_factory,A_naive_ema_tau10,gyro,floor 1.5x steady-state,74.79002203399999,0.012439505309934186,0.0001960642297499565
walk_medium_right_factory,A_naive_ema_tau30,gyro,30% of |b|,,0.005895287727095642,0.0001960642297499565
walk_medium_right_factory,A_naive_ema_tau30,gyro,floor 1.5x steady-state,76.65420386599999,0.005895287727095642,0.0001960642297499565
walk_medium_right_factory,A_dt_weighted_tau10,gyro,30% of |b|,,0.0096027853453638,0.0001960642297499565
walk_medium_right_factory,A_dt_weighted_tau10,gyro,floor 1.5x steady-state,109.655007046,0.0096027853453638,0.0001960642297499565
walk_medium_right_factory,A_dt_weighted_tau30,gyro,30% of |b|,,0.0066721071182664375,0.0001960642297499565
walk_medium_right_factory,A_dt_weighted_tau30,gyro,floor 1.5x steady-state,16.444952097,0.0066721071182664375,0.0001960642297499565
walk_medium_right_factory,A_dt_weighted_tau60,gyro,30% of |b|,,0.0060847883241003705,0.0001960642297499565
walk_medium_right_factory,A_dt_weighted_tau60,gyro,floor 1.5x steady-state,16.444952097,0.0060847883241003705,0.0001960642297499565
walk_medium_right_factory,A_median_tau30,gyro,30% of |b|,,0.0101839006804137,0.0001960642297499565
walk_medium_right_factory,A_median_tau30,gyro,floor 1.5x steady-state,103.51879830499999,0.0101839006804137,0.0001960642297499565
walk_medium_right_factory,C_gyro_W30,gyro,30% of |b|,,0.002947417289410109,0.0001960642297499565
walk_medium_right_factory,C_gyro_W30,gyro,floor 1.5x steady-state,66.878243961,0.002947417289410109,0.0001960642297499565
walk_medium_right_factory,C_gyro_W60,gyro,30% of |b|,,0.003546276008216111,0.0001960642297499565
walk_medium_right_factory,C_gyro_W60,gyro,floor 1.5x steady-state,3.384543887,0.003546276008216111,0.0001960642297499565
walk_medium_right_factory,B_q3e-06,gyro,30% of |b|,,0.0013573140730794493,0.0001960642297499565
walk_medium_right_factory,B_q3e-06,gyro,floor 1.5x steady-state,3.98364137,0.0013573140730794493,0.0001960642297499565
walk_medium_right_factory,B_q1e-05,gyro,30% of |b|,,0.0013547044703232714,0.0001960642297499565
walk_medium_right_factory,B_q1e-05,gyro,floor 1.5x steady-state,3.98364137,0.0013547044703232714,0.0001960642297499565
walk_medium_right_factory,B_q3e-05,gyro,30% of |b|,,0.0013385906966524857,0.0001960642297499565
walk_medium_right_factory,B_q3e-05,gyro,floor 1.5x steady-state,3.98364137,0.0013385906966524857,0.0001960642297499565
walk_medium_right_factory,B_q3e-06,accel,30% of |b|,,0.015969871665887723,0.01992224982002932
walk_medium_right_factory,B_q3e-06,accel,floor 1.5x steady-state,55.526629535,0.015969871665887723,0.01992224982002932
walk_medium_right_factory,B_q1e-05,accel,30% of |b|,,0.01595798159238933,0.01992224982002932
walk_medium_right_factory,B_q1e-05,accel,floor 1.5x steady-state,55.526629535,0.01595798159238933,0.01992224982002932
walk_medium_right_factory,B_q3e-05,accel,30% of |b|,,0.0158878968659259,0.01992224982002932
walk_medium_right_factory,B_q3e-05,accel,floor 1.5x steady-state,55.526629535,0.0158878968659259,0.01992224982002932
walk_medium_right_factory,A_accel_naive_ema,accel,30% of |b|,,4.348531098583382,0.01992224982002932
walk_medium_right_factory,A_accel_naive_ema,accel,floor 1.5x steady-state,0.0,4.348531098583382,0.01992224982002932
walk_medium_right_factory,A_accel_dt_weighted,accel,30% of |b|,,4.952876308313994,0.01992224982002932
walk_medium_right_factory,A_accel_dt_weighted,accel,floor 1.5x steady-state,4.161155057,4.952876308313994,0.01992224982002932
walk_medium_right_factory,C_accel_W30,accel,30% of |b|,,0.6800624819922165,0.01992224982002932
walk_medium_right_factory,C_accel_W30,accel,floor 1.5x steady-state,94.96338102099999,0.6800624819922165,0.01992224982002932
walk_medium_right_large,A_naive_ema_tau10,gyro,30% of |b|,,0.012400561378800017,0.019536740886282353
walk_medium_right_large,A_naive_ema_tau10,gyro,floor 1.5x steady-state,74.79002203399999,0.012400561378800017,0.019536740886282353
walk_medium_right_large,A_naive_ema_tau30,gyro,30% of |b|,104.48407257599999,0.005724872041700568,0.019536740886282353
walk_medium_right_large,A_naive_ema_tau30,gyro,floor 1.5x steady-state,73.891176034,0.005724872041700568,0.019536740886282353
walk_medium_right_large,A_dt_weighted_tau10,gyro,30% of |b|,,0.009595446995604481,0.019536740886282353
walk_medium_right_large,A_dt_weighted_tau10,gyro,floor 1.5x steady-state,109.655007046,0.009595446995604481,0.019536740886282353
walk_medium_right_large,A_dt_weighted_tau30,gyro,30% of |b|,,0.006662889942527558,0.019536740886282353
walk_medium_right_large,A_dt_weighted_tau30,gyro,floor 1.5x steady-state,16.444952097,0.006662889942527558,0.019536740886282353
walk_medium_right_large,A_dt_weighted_tau60,gyro,30% of |b|,,0.006073649812489038,0.019536740886282353
walk_medium_right_large,A_dt_weighted_tau60,gyro,floor 1.5x steady-state,16.444952097,0.006073649812489038,0.019536740886282353
walk_medium_right_large,A_median_tau30,gyro,30% of |b|,,0.010183464034038874,0.019536740886282353
walk_medium_right_large,A_median_tau30,gyro,floor 1.5x steady-state,103.51879830499999,0.010183464034038874,0.019536740886282353
walk_medium_right_large,C_gyro_W30,gyro,30% of |b|,62.983461861,0.0029509122979499113,0.019536740886282353
walk_medium_right_large,C_gyro_W30,gyro,floor 1.5x steady-state,66.878243961,0.0029509122979499113,0.019536740886282353
walk_medium_right_large,C_gyro_W60,gyro,30% of |b|,3.384543887,0.0035500047451729575,0.019536740886282353
walk_medium_right_large,C_gyro_W60,gyro,floor 1.5x steady-state,3.384543887,0.0035500047451729575,0.019536740886282353
walk_medium_right_large,B_q3e-06,gyro,30% of |b|,1.6311314689999998,0.001380544100120723,0.019536740886282353
walk_medium_right_large,B_q3e-06,gyro,floor 1.5x steady-state,3.98364137,0.001380544100120723,0.019536740886282353
walk_medium_right_large,B_q1e-05,gyro,30% of |b|,1.6311314689999998,0.0013776057163677018,0.019536740886282353
walk_medium_right_large,B_q1e-05,gyro,floor 1.5x steady-state,3.98364137,0.0013776057163677018,0.019536740886282353
walk_medium_right_large,B_q3e-05,gyro,30% of |b|,1.6311314689999998,0.0013589203584944594,0.019536740886282353
walk_medium_right_large,B_q3e-05,gyro,floor 1.5x steady-state,3.98364137,0.0013589203584944594,0.019536740886282353
walk_medium_right_large,B_q3e-06,accel,30% of |b|,1.2316780459999999,0.016649575626260293,0.26831284195136385
walk_medium_right_large,B_q3e-06,accel,floor 1.5x steady-state,55.526629535,0.016649575626260293,0.26831284195136385
walk_medium_right_large,B_q1e-05,accel,30% of |b|,1.2316780459999999,0.016637469026914112,0.26831284195136385
walk_medium_right_large,B_q1e-05,accel,floor 1.5x steady-state,55.593212292,0.016637469026914112,0.26831284195136385
walk_medium_right_large,B_q3e-05,accel,30% of |b|,1.2316780459999999,0.016565706050060157,0.26831284195136385
walk_medium_right_large,B_q3e-05,accel,floor 1.5x steady-state,55.593212292,0.016565706050060157,0.26831284195136385
walk_medium_right_large,A_accel_naive_ema,accel,30% of |b|,,4.397583115354881,0.26831284195136385
walk_medium_right_large,A_accel_naive_ema,accel,floor 1.5x steady-state,0.0,4.397583115354881,0.26831284195136385
walk_medium_right_large,A_accel_dt_weighted,accel,30% of |b|,,4.9547525573196145,0.26831284195136385
walk_medium_right_large,A_accel_dt_weighted,accel,floor 1.5x steady-state,4.161155057,4.9547525573196145,0.26831284195136385
walk_medium_right_large,C_accel_W30,accel,30% of |b|,103.28565451899999,0.6801162428573452,0.26831284195136385
walk_medium_right_large,C_accel_W30,accel,floor 1.5x steady-state,94.96338102099999,0.6801162428573452,0.26831284195136385
