estimator,rms,rms_zero,ratio_vs_zero,kind,rec,dev,scenario,seed,n_nodes,mean_err,t_conv_30pct
zero,0.00011426996871997075,0.00011426996871997075,1.0,gyro,static_dark,right,factory,0,2095,,
zero,0.013238016042854706,0.013238016042854706,1.0,accel,static_dark,right,factory,0,2095,,
A_naive_ema_tau10,0.0045498084539245705,0.00011426996871997075,39.816309612145794,gyro,static_dark,right,factory,0,2095,0.005408044520884508,
A_naive_ema_tau30,0.0026685761811918326,0.00011426996871997075,23.353259050340935,gyro,static_dark,right,factory,0,2095,0.003697690674141629,
A_dt_weighted_tau10,0.0032277305719169334,0.00011426996871997075,28.246534133800186,gyro,static_dark,right,factory,0,2095,0.0013193168257556141,
A_dt_weighted_tau30,0.0016456926335533639,0.00011426996871997075,14.401794732142507,gyro,static_dark,right,factory,0,2095,0.0014418352159531046,
A_dt_weighted_tau60,0.0013666550710654546,0.00011426996871997075,11.959879628693788,gyro,static_dark,right,factory,0,2095,0.0017479274878848573,
A_median_tau30,0.008838111644613714,0.00011426996871997075,77.34413287774966,gyro,static_dark,right,factory,0,2095,0.006614127325159859,
C_gyro_W30,0.00035774450824751044,0.00011426996871997075,3.1306957747069735,gyro,static_dark,right,factory,0,2095,0.0005342510718970629,
C_gyro_W60,0.00017004693046091963,0.00011426996871997075,1.4881156647345861,gyro,static_dark,right,factory,0,2095,0.00026675504124472625,
B_q3e-06,9.600972838215702e-05,0.00011426996871997075,0.8402008809281977,gyro,static_dark,right,factory,0,2095,0.0001607149363365663,
B_q3e-06,0.0038668726537503446,0.013238016042854706,0.2921036385839335,accel,static_dark,right,factory,0,2095,0.004492915199832731,106.059773889
B_q1e-05,9.720810517671165e-05,0.00011426996871997075,0.8506881227466616,gyro,static_dark,right,factory,0,2095,0.00016203668643055146,
B_q1e-05,0.0038680636914934768,0.013238016042854706,0.292193609599173,accel,static_dark,right,factory,0,2095,0.004494176675937733,106.059773889
B_q3e-05,0.00010613999798372669,0.00011426996871997075,0.9288529538660563,gyro,static_dark,right,factory,0,2095,0.00017053917777103922,
B_q3e-05,0.0038744450758078984,0.013238016042854706,0.29267565949953295,accel,static_dark,right,factory,0,2095,0.004499596045082927,106.059773889
A_accel_naive_ema,0.42902470614412247,0.013238016042854706,32.40853499159272,accel,static_dark,right,factory,0,2095,0.6664153981759972,
A_accel_dt_weighted,1.4103969418420117,0.013238016042854706,106.54141355292295,accel,static_dark,right,factory,0,2095,2.315836039757227,
C_accel_W30,0.10329127722741205,0.013238016042854706,7.802625173820068,accel,static_dark,right,factory,0,2095,0.0926112747269849,
zero,0.00011256857188612766,0.00011256857188612766,1.0,gyro,static_dark,right,factory,1,2095,,
zero,0.007111013146591011,0.007111013146591011,1.0,accel,static_dark,right,factory,1,2095,,
A_naive_ema_tau10,0.004924956210903441,0.00011256857188612766,43.75072125713239,gyro,static_dark,right,factory,1,2095,0.005661645745833868,
A_naive_ema_tau30,0.0025783754648565312,0.00011256857188612766,22.90493182648501,gyro,static_dark,right,factory,1,2095,0.0034539374384286283,
A_dt_weighted_tau10,0.0027730516885338045,0.00011256857188612766,24.634333029817363,gyro,static_dark,right,factory,1,2095,0.001417798461529978,
A_dt_weighted_tau30,0.0013211293240859281,0.00011256857188612766,11.736218217482218,gyro,static_dark,right,factory,1,2095,0.0006753254300488773,
A_dt_weighted_tau60,0.0009325743016222364,0.00011256857188612766,8.284499714232956,gyro,static_dark,right,factory,1,2095,0.0006846646286959597,
A_median_tau30,0.006341628734557094,0.00011256857188612766,56.33569501949595,gyro,static_dark,right,factory,1,2095,0.004245499911570361,
C_gyro_W30,0.00037740750097889244,0.00011256857188612766,3.3526897841492658,gyro,static_dark,right,factory,1,2095,0.0005372738060048004,
C_gyro_W60,0.00019107359586270203,0.00011256857188612766,1.6973973522200196,gyro,static_dark,right,factory,1,2095,0.00028730057008132036,
B_q3e-06,7.182426982062965e-05,0.00011256857188612766,0.6380490452813579,gyro,static_dark,right,factory,1,2095,9.144298311595698e-05,
B_q3e-06,0.002677953328436196,0.007111013146591011,0.3765923748460506,accel,static_dark,right,factory,1,2095,0.0028804452434323855,
B_q1e-05,7.28660329269135e-05,0.00011256857188612766,0.6473035209207724,gyro,static_dark,right,factory,1,2095,8.730549249518347e-05,
B_q1e-05,0.0026767997460104714,0.007111013146591011,0.37643015008258246,accel,static_dark,right,factory,1,2095,0.0028716345200572365,
B_q3e-05,9.69296066765898e-05,0.00011256857188612766,0.8610716566133756,gyro,static_dark,right,factory,1,2095,0.00010631812234793453,
B_q3e-05,0.0026667781618050835,0.007111013146591011,0.375020845388751,accel,static_dark,right,factory,1,2095,0.002817709936350995,
A_accel_naive_ema,0.28222227909629666,0.007111013146591011,39.68805475090322,accel,static_dark,right,factory,1,2095,0.42726798915622605,
A_accel_dt_weighted,0.9223118835361223,0.007111013146591011,129.701895429384,accel,static_dark,right,factory,1,2095,1.0586158727524821,
C_accel_W30,0.02849242152267387,0.007111013146591011,4.006801975374355,accel,static_dark,right,factory,1,2095,0.01118808517128334,
zero,6.59723511973155e-05,6.59723511973155e-05,1.0,gyro,static_dark,right,factory,2,2095,,
zero,0.014203695837557581,0.014203695837557581,1.0,accel,static_dark,right,factory,2,2095,,
A_naive_ema_tau10,0.003331663827140861,6.59723511973155e-05,50.50091086152513,gyro,static_dark,right,factory,2,2095,0.0017148450746508116,
A_naive_ema_tau30,0.0014564076561675039,6.59723511973155e-05,22.076030787678928,gyro,static_dark,right,factory,2,2095,0.0004756712405390353,
A_dt_weighted_tau10,0.002399112406297816,6.59723511973155e-05,36.36542222244519,gyro,static_dark,right,factory,2,2095,0.0015010309516184928,
A_dt_weighted_tau30,0.001355090477837843,6.59723511973155e-05,20.540278665905472,gyro,static_dark,right,factory,2,2095,0.0016682236785811153,
A_dt_weighted_tau60,0.0011220892806149071,6.59723511973155e-05,17.00847794948024,gyro,static_dark,right,factory,2,2095,0.001647177453778752,
A_median_tau30,0.007218849451590631,6.59723511973155e-05,109.42234618863144,gyro,static_dark,right,factory,2,2095,0.006778217933895229,
C_gyro_W30,0.00031177337566915155,6.59723511973155e-05,4.725818771210294,gyro,static_dark,right,factory,2,2095,0.0004129530835779319,
C_gyro_W60,0.00014130555755590004,6.59723511973155e-05,2.1418905797865504,gyro,static_dark,right,factory,2,2095,0.0001889320000568978,
B_q3e-06,5.0136673367791785e-05,6.59723511973155e-05,0.7599649316399065,gyro,static_dark,right,factory,2,2095,7.571244741015726e-05,
B_q3e-06,0.003325914471514062,0.014203695837557581,0.23415838451846027,accel,static_dark,right,factory,2,2095,0.004300640653257195,
B_q1e-05,4.872096687697661e-05,6.59723511973155e-05,0.7385058436261875,gyro,static_dark,right,factory,2,2095,7.507050581845864e-05,
B_q1e-05,0.00333252917140213,0.014203695837557581,0.23462408724567427,accel,static_dark,right,factory,2,2095,0.004310622270014088,
B_q3e-05,6.519649459435102e-05,6.59723511973155e-05,0.988239670272718,gyro,static_dark,right,factory,2,2095,0.00010201549610769302,
B_q3e-05,0.0033705613771190216,0.014203695837557581,0.2373017146851697,accel,static_dark,right,factory,2,2095,0.004368011272890659,
A_accel_naive_ema,0.5536134023077794,0.014203695837557581,38.97671483811335,accel,static_dark,right,factory,2,2095,0.8348344561817833,
A_accel_dt_weighted,0.704817685918246,0.014203695837557581,49.6221331390777,accel,static_dark,right,factory,2,2095,0.8519455361187777,
C_accel_W30,0.14016378401582022,0.014203695837557581,9.868120636968126,accel,static_dark,right,factory,2,2095,0.07022735578192099,
zero,0.011280397695956386,0.011280397695956386,1.0,gyro,static_dark,right,large,0,2095,,
zero,0.15478654669361927,0.15478654669361927,1.0,accel,static_dark,right,large,0,2095,,
A_naive_ema_tau10,0.004573808231831842,0.011280397695956386,0.4054651577994796,gyro,static_dark,right,large,0,2095,0.005414910467418171,
A_naive_ema_tau30,0.002382279659588121,0.011280397695956386,0.21118755949908413,gyro,static_dark,right,large,0,2095,0.0025486871790441597,
A_dt_weighted_tau10,0.0032270216036257393,0.011280397695956386,0.28607338948541766,gyro,static_dark,right,large,0,2095,0.0013318075769479787,
A_dt_weighted_tau30,0.0016442652118126956,0.011280397695956386,0.14576305340742599,gyro,static_dark,right,large,0,2095,0.0014411140950099123,37.827772988
A_dt_weighted_tau60,0.0013654277508262627,0.011280397695956386,0.12104429184404723,gyro,static_dark,right,large,0,2095,0.001746094322288683,30.77038397
A_median_tau30,0.00885262526233899,0.011280397695956386,0.7847795353449583,gyro,static_dark,right,large,0,2095,0.006639099805246862,
C_gyro_W30,0.0003602443474377108,0.011280397695956386,0.031935429684969825,gyro,static_dark,right,large,0,2095,0.0005390868175506637,0.0
C_gyro_W60,0.00016794435413591477,0.011280397695956386,0.01488815896944101,gyro,static_dark,right,large,0,2095,0.00026067277236124987,0.0
B_q3e-06,0.00010838513362238876,0.011280397695956386,0.009608272380435746,gyro,static_dark,right,large,0,2095,0.0001828025297115361,0.0
B_q3e-06,0.004083052852287557,0.15478654669361927,0.02637860291805238,accel,static_dark,right,large,0,2095,0.004792269681222346,0.0
B_q1e-05,0.00010959086646580054,0.011280397695956386,0.00971515982145602,gyro,static_dark,right,large,0,2095,0.00018420006007095906,0.0
B_q1e-05,0.00408426775770326,0.15478654669361927,0.026386451826382305,accel,static_dark,right,large,0,2095,0.004793752381536179,0.0
B_q3e-05,0.00011842693871898507,0.011280397695956386,0.010498471943186616,gyro,static_dark,right,large,0,2095,0.00019295584181034994,0.0
B_q3e-05,0.0040904721714273146,0.15478654669361927,0.02642653550197677,accel,static_dark,right,large,0,2095,0.004799918150497579,0.0
A_accel_naive_ema,0.3719957805220199,0.15478654669361927,2.4032823812416937,accel,static_dark,right,large,0,2095,0.5551907529969905,
A_accel_dt_weighted,1.4088259649921528,0.15478654669361927,9.101733936740308,accel,static_dark,right,large,0,2095,2.3131363313716573,
C_accel_W30,0.10356705484659336,0.15478654669361927,0.6690959715742704,accel,static_dark,right,large,0,2095,0.09405600943289473,
zero,0.011205550080934898,0.011205550080934898,1.0,gyro,static_dark,right,large,1,2095,,
zero,0.1532698136342811,0.1532698136342811,1.0,accel,static_dark,right,large,1,2095,,
A_naive_ema_tau10,0.004979386171180305,0.011205550080934898,0.4443678476483027,gyro,static_dark,right,large,1,2095,0.00570991706666217,
A_naive_ema_tau30,0.002664799168308343,0.011205550080934898,0.2378106517806946,gyro,static_dark,right,large,1,2095,0.00330819902196218,
A_dt_weighted_tau10,0.002769919215278983,0.011205550080934898,0.2471917215373227,gyro,static_dark,right,large,1,2095,0.0014019894918081168,
A_dt_weighted_tau30,0.0013186076767567102,0.011205550080934898,0.11767451550639954,gyro,static_dark,right,large,1,2095,0.0006569607861201483,6.25831673
A_dt_weighted_tau60,0.0009322530678295281,0.011205550080934898,0.08319565403715984,gyro,static_dark,right,large,1,2095,0.0006806841905386469,5.858955452
A_median_tau30,0.0063404988553701636,0.011205550080934898,0.5658355734055285,gyro,static_dark,right,large,1,2095,0.0042454712019677895,
C_gyro_W30,0.00038001036046419583,0.011205550080934898,0.03391269127525875,gyro,static_dark,right,large,1,2095,0.0005418002671215751,0.0
C_gyro_W60,0.00018897703785592825,0.011205550080934898,0.016864592678716723,gyro,static_dark,right,large,1,2095,0.0002806219156430655,0.0
B_q3e-06,7.23536780904854e-05,0.011205550080934898,0.006456950133451085,gyro,static_dark,right,large,1,2095,9.312859471800036e-05,0.0
B_q3e-06,0.0026213264087951455,0.1532698136342811,0.017102691956355626,accel,static_dark,right,large,1,2095,0.002757709659882931,0.0
B_q1e-05,7.375241244114285e-05,0.011205550080934898,0.00658177527282887,gyro,static_dark,right,large,1,2095,9.015736943743321e-05,0.0
B_q1e-05,0.00262150750016581,0.1532698136342811,0.017103873476489114,accel,static_dark,right,large,1,2095,0.0027527263407664936,0.0
B_q3e-05,9.920734289454399e-05,0.011205550080934898,0.008853411227293087,gyro,static_dark,right,large,1,2095,0.00011445110617866702,0.0
B_q3e-05,0.0026186180979324205,0.1532698136342811,0.017085021739380042,accel,static_dark,right,large,1,2095,0.002719247303236607,0.0
A_accel_naive_ema,0.23142784155525187,0.1532698136342811,1.5099375152074272,accel,static_dark,right,large,1,2095,0.3326359534030107,
A_accel_dt_weighted,0.9228080576560299,0.1532698136342811,6.020807592667614,accel,static_dark,right,large,1,2095,1.060253376994665,
C_accel_W30,0.02845280466377206,0.1532698136342811,0.18563867201968176,accel,static_dark,right,large,1,2095,0.012143521587436187,76.90949620399999
zero,0.011200838959913303,0.011200838959913303,1.0,gyro,static_dark,right,large,2,2095,,
zero,0.15982437874753147,0.15982437874753147,1.0,accel,static_dark,right,large,2,2095,,
A_naive_ema_tau10,0.0033743695204922386,0.011200838959913303,0.30126042634563127,gyro,static_dark,right,large,2,2095,0.0017655489640986339,
A_naive_ema_tau30,0.0017242938402590932,0.011200838959913303,0.15394327571623614,gyro,static_dark,right,large,2,2095,0.0008385627935618046,38.826435982999996
A_dt_weighted_tau10,0.0023975363666984945,0.011200838959913303,0.21404971317586483,gyro,static_dark,right,large,2,2095,0.0014952673029178176,70.950660163
A_dt_weighted_tau30,0.0013556767710878896,0.011200838959913303,0.12103350257420208,gyro,static_dark,right,large,2,2095,0.0016686722256429986,0.0
A_dt_weighted_tau60,0.0011239958813526216,0.011200838959913303,0.10034925824532358,gyro,static_dark,right,large,2,2095,0.0016501532247932185,0.0
A_median_tau30,0.007220151603428119,0.011200838959913303,0.6446081074166256,gyro,static_dark,right,large,2,2095,0.006781503186536526,
C_gyro_W30,0.0003132989572776592,0.011200838959913303,0.027971025956084652,gyro,static_dark,right,large,2,2095,0.00041597518904869257,0.0
C_gyro_W60,0.00014015405961319603,0.011200838959913303,0.012512818023256433,gyro,static_dark,right,large,2,2095,0.00018307086960549327,0.0
B_q3e-06,5.9941661557158455e-05,0.011200838959913303,0.005351533199582973,gyro,static_dark,right,large,2,2095,9.515092784436915e-05,0.0
B_q3e-06,0.0035396606992693564,0.15982437874753147,0.02214718885196372,accel,static_dark,right,large,2,2095,0.004804851208189902,0.0
B_q1e-05,5.913477391898068e-05,0.011200838959913303,0.005279495056630864,gyro,static_dark,right,large,2,2095,9.541317688269618e-05,0.0
B_q1e-05,0.0035467106865677807,0.15982437874753147,0.02219129969008286,accel,static_dark,right,large,2,2095,0.0048158057572031295,0.0
B_q3e-05,7.53928696153671e-05,0.011200838959913303,0.006731002015580328,gyro,static_dark,right,large,2,2095,0.00012239426335915573,0.0
B_q3e-05,0.0035870097058183347,0.15982437874753147,0.022443445323723724,accel,static_dark,right,large,2,2095,0.004877901613694594,0.0
A_accel_naive_ema,0.5323194911819282,0.15982437874753147,3.330652653578045,accel,static_dark,right,large,2,2095,0.7970124975875543,
A_accel_dt_weighted,0.6950340492348307,0.15982437874753147,4.348736123246565,accel,static_dark,right,large,2,2095,0.7365118880166511,
C_accel_W30,0.13996989201899623,0.15982437874753147,0.8757731024257656,accel,static_dark,right,large,2,2095,0.06991071700242667,
zero,0.0032483677773922403,0.0032483677773922403,1.0,gyro,static_dark,right,drift,0,2095,,
zero,0.03010239612128574,0.03010239612128574,1.0,accel,static_dark,right,drift,0,2095,,
A_naive_ema_tau10,0.0044739286659098805,0.0032483677773922403,1.3772851390311196,gyro,static_dark,right,drift,0,2095,0.00517439386601612,
A_naive_ema_tau30,0.0022878479412680283,0.0032483677773922403,0.7043069313736056,gyro,static_dark,right,drift,0,2095,0.002611524145109738,
A_dt_weighted_tau10,0.003201625990654776,0.0032483677773922403,0.9856106851376946,gyro,static_dark,right,drift,0,2095,0.0014158160202314572,
A_dt_weighted_tau30,0.0017058081314597854,0.0032483677773922403,0.5251277713477359,gyro,static_dark,right,drift,0,2095,0.0017490728337090956,
A_dt_weighted_tau60,0.001659429644086229,0.0032483677773922403,0.5108502970739366,gyro,static_dark,right,drift,0,2095,0.0024023590367277183,
A_median_tau30,0.008824329943425328,0.0032483677773922403,2.7165427525910935,gyro,static_dark,right,drift,0,2095,0.006657433917300144,
C_gyro_W30,0.0006636610051001377,0.0032483677773922403,0.20430599321882162,gyro,static_dark,right,drift,0,2095,0.0010018775603730687,43.808733708999995
C_gyro_W60,0.0014740789819980486,0.0032483677773922403,0.4537906675029961,gyro,static_dark,right,drift,0,2095,0.002461574281327536,
B_q3e-06,0.001049340587495462,0.0032483677773922403,0.32303626294983845,gyro,static_dark,right,drift,0,2095,0.001815965340033448,
B_q3e-06,0.004827703125654955,0.03010239612128574,0.16037604136905342,accel,static_dark,right,drift,0,2095,0.0066604461406041095,0.0
B_q1e-05,0.000990765537843206,0.0032483677773922403,0.3050041146013902,gyro,static_dark,right,drift,0,2095,0.0017131634131789082,89.79230505999999
B_q1e-05,0.00481292443102923,0.03010239612128574,0.15988509391868502,accel,static_dark,right,drift,0,2095,0.006645030362474757,0.0
B_q3e-05,0.0007021258532239328,0.0032483677773922403,0.2161472780608583,gyro,static_dark,right,drift,0,2095,0.0012006607637024393,53.340566697
B_q3e-05,0.0047708855797974565,0.03010239612128574,0.15848856551402266,accel,static_dark,right,drift,0,2095,0.006629131255707975,0.0
A_accel_naive_ema,0.4189392102664198,0.03010239612128574,13.917138309471094,accel,static_dark,right,drift,0,2095,0.6472391343515272,
A_accel_dt_weighted,1.4054643366947999,0.03010239612128574,46.689450601607774,accel,static_dark,right,drift,0,2095,2.307120224079696,
C_accel_W30,0.1037443382114566,0.03010239612128574,3.4463814041068255,accel,static_dark,right,drift,0,2095,0.09454564018182099,
zero,0.0031902719546910195,0.0031902719546910195,1.0,gyro,static_dark,right,drift,1,2095,,
zero,0.029125762277456568,0.029125762277456568,1.0,accel,static_dark,right,drift,1,2095,,
A_naive_ema_tau10,0.0049052710179142665,0.0031902719546910195,1.537571432022116,gyro,static_dark,right,drift,1,2095,0.005523997831040655,
A_naive_ema_tau30,0.0025071656910427512,0.0031902719546910195,0.7858783597919232,gyro,static_dark,right,drift,1,2095,0.003092267302428021,
A_dt_weighted_tau10,0.002754119067366433,0.0031902719546910195,0.8632866120760453,gyro,static_dark,right,drift,1,2095,0.0012013803547874832,
A_dt_weighted_tau30,0.001416504617348304,0.0031902719546910195,0.44400748195320977,gyro,static_dark,right,drift,1,2095,0.0009596393048293178,
A_dt_weighted_tau60,0.001226966675202007,0.0031902719546910195,0.3845962640889779,gyro,static_dark,right,drift,1,2095,0.0014857936270891402,107.069503875
A_median_tau30,0.0062911876753906715,0.0031902719546910195,1.9719910292099152,gyro,static_dark,right,drift,1,2095,0.004053967391251702,
C_gyro_W30,0.0006448773189152327,0.0031902719546910195,0.2021386665694742,gyro,static_dark,right,drift,1,2095,0.0009895355119892448,38.815339482999995
C_gyro_W60,0.001441191193832065,0.0031902719546910195,0.4517455609741727,gyro,static_dark,right,drift,1,2095,0.002413723499918498,
B_q3e-06,0.0010107987742313577,0.0031902719546910195,0.3168378083708711,gyro,static_dark,right,drift,1,2095,0.001748809487187874,
B_q3e-06,0.0036694557624572764,0.029125762277456568,0.1259866000244549,accel,static_dark,right,drift,1,2095,0.005186923511736323,13.95936846
B_q1e-05,0.0009573865237801182,0.0031902719546910195,0.30009558350421,gyro,static_dark,right,drift,1,2095,0.0016552942696660047,87.850458041
B_q1e-05,0.003661277387426148,0.029125762277456568,0.1257058047974246,accel,static_dark,right,drift,1,2095,0.005183907463798348,13.95936846
B_q3e-05,0.0006939707653139769,0.0031902719546910195,0.21752714977591575,gyro,static_dark,right,drift,1,2095,0.001188572389746551,47.936608355
B_q3e-05,0.003681398572267381,0.029125762277456568,0.126396642848273,accel,static_dark,right,drift,1,2095,0.005249035975615023,13.92598415
A_accel_naive_ema,0.27262070887649004,0.029125762277456568,9.360122707844091,accel,static_dark,right,drift,1,2095,0.40898279765282014,
A_accel_dt_weighted,0.9251394300208868,0.029125762277456568,31.763612612362344,accel,static_dark,right,drift,1,2095,1.0657356336316839,
C_accel_W30,0.028161431033550777,0.029125762277456568,0.9668907809272279,accel,static_dark,right,drift,1,2095,0.010860959304978799,
zero,0.0031633179199999513,0.0031633179199999513,1.0,gyro,static_dark,right,drift,2,2095,,
zero,0.03445883620135361,0.03445883620135361,1.0,accel,static_dark,right,drift,2,2095,,
A_naive_ema_tau10,0.0033380472434263488,0.0031633179199999513,1.0552360931924287,gyro,static_dark,right,drift,2,2095,0.0015143745502960433,
A_naive_ema_tau30,0.0016033047288989213,0.0031633179199999513,0.5068427421607202,gyro,static_dark,right,drift,2,2095,0.0006645138290781115,
A_dt_weighted_tau10,0.0024468686073260727,0.0031633179199999513,0.7735133392239343,gyro,static_dark,right,drift,2,2095,0.0016495227701403855,
A_dt_weighted_tau30,0.001669025914736057,0.0031633179199999513,0.5276187714752625,gyro,static_dark,right,drift,2,2095,0.002303727783266264,
A_dt_weighted_tau60,0.001674525458342924,0.0031633179199999513,0.5293573079568776,gyro,static_dark,right,drift,2,2095,0.0026726737718132977,
A_median_tau30,0.007284647780332774,0.0031633179199999513,2.3028503503476143,gyro,static_dark,right,drift,2,2095,0.006995552546807944,
C_gyro_W30,0.0006272015136798044,0.0031633179199999513,0.19827330971520374,gyro,static_dark,right,drift,2,2095,0.0009288805447082138,38.782165510999995
C_gyro_W60,0.0013995880563373504,0.0031633179199999513,0.4424430587543891,gyro,static_dark,right,drift,2,2095,0.002338783438093757,
B_q3e-06,0.000996345298029487,0.0031633179199999513,0.3149684360620643,gyro,static_dark,right,drift,2,2095,0.0017228453947122446,93.476370859
B_q3e-06,0.004302419350043172,0.03445883620135361,0.1248567805628376,accel,static_dark,right,drift,2,2095,0.005889366255479635,37.150874161
B_q1e-05,0.0009424490515172306,0.0031633179199999513,0.29793055119709405,gyro,static_dark,right,drift,2,2095,0.0016272767615433746,88.09469396
B_q1e-05,0.0042741301937409765,0.03445883620135361,0.12403582549236183,accel,static_dark,right,drift,2,2095,0.005846472917063955,37.162006061
B_q3e-05,0.0006784084825585374,0.0031633179199999513,0.21446104998467808,gyro,static_dark,right,drift,2,2095,0.0011548729793971894,49.146114729
B_q3e-05,0.00415720138340389,0.03445883620135361,0.12064253589738436,accel,static_dark,right,drift,2,2095,0.005662453501765985,37.76124295699999
A_accel_naive_ema,0.5509399726290414,0.03445883620135361,15.988351127406892,accel,static_dark,right,drift,2,2095,0.8301447773358799,
A_accel_dt_weighted,0.7022100468741973,0.03445883620135361,20.378228758828865,accel,static_dark,right,drift,2,2095,0.8456250369982206,
C_accel_W30,0.13973449434566007,0.03445883620135361,4.055113571716361,accel,static_dark,right,drift,2,2095,0.06849103723552359,
zero,0.00011465778796864737,0.00011465778796864737,1.0,gyro,static_dark,left,factory,0,533,,
zero,0.014944050940191089,0.014944050940191089,1.0,accel,static_dark,left,factory,0,533,,
A_naive_ema_tau10,0.004446169118820482,0.00011465778796864737,38.77773326689562,gyro,static_dark,left,factory,0,533,0.006685904771323975,
A_naive_ema_tau30,0.0028094753592296908,0.00011465778796864737,24.50313588814332,gyro,static_dark,left,factory,0,533,0.0046101972492631664,
A_dt_weighted_tau10,0.0030891183981698214,0.00011465778796864737,26.94207216883101,gyro,static_dark,left,factory,0,533,0.003032643628408166,
A_dt_weighted_tau30,0.0020133519609468655,0.00011465778796864737,17.559661638487277,gyro,static_dark,left,factory,0,533,0.0026656623750310623,
A_dt_weighted_tau60,0.0018197657336859131,0.00011465778796864737,15.871278924232511,gyro,static_dark,left,factory,0,533,0.002628443451286124,
A_median_tau30,0.005356150612298526,0.00011465778796864737,46.71423291161992,gyro,static_dark,left,factory,0,533,0.006003922436586815,
C_gyro_W30,0.00011465778796864737,0.00011465778796864737,1.0,gyro,static_dark,left,factory,0,533,0.00019580449019473056,
C_gyro_W60,0.00011465778796864737,0.00011465778796864737,1.0,gyro,static_dark,left,factory,0,533,0.00019580449019473056,
B_q3e-06,5.5369591661899404e-05,0.00011465778796864737,0.4829117379888748,gyro,static_dark,left,factory,0,533,8.458784749833972e-05,
B_q3e-06,0.004363894900853491,0.014944050940191089,0.29201552633343003,accel,static_dark,left,factory,0,533,0.006478767062399754,106.570138516
B_q1e-05,5.7584423785015804e-05,0.00011465778796864737,0.5022286301281339,gyro,static_dark,left,factory,0,533,8.789913532285139e-05,
B_q1e-05,0.004364951789080817,0.014944050940191089,0.2920862493409704,accel,static_dark,left,factory,0,533,0.00647974800160785,106.570138516
B_q3e-05,7.317124600168888e-05,0.00011465778796864737,0.6381707452937886,gyro,static_dark,left,factory,0,533,0.00011158844925008645,
B_q3e-05,0.0043724996414132074,0.014944050940191089,0.29259132339101196,accel,static_dark,left,factory,0,533,0.0064878788234589025,106.570138516
A_accel_naive_ema,0.1568894188369898,0.014944050940191089,10.498453161387824,accel,static_dark,left,factory,0,533,0.19172436679707464,
A_accel_dt_weighted,2.7825305029738443,0.014944050940191089,186.1965349362135,accel,static_dark,left,factory,0,533,4.767789944730401,
C_accel_W30,0.04632310654455195,0.014944050940191089,3.099769047224595,accel,static_dark,left,factory,0,533,0.06732289940057415,
zero,0.00011896348528568523,0.00011896348528568523,1.0,gyro,static_dark,left,factory,1,533,,
zero,0.0075607475718426345,0.0075607475718426345,1.0,accel,static_dark,left,factory,1,533,,
A_naive_ema_tau10,0.0033343076229416773,0.00011896348528568523,28.027992076177778,gyro,static_dark,left,factory,1,533,0.0027861801514401123,
A_naive_ema_tau30,0.0013109568352346103,0.00011896348528568523,11.019825386642035,gyro,static_dark,left,factory,1,533,0.0014016635522160485,
A_dt_weighted_tau10,0.003541542401668336,0.00011896348528568523,29.76999533229451,gyro,static_dark,left,factory,1,533,0.004015799902377009,
A_dt_weighted_tau30,0.0025465822149793537,0.00011896348528568523,21.406419027349912,gyro,static_dark,left,factory,1,533,0.003903021783023598,
A_dt_weighted_tau60,0.0022129939059496576,0.00011896348528568523,18.602295491219483,gyro,static_dark,left,factory,1,533,0.003531794523575614,
A_median_tau30,0.003974979183744032,0.00011896348528568523,33.413439209504546,gyro,static_dark,left,factory,1,533,0.0036003936517786037,
C_gyro_W30,0.00011896348528568523,0.00011896348528568523,1.0,gyro,static_dark,left,factory,1,533,0.00020378394565462763,
C_gyro_W60,0.00011896348528568523,0.00011896348528568523,1.0,gyro,static_dark,left,factory,1,533,0.00020378394565462763,
B_q3e-06,0.00011896348528568523,0.00011896348528568523,1.0,gyro,static_dark,left,factory,1,533,0.00020378394565462763,
B_q3e-06,0.0075607475718426345,0.0075607475718426345,1.0,accel,static_dark,left,factory,1,533,0.012453894785693632,
B_q1e-05,0.00011896348528568523,0.00011896348528568523,1.0,gyro,static_dark,left,factory,1,533,0.00020378394565462763,
B_q1e-05,0.0075607475718426345,0.0075607475718426345,1.0,accel,static_dark,left,factory,1,533,0.012453894785693632,
B_q3e-05,0.00011896348528568523,0.00011896348528568523,1.0,gyro,static_dark,left,factory,1,533,0.00020378394565462763,
B_q3e-05,0.0075607475718426345,0.0075607475718426345,1.0,accel,static_dark,left,factory,1,533,0.012453894785693632,
A_accel_naive_ema,0.16993864728758348,0.0075607475718426345,22.476434462705864,accel,static_dark,left,factory,1,533,0.16158452766005865,
A_accel_dt_weighted,1.9115755513624064,0.0075607475718426345,252.82890788225788,accel,static_dark,left,factory,1,533,3.1769194769911158,
C_accel_W30,0.3624349228954942,0.0075607475718426345,47.936387169604316,accel,static_dark,left,factory,1,533,0.2385503739981151,
zero,0.011280567083005925,0.011280567083005925,1.0,gyro,static_dark,left,large,0,533,,
zero,0.1562020848671615,0.1562020848671615,1.0,accel,static_dark,left,large,0,533,,
A_naive_ema_tau10,0.004421285109955516,0.011280567083005925,0.391938195785932,gyro,static_dark,left,large,0,533,0.00664921430986292,
A_naive_ema_tau30,0.0027594482037878623,0.011280567083005925,0.24461963511966936,gyro,static_dark,left,large,0,533,0.004411943955963585,23.801960208
A_dt_weighted_tau10,0.003089864830279516,0.011280567083005925,0.27391041669654803,gyro,static_dark,left,large,0,533,0.0030393731567633954,
A_dt_weighted_tau30,0.0020181382859986545,0.011280567083005925,0.17890397452083434,gyro,static_dark,left,large,0,533,0.0026746702786794533,0.0
A_dt_weighted_tau60,0.0018257208940196288,0.011280567083005925,0.16184655262323303,gyro,static_dark,left,large,0,533,0.0026391829596155722,0.0
A_median_tau30,0.0053563984357965794,0.011280567083005925,0.47483414587072903,gyro,static_dark,left,large,0,533,0.0059948752686982115,
C_gyro_W30,0.011280567083005925,0.011280567083005925,1.0,gyro,static_dark,left,large,0,533,0.019538487180842463,
C_gyro_W60,0.011280567083005925,0.011280567083005925,1.0,gyro,static_dark,left,large,0,533,0.019538487180842463,
B_q3e-06,5.293209166367007e-05,0.011280567083005925,0.004692325418942085,gyro,static_dark,left,large,0,533,7.938851103308008e-05,0.0
B_q3e-06,0.004806664881470145,0.1562020848671615,0.030772091714127012,accel,static_dark,left,large,0,533,0.007316652165459409,0.0
B_q1e-05,5.4964999193332435e-05,0.011280567083005925,0.004872538657753893,gyro,static_dark,left,large,0,533,8.218096120794313e-05,0.0
B_q1e-05,0.004807701567559406,0.1562020848671615,0.0307787285403265,accel,static_dark,left,large,0,533,0.007317660440094893,0.0
B_q3e-05,6.96896067630814e-05,0.011280567083005925,0.006177846047125431,gyro,static_dark,left,large,0,533,0.00010280242065215378,0.0
B_q3e-05,0.004815145614088267,0.1562020848671615,0.030826385052307066,accel,static_dark,left,large,0,533,0.007325594692163073,0.0
A_accel_naive_ema,0.13567608897056593,0.1562020848671615,0.8685933295061239,accel,static_dark,left,large,0,533,0.12288016856308898,
A_accel_dt_weighted,2.7821849907029033,0.1562020848671615,17.811445942408188,accel,static_dark,left,large,0,533,4.7672895120329475,
C_accel_W30,0.04490258198120371,0.1562020848671615,0.287464677692299,accel,static_dark,left,large,0,533,0.0614310173826328,
zero,0.011200715241119033,0.011200715241119033,1.0,gyro,static_dark,left,large,1,533,,
zero,0.15357785733371998,0.15357785733371998,1.0,accel,static_dark,left,large,1,533,,
A_naive_ema_tau10,0.0033337751715593112,0.011200715241119033,0.29763948996048606,gyro,static_dark,left,large,1,533,0.002713248363146629,
A_naive_ema_tau30,0.0022341477048878054,0.011200715241119033,0.19946473567027295,gyro,static_dark,left,large,1,533,0.0028968130874019882,88.26100318499999
A_dt_weighted_tau10,0.00353243300781907,0.011200715241119033,0.31537566412287027,gyro,static_dark,left,large,1,533,0.003996718342107419,
A_dt_weighted_tau30,0.002537852605535953,0.011200715241119033,0.22657951308495217,gyro,static_dark,left,large,1,533,0.0038855075014897636,109.732676618
A_dt_weighted_tau60,0.002205244423274523,0.011200715241119033,0.19688425031812548,gyro,static_dark,left,large,1,533,0.003516722540368917,18.974872716
A_median_tau30,0.0039720344557169305,0.011200715241119033,0.3546232870143117,gyro,static_dark,left,large,1,533,0.003588775615185405,
C_gyro_W30,0.011200715241119033,0.011200715241119033,1.0,gyro,static_dark,left,large,1,533,0.01940018393474456,
C_gyro_W60,0.011200715241119033,0.011200715241119033,1.0,gyro,static_dark,left,large,1,533,0.01940018393474456,
B_q3e-06,0.011200715241119033,0.011200715241119033,1.0,gyro,static_dark,left,large,1,533,0.01940018393474456,
B_q3e-06,0.15357785733371998,0.15357785733371998,1.0,accel,static_dark,left,large,1,533,0.2659738324975732,
B_q1e-05,0.011200715241119033,0.011200715241119033,1.0,gyro,static_dark,left,large,1,533,0.01940018393474456,
B_q1e-05,0.15357785733371998,0.15357785733371998,1.0,accel,static_dark,left,large,1,533,0.2659738324975732,
B_q3e-05,0.011200715241119033,0.011200715241119033,1.0,gyro,static_dark,left,large,1,533,0.01940018393474456,
B_q3e-05,0.15357785733371998,0.15357785733371998,1.0,accel,static_dark,left,large,1,533,0.2659738324975732,
A_accel_naive_ema,0.18680462888735813,0.15357785733371998,1.2163513160718045,accel,static_dark,left,large,1,533,0.2063922490343764,
A_accel_dt_weighted,1.9121042873917815,0.15357785733371998,12.45039044422164,accel,static_dark,left,large,1,533,3.1779634558086585,
C_accel_W30,0.3606339653162485,0.15357785733371998,2.348215892429088,accel,static_dark,left,large,1,533,0.24242911765526912,85.120723164
zero,0.00011343403242619676,0.00011343403242619676,1.0,gyro,walk_medium,right,factory,0,1564,,
zero,0.012485333099588086,0.012485333099588086,1.0,accel,walk_medium,right,factory,0,1564,,
A_naive_ema_tau10,0.0071819517392762815,0.00011343403242619676,63.31390664392587,gyro,walk_medium,right,factory,0,1564,0.004416786060717744,
A_naive_ema_tau30,0.0034036459561889664,0.00011343403242619676,30.005509663984398,gyro,walk_medium,right,factory,0,1564,0.0037061944805083205,
A_dt_weighted_tau10,0.005544170704115983,0.00011343403242619676,48.87572614262099,gyro,walk_medium,right,factory,0,1564,0.006049315008361708,
A_dt_weighted_tau30,0.0038521428407931463,0.00011343403242619676,33.95932206941029,gyro,walk_medium,right,factory,0,1564,0.005903859881329803,
A_dt_weighted_tau60,0.0035130541768812404,0.00011343403242619676,30.970019329665707,gyro,walk_medium,right,factory,0,1564,0.005729387722377544,
A_median_tau30,0.005879677799237262,0.00011343403242619676,51.833454858996916,gyro,walk_medium,right,factory,0,1564,0.00255568708486662,
C_gyro_W30,0.0017016921654550835,0.00011343403242619676,15.001601627467933,gyro,walk_medium,right,factory,0,1564,0.0022406444565519017,
C_gyro_W60,0.0020474434079642834,0.00011343403242619676,18.049639637878563,gyro,walk_medium,right,factory,0,1564,0.00334874058596288,
B_q3e-06,0.0007836456454672874,0.00011343403242619676,6.908382155744559,gyro,walk_medium,right,factory,0,1564,0.0013532081144561237,
B_q3e-06,0.009220209705224053,0.012485333099588086,0.738483277272614,accel,walk_medium,right,factory,0,1564,0.014634747005253404,
B_q1e-05,0.00078213899061353,0.00011343403242619676,6.895099943858654,gyro,walk_medium,right,factory,0,1564,0.001349866341420468,
B_q1e-05,0.009213344968089074,0.012485333099588086,0.7379334531645807,accel,walk_medium,right,factory,0,1564,0.014621918309854771,
B_q3e-05,0.0007728356990470412,0.00011343403242619676,6.813084949174041,gyro,walk_medium,right,factory,0,1564,0.0013267420176214266,
B_q3e-05,0.009172881532399329,0.012485333099588086,0.7346925756191446,accel,walk_medium,right,factory,0,1564,0.014544397925307914,
A_accel_naive_ema,2.510625600346575,0.012485333099588086,201.08599268604254,accel,walk_medium,right,factory,0,1564,4.32359899424804,
A_accel_dt_weighted,2.8595444698680037,0.012485333099588086,229.0322930961566,accel,walk_medium,right,factory,0,1564,4.941055624414682,
C_accel_W30,0.39263425704397126,0.012485333099588086,31.44763971550947,accel,walk_medium,right,factory,0,1564,0.29900493228362185,
zero,0.011279544902748554,0.011279544902748554,1.0,gyro,walk_medium,right,large,0,1564,,
zero,0.15495146378598196,0.15495146378598196,1.0,accel,walk_medium,right,large,0,1564,,
A_naive_ema_tau10,0.007159467450152667,0.011279544902748554,0.6347301696904524,gyro,walk_medium,right,large,0,1564,0.004390169904008834,
A_naive_ema_tau30,0.003305256414351986,0.011279544902748554,0.29303100815233907,gyro,walk_medium,right,large,0,1564,0.003792984449728696,91.76755376999999
A_dt_weighted_tau10,0.005539933905907033,0.011279544902748554,0.4911487080083421,gyro,walk_medium,right,large,0,1564,0.006040833272336035,
A_dt_weighted_tau30,0.0038468213018991357,0.011279544902748554,0.3410440168522897,gyro,walk_medium,right,large,0,1564,0.005893752631557422,
A_dt_weighted_tau60,0.003506623354204066,0.011279544902748554,0.31088340748123505,gyro,walk_medium,right,large,0,1564,0.005717647901407465,
A_median_tau30,0.005879425701335215,0.011279544902748554,0.5212467127022599,gyro,walk_medium,right,large,0,1564,0.0025470777624469277,
C_gyro_W30,0.0017037100095763586,0.011279544902748554,0.15104421537088836,gyro,walk_medium,right,large,0,1564,0.0022434657840128846,59.676707507
C_gyro_W60,0.0020495961952500556,0.011279544902748554,0.18170912150459353,gyro,walk_medium,right,large,0,1564,0.003353608206762,0.0
B_q3e-06,0.000797057507832849,0.011279544902748554,0.07066397755450446,gyro,walk_medium,right,large,0,1564,0.001376477195149182,0.0
B_q3e-06,0.009612636969714412,0.15495146378598196,0.06203643860371225,accel,walk_medium,right,large,0,1564,0.01527084631934887,0.0
B_q1e-05,0.0007953610311820599,0.011279544902748554,0.07051357462021803,gyro,walk_medium,right,large,0,1564,0.001372845963486182,0.0
B_q1e-05,0.009605647221322924,0.15495146378598196,0.06199132932742208,accel,walk_medium,right,large,0,1564,0.015258171640169993,0.0
B_q3e-05,0.0007845730347840389,0.011279544902748554,0.06955715337352461,gyro,walk_medium,right,large,0,1564,0.001347430185147303,0.0
B_q3e-05,0.009564214847318444,0.15495146378598196,0.06172393995921511,accel,walk_medium,right,large,0,1564,0.0151813583076671,0.0
A_accel_naive_ema,2.538945795433894,0.15495146378598196,16.385426335440567,accel,walk_medium,right,large,0,1564,4.372875884347945,
A_accel_dt_weighted,2.8606277227364663,0.15495146378598196,18.46144368592444,accel,walk_medium,right,large,0,1564,4.943125517020364,
C_accel_W30,0.3926652958939251,0.15495146378598196,2.5341180154081804,accel,walk_medium,right,large,0,1564,0.29920670458269394,100.200885272
