case,seed,variant,gyro_artifact,rms
none,0,B_full,0.00013203585439320166,0.00013986113550598216
none,0,B_attitude_only,0.00016856312578408686,0.00017836985347833342
none,1,B_full,6.467081262587839e-05,9.869471075213857e-05
none,1,B_attitude_only,8.516871515553474e-05,0.00011802219730947188
timing 8ms,0,B_full,0.00018891994588695403,0.00022726477155752433
timing 8ms,0,B_attitude_only,0.00023635461072420334,0.0003491311325830852
timing 8ms,1,B_full,0.0001175158568721855,0.00019004813293612666
timing 8ms,1,B_attitude_only,0.0003088413513802207,0.00042731874223245555
headset ignored,0,B_full,0.013154061284165927,0.013154061284165842
headset ignored,0,B_attitude_only,0.033951341518598924,0.03395134151859882
headset ignored,1,B_full,0.014121857853266938,0.014121857853266787
headset ignored,1,B_attitude_only,0.03975036051939836,0.03975036051939879
lever -50%,0,B_full,0.00014365312385670152,0.00018115663512728713
lever -50%,0,B_attitude_only,0.00016856312578408686,0.00017836985347833342
lever -50%,1,B_full,0.00016239706123555775,0.00019911616404777024
lever -50%,1,B_attitude_only,8.516871515553474e-05,0.00011802219730947188
lever ignored (-100%),0,B_full,0.01750218108483095,0.01750218108483108
lever ignored (-100%),0,B_attitude_only,0.00016856312578408686,0.00017836985347833342
lever ignored (-100%),1,B_full,0.022058004001077797,0.02205800400107793
lever ignored (-100%),1,B_attitude_only,8.516871515553474e-05,0.00011802219730947188
gravity tilt 2deg,0,B_full,0.0003030400243655264,0.0003121265459089386
gravity tilt 2deg,0,B_attitude_only,0.00016856312578408686,0.00017836985347833342
gravity tilt 2deg,1,B_full,0.0023178254494454556,0.0023178254494454708
gravity tilt 2deg,1,B_attitude_only,8.516871515553474e-05,0.00011802219730947188
gravity mag +1%,0,B_full,0.005028921264790518,0.00502892126479052
gravity mag +1%,0,B_attitude_only,0.00016856312578408686,0.00017836985347833342
gravity mag +1%,1,B_full,0.004403913319955368,0.004403913319955295
gravity mag +1%,1,B_attitude_only,8.516871515553474e-05,0.00011802219730947188
axis misalign 2deg,0,B_full,0.0034249876358877734,0.00342498763588782
axis misalign 2deg,0,B_attitude_only,0.0005090824564114288,0.0005470436123796445
axis misalign 2deg,1,B_full,0.0006229619104422394,0.0006398537625268815
axis misalign 2deg,1,B_attitude_only,0.0008777646470756805,0.0009286267857940061
gyro scale 0.5%,0,B_full,0.0008271978803450499,0.0008271978803450355
gyro scale 0.5%,0,B_attitude_only,0.005834594587552885,0.005914571484259619
gyro scale 0.5%,1,B_full,0.0008785675572613651,0.0008785675572613583
gyro scale 0.5%,1,B_attitude_only,0.00596796101443062,0.006041394379105125
identity swap 3s,0,B_full,0.0001352645124308202,0.00014211437334060866
identity swap 3s,0,B_attitude_only,0.00017054305967243634,0.00017904914525982283
identity swap 3s,1,B_full,6.649914053634313e-05,0.00010198676535941007
identity swap 3s,1,B_attitude_only,7.888100758586043e-05,0.00011347062462332784
corr vision err 1deg/4mm,0,B_full,0.00024270674261018954,0.0002920160186329008
corr vision err 1deg/4mm,0,B_attitude_only,0.0007388899655750497,0.0008244715588110504
corr vision err 1deg/4mm,1,B_full,0.00027422927152380005,0.00030515573485332764
corr vision err 1deg/4mm,1,B_attitude_only,0.0003391241899870067,0.0005131863259102504
