case,gyro:A_dtw30,gyro:C_gyro_W30,gyro:B,accel:B
none,0.001035817808617,0.0005484691608159,9.549762533024776e-05,0.0008699122711127
timing 1ms,0.0023225254209987,0.0005048412607883,8.627279564108966e-05,0.0043503759267793495
timing 3ms,0.0074510844138196,0.0004590968859732,0.00010125855086407744,0.0139598697971202
timing 8ms,0.0186611672387307,0.0006249008200779501,0.0001278570939452,0.02788226992119485
headset ignored,0.00645233164769575,0.01008416689853735,0.01528979643125405,0.1231743601595925
headset vio drift 1e-3,0.00102077198430425,0.00046565450747414997,0.00012876252875155002,0.00298197068870555
headset vio drift 3e-3,0.001162550334662,0.0006471942839074,0.00026804377590535,0.01539548804540695
lever +20%,0.001035817808617,0.0005484691608159,0.00010756035571894999,0.047878987685931754
lever -50%,0.001035817808617,0.0005484691608159,0.00596051655608905,0.05189867444781835
lever ignored (-100%),0.001035817808617,0.0005484691608159,0.0087319214410284,0.119823742294761
gravity tilt 0.5deg,0.001035817808617,0.0005484691608159,0.00011956114852467147,0.01762260372373045
gravity tilt 1deg,0.001035817808617,0.0005484691608159,0.000160714956492,0.03386622143084715
gravity tilt 2deg,0.001035817808617,0.0005484691608159,0.0022596352958439,0.3266197451363821
gravity mag +1%,0.001035817808617,0.0005484691608159,0.00440327965341545,0.1423952255009556
axis misalign 0.5deg,0.01074210632430595,0.00050873018227045,0.00018238460739545,0.0149892145506675
axis misalign 1deg,0.020305495501053303,0.0006189753514792,0.00033662116346355004,0.029968551205253997
axis misalign 2deg,0.0395548027302886,0.0010092360309829,0.0087324829609577,0.20011425130998406
gyro scale 0.1%,0.00167356818481565,0.00278656696274465,0.0005888187037195499,0.005001491842748951
gyro scale 0.5%,0.0050488219047232,0.015696260197310102,0.0008634566169932,0.0160516657803815
accel scale 0.3%,0.001035817808617,0.0005484691608159,0.0005789590634921,0.03777567921711285
vision outliers 5%,0.00241122303456245,0.0005559906585822501,6.824510970035e-05,0.0002252729323036
identity swap 3s,0.01816695338208585,0.00493756681056785,9.793465893544983e-05,0.00079727694545165
corr vision err 0.5deg/2mm,0.00329150632078295,0.0005146629971114,0.00013969337419565,0.0028364993518537997
corr vision err 1deg/4mm,0.0058134839557819,0.0008927644350670001,0.0003946767732485,0.0073885614481376
vision noise x2,0.0020152600374754998,0.0005840369059009,9.775461681844307e-05,0.0008368464225619
dt jitter 0.5ms,0.00216006446744885,0.000767981805388,0.00020437444408065,0.0013323699084124
dt jitter 1ms,0.0021773782317110997,0.00108748369559695,0.0003392441408924,0.00119267556435325
