estimator,kind,mean_artifact,rms_artifact,rec,dev,case,seed
A_dtw30,gyro,0.001434138589368782,0.002847025874437188,static_dark,right,none,0
C_gyro_W30,gyro,0.0005488861954222144,0.0006304327926072947,static_dark,right,none,0
B,gyro,0.00014013662078854903,0.0001462690398364553,static_dark,right,none,0
B,accel,0.0006389739659767,0.0017599839061313931,static_dark,right,none,0
A_dtw30,gyro,0.0006374970278653007,0.0022873253373806774,static_dark,right,none,1
C_gyro_W30,gyro,0.0005480521262096455,0.000653857649729752,static_dark,right,none,1
B,gyro,5.085862987199552e-05,9.441342381949597e-05,static_dark,right,none,1
B,accel,0.0011008505762487531,0.001944728634586514,static_dark,right,none,1
A_dtw30,gyro,0.002116658043159202,0.00320523494848076,static_dark,right,timing 1ms,0
C_gyro_W30,gyro,0.0005054596792027432,0.0007294434735470721,static_dark,right,timing 1ms,0
B,gyro,0.00014076128939999888,0.00014998500943149838,static_dark,right,timing 1ms,0
B,accel,0.004546300981849576,0.005084233978814884,static_dark,right,timing 1ms,0
A_dtw30,gyro,0.0025283927988382455,0.0038745113459797416,static_dark,right,timing 1ms,1
C_gyro_W30,gyro,0.0005042228423739894,0.0007522523237821875,static_dark,right,timing 1ms,1
B,gyro,3.178430188227934e-05,9.572440763004237e-05,static_dark,right,timing 1ms,1
B,accel,0.004154450871709248,0.004796693995473518,static_dark,right,timing 1ms,1
A_dtw30,gyro,0.00713286340259676,0.008165593570398182,static_dark,right,timing 3ms,0
C_gyro_W30,gyro,0.00046071535387395314,0.0011475142630574145,static_dark,right,timing 3ms,0
B,gyro,0.0001572059980322379,0.00017965071759044966,static_dark,right,timing 3ms,0
B,accel,0.014200419401834752,0.015409961828138868,static_dark,right,timing 3ms,0
A_dtw30,gyro,0.0077693054250425955,0.009316294040410922,static_dark,right,timing 3ms,1
C_gyro_W30,gyro,0.0004574784180725463,0.0011687956029391067,static_dark,right,timing 3ms,1
B,gyro,4.531110369595487e-05,0.00013009750995181157,static_dark,right,timing 3ms,1
B,accel,0.013719320192405769,0.015009042468548768,static_dark,right,timing 3ms,1
A_dtw30,gyro,0.017989485909697196,0.019830490328877376,static_dark,right,timing 8ms,0
C_gyro_W30,gyro,0.0006293239933532096,0.0025098089742362456,static_dark,right,timing 8ms,0
B,gyro,0.00013120872573652644,0.00018439988396863838,static_dark,right,timing 8ms,0
B,accel,0.0289441165049709,0.03149285891696162,static_dark,right,timing 8ms,0
A_dtw30,gyro,0.019332848567764318,0.021903830220511712,static_dark,right,timing 8ms,1
C_gyro_W30,gyro,0.000620477646802744,0.0025030566506861916,static_dark,right,timing 8ms,1
B,gyro,0.00012450546215390153,0.00019306334481563461,static_dark,right,timing 8ms,1
B,accel,0.02682042333741887,0.029209326325133216,static_dark,right,timing 8ms,1
A_dtw30,gyro,0.005957235589415085,0.014617779133631313,static_dark,right,headset ignored,0
C_gyro_W30,gyro,0.008003448568863163,0.019904086715957503,static_dark,right,headset ignored,0
B,gyro,0.009166188993771949,0.009166188993771971,static_dark,right,headset ignored,0
B,accel,0.09621660194067087,0.09621660194067036,static_dark,right,headset ignored,0
A_dtw30,gyro,0.006947427705976511,0.01691693739373493,static_dark,right,headset ignored,1
C_gyro_W30,gyro,0.012164885228211665,0.023913548994697217,static_dark,right,headset ignored,1
B,gyro,0.02141340386873626,0.021413403868736733,static_dark,right,headset ignored,1
B,accel,0.15013211837851423,0.150132118378516,static_dark,right,headset ignored,1
A_dtw30,gyro,0.0013825782619262283,0.0029007793568847744,static_dark,right,headset vio drift 1e-3,0
C_gyro_W30,gyro,0.0004645760282624183,0.0006302059659728578,static_dark,right,headset vio drift 1e-3,0
B,gyro,0.00014874306487349783,0.00016381053063378346,static_dark,right,headset vio drift 1e-3,0
B,accel,0.0028732805133271366,0.006490009700073132,static_dark,right,headset vio drift 1e-3,0
A_dtw30,gyro,0.0006589657066823905,0.002321650532704692,static_dark,right,headset vio drift 1e-3,1
C_gyro_W30,gyro,0.0004667329866859348,0.000644063807319918,static_dark,right,headset vio drift 1e-3,1
B,gyro,0.00010878199262972359,0.00013490205036725722,static_dark,right,headset vio drift 1e-3,1
B,accel,0.0030906608640840624,0.006437330484165286,static_dark,right,headset vio drift 1e-3,1
A_dtw30,gyro,0.001413175622694344,0.0031730196623414204,static_dark,right,headset vio drift 3e-3,0
C_gyro_W30,gyro,0.0006403779215505909,0.0013719483870831184,static_dark,right,headset vio drift 3e-3,0
B,gyro,0.0002361801596683027,0.00031517530532495494,static_dark,right,headset vio drift 3e-3,0
B,accel,0.010765722084632405,0.01949787353885397,static_dark,right,headset vio drift 3e-3,0
A_dtw30,gyro,0.0009119250466297366,0.0025872567520439024,static_dark,right,headset vio drift 3e-3,1
C_gyro_W30,gyro,0.0006540106462643924,0.0013660596030086348,static_dark,right,headset vio drift 3e-3,1
B,gyro,0.00029990739214249065,0.0003278488782497249,static_dark,right,headset vio drift 3e-3,1
B,accel,0.020025254006181593,0.030698602271936447,static_dark,right,headset vio drift 3e-3,1
A_dtw30,gyro,0.001434138589368782,0.002847025874437188,static_dark,right,lever +20%,0
C_gyro_W30,gyro,0.0005488861954222144,0.0006304327926072947,static_dark,right,lever +20%,0
B,gyro,0.00011328857011091833,0.0001262957283813409,static_dark,right,lever +20%,0
B,accel,0.04715289872266831,0.049044334303851536,static_dark,right,lever +20%,0
A_dtw30,gyro,0.0006374970278653007,0.0022873253373806774,static_dark,right,lever +20%,1
C_gyro_W30,gyro,0.0005480521262096455,0.000653857649729752,static_dark,right,lever +20%,1
B,gyro,0.00010183214132700935,0.00012116848411996172,static_dark,right,lever +20%,1
B,accel,0.04860507664919525,0.05035952223820451,static_dark,right,lever +20%,1
A_dtw30,gyro,0.001434138589368782,0.002847025874437188,static_dark,right,lever -50%,0
C_gyro_W30,gyro,0.0005488861954222144,0.0006304327926072947,static_dark,right,lever -50%,0
B,gyro,0.00014768686388316556,0.00019137962868951357,static_dark,right,lever -50%,0
B,accel,0.0427028678980522,0.04554038574619357,static_dark,right,lever -50%,0
A_dtw30,gyro,0.0006374970278653007,0.0022873253373806774,static_dark,right,lever -50%,1
C_gyro_W30,gyro,0.0005480521262096455,0.000653857649729752,static_dark,right,lever -50%,1
B,gyro,0.01177334624829508,0.011773346248295187,static_dark,right,lever -50%,1
B,accel,0.06109448099758458,0.06109448099758381,static_dark,right,lever -50%,1
A_dtw30,gyro,0.001434138589368782,0.002847025874437188,static_dark,right,lever ignored (-100%),0
C_gyro_W30,gyro,0.0005488861954222144,0.0006304327926072947,static_dark,right,lever ignored (-100%),0
B,gyro,0.008628380748229327,0.008628380748229433,static_dark,right,lever ignored (-100%),0
B,accel,0.09737377639394001,0.09737377639394033,static_dark,right,lever ignored (-100%),0
A_dtw30,gyro,0.0006374970278653007,0.0022873253373806774,static_dark,right,lever ignored (-100%),1
C_gyro_W30,gyro,0.0005480521262096455,0.000653857649729752,static_dark,right,lever ignored (-100%),1
B,gyro,0.00883546213382753,0.008835462133827608,static_dark,right,lever ignored (-100%),1
B,accel,0.14227370819558205,0.14227370819558155,static_dark,right,lever ignored (-100%),1
A_dtw30,gyro,0.001434138589368782,0.002847025874437188,static_dark,right,gravity tilt 0.5deg,0
C_gyro_W30,gyro,0.0005488861954222144,0.0006304327926072947,static_dark,right,gravity tilt 0.5deg,0
B,gyro,0.00017823515254608013,0.00018396462871398853,static_dark,right,gravity tilt 0.5deg,0
B,accel,0.017287969792503907,0.01855469758945355,static_dark,right,gravity tilt 0.5deg,0
A_dtw30,gyro,0.0006374970278653007,0.0022873253373806774,static_dark,right,gravity tilt 0.5deg,1
C_gyro_W30,gyro,0.0005480521262096455,0.000653857649729752,static_dark,right,gravity tilt 0.5deg,1
B,gyro,6.0887144503342934e-05,9.978685264332801e-05,static_dark,right,gravity tilt 0.5deg,1
B,accel,0.017957237654957003,0.019123343126005946,static_dark,right,gravity tilt 0.5deg,1
A_dtw30,gyro,0.001434138589368782,0.002847025874437188,static_dark,right,gravity tilt 1deg,0
C_gyro_W30,gyro,0.0005488861954222144,0.0006304327926072947,static_dark,right,gravity tilt 1deg,0
B,gyro,0.00020800581245465947,0.000216528222439845,static_dark,right,gravity tilt 1deg,0
B,accel,0.03403410426286596,0.03653358206780459,static_dark,right,gravity tilt 1deg,0
A_dtw30,gyro,0.0006374970278653007,0.0022873253373806774,static_dark,right,gravity tilt 1deg,1
C_gyro_W30,gyro,0.0005480521262096455,0.000653857649729752,static_dark,right,gravity tilt 1deg,1
B,gyro,0.00011342410052943977,0.00014047794698734546,static_dark,right,gravity tilt 1deg,1
B,accel,0.0336983385988284,0.036175757578383136,static_dark,right,gravity tilt 1deg,1
A_dtw30,gyro,0.001434138589368782,0.002847025874437188,static_dark,right,gravity tilt 2deg,0
C_gyro_W30,gyro,0.0005488861954222144,0.0006304327926072947,static_dark,right,gravity tilt 2deg,0
B,gyro,0.002327193084799337,0.0023271930847993047,static_dark,right,gravity tilt 2deg,0
B,accel,0.3165273250231983,0.31652732502319875,static_dark,right,gravity tilt 2deg,0
A_dtw30,gyro,0.0006374970278653007,0.0022873253373806774,static_dark,right,gravity tilt 2deg,1
C_gyro_W30,gyro,0.0005480521262096455,0.000653857649729752,static_dark,right,gravity tilt 2deg,1
B,gyro,0.002192077506888542,0.0021920775068884992,static_dark,right,gravity tilt 2deg,1
B,accel,0.33671216524956593,0.3367121652495714,static_dark,right,gravity tilt 2deg,1
A_dtw30,gyro,0.001434138589368782,0.002847025874437188,static_dark,right,gravity mag +1%,0
C_gyro_W30,gyro,0.0005488861954222144,0.0006304327926072947,static_dark,right,gravity mag +1%,0
B,gyro,0.004804010308660698,0.004804010308660749,static_dark,right,gravity mag +1%,0
B,accel,0.14416695861779033,0.14416695861779408,static_dark,right,gravity mag +1%,0
A_dtw30,gyro,0.0006374970278653007,0.0022873253373806774,static_dark,right,gravity mag +1%,1
C_gyro_W30,gyro,0.0005480521262096455,0.000653857649729752,static_dark,right,gravity mag +1%,1
B,gyro,0.004002548998170386,0.004002548998170322,static_dark,right,gravity mag +1%,1
B,accel,0.14062349238412092,0.14062349238412114,static_dark,right,gravity mag +1%,1
A_dtw30,gyro,0.010824820723413793,0.011222919260560734,static_dark,right,axis misalign 0.5deg,0
C_gyro_W30,gyro,0.0005683676703785312,0.0007197942702684033,static_dark,right,axis misalign 0.5deg,0
B,gyro,0.00016208525867333323,0.00016939968964964578,static_dark,right,axis misalign 0.5deg,0
B,accel,0.014663957423328966,0.015198852749572065,static_dark,right,axis misalign 0.5deg,0
A_dtw30,gyro,0.010659391925198288,0.010993135450046113,static_dark,right,axis misalign 0.5deg,1
C_gyro_W30,gyro,0.00044909269416241494,0.0008162360818455771,static_dark,right,axis misalign 0.5deg,1
B,gyro,0.00020268395611767372,0.00022083251163739932,static_dark,right,axis misalign 0.5deg,1
B,accel,0.015314471678006127,0.01631393314648568,static_dark,right,axis misalign 0.5deg,1
A_dtw30,gyro,0.017884956824749308,0.018531708708373864,static_dark,right,axis misalign 1deg,0
C_gyro_W30,gyro,0.0006459226058071881,0.0009774337890752281,static_dark,right,axis misalign 1deg,0
B,gyro,0.00028621199920041964,0.00029469750261943106,static_dark,right,axis misalign 1deg,0
B,accel,0.02900721393811844,0.029915067806632657,static_dark,right,axis misalign 1deg,0
A_dtw30,gyro,0.02272603417735731,0.023291993475953187,static_dark,right,axis misalign 1deg,1
C_gyro_W30,gyro,0.0005920280971513786,0.0013123242216641743,static_dark,right,axis misalign 1deg,1
B,gyro,0.0003870303277267743,0.0004014074607933043,static_dark,right,axis misalign 1deg,1
B,accel,0.030929888472389647,0.03263173673871949,static_dark,right,axis misalign 1deg,1
A_dtw30,gyro,0.03212751622700764,0.03338807083121207,static_dark,right,axis misalign 2deg,0
C_gyro_W30,gyro,0.0008694660402759726,0.0016600645079042214,static_dark,right,axis misalign 2deg,0
B,gyro,0.014896265222339736,0.014896265222339387,static_dark,right,axis misalign 2deg,0
B,accel,0.328405439131341,0.32840543913133624,static_dark,right,axis misalign 2deg,0
A_dtw30,gyro,0.04698208923356965,0.04809486441662855,static_dark,right,axis misalign 2deg,1
C_gyro_W30,gyro,0.0011490060216899336,0.002500339684680279,static_dark,right,axis misalign 2deg,1
B,gyro,0.0025687006995757573,0.002568700699575716,static_dark,right,axis misalign 2deg,1
B,accel,0.07182306348862712,0.07182306348862844,static_dark,right,axis misalign 2deg,1
A_dtw30,gyro,0.002071472636178474,0.0032117553676848237,static_dark,right,gyro scale 0.1%,0
C_gyro_W30,gyro,0.002788054130915461,0.003119582185478348,static_dark,right,gyro scale 0.1%,0
B,gyro,0.0005402966078454529,0.0005657917234726656,static_dark,right,gyro scale 0.1%,0
B,accel,0.005270732358904777,0.0059665304616397866,static_dark,right,gyro scale 0.1%,0
A_dtw30,gyro,0.0012756637334529106,0.002551983591813572,static_dark,right,gyro scale 0.1%,1
C_gyro_W30,gyro,0.0027850797945739554,0.0031060453460912654,static_dark,right,gyro scale 0.1%,1
B,gyro,0.0006373407995937893,0.0006501456826258119,static_dark,right,gyro scale 0.1%,1
B,accel,0.0047322513265932505,0.0054494167076394855,static_dark,right,gyro scale 0.1%,1
A_dtw30,gyro,0.005378739748279248,0.0060883314905321555,static_dark,right,gyro scale 0.5%,0
C_gyro_W30,gyro,0.015694161267784633,0.017559383251909567,static_dark,right,gyro scale 0.5%,0
B,gyro,0.0008173518169854988,0.000817351816985517,static_dark,right,gyro scale 0.5%,0
B,accel,0.01668385389133539,0.01668385389133498,static_dark,right,gyro scale 0.5%,0
A_dtw30,gyro,0.004718904061167218,0.005454144059969237,static_dark,right,gyro scale 0.5%,1
C_gyro_W30,gyro,0.015698359126835655,0.017526499613410115,static_dark,right,gyro scale 0.5%,1
B,gyro,0.0009095614170010229,0.000909561417001036,static_dark,right,gyro scale 0.5%,1
B,accel,0.015419477669427735,0.015419477669427471,static_dark,right,gyro scale 0.5%,1
A_dtw30,gyro,0.001434138589368782,0.002847025874437188,static_dark,right,accel scale 0.3%,0
C_gyro_W30,gyro,0.0005488861954222144,0.0006304327926072947,static_dark,right,accel scale 0.3%,0
B,gyro,0.00046207289865038913,0.00046207289865038236,static_dark,right,accel scale 0.3%,0
B,accel,0.03779882405795873,0.03779882405795827,static_dark,right,accel scale 0.3%,0
A_dtw30,gyro,0.0006374970278653007,0.0022873253373806774,static_dark,right,accel scale 0.3%,1
C_gyro_W30,gyro,0.0005480521262096455,0.000653857649729752,static_dark,right,accel scale 0.3%,1
B,gyro,0.0006958452283339642,0.0006958452283339659,static_dark,right,accel scale 0.3%,1
B,accel,0.037752534376267056,0.037752534376266814,static_dark,right,accel scale 0.3%,1
A_dtw30,gyro,0.00296159755965055,0.003979540451514068,static_dark,right,vision outliers 5%,0
C_gyro_W30,gyro,0.0006456074217159741,0.0008408854912344692,static_dark,right,vision outliers 5%,0
B,gyro,0.00013649021940077816,0.00014292776253643148,static_dark,right,vision outliers 5%,0
B,accel,0.0004505458646072433,0.001761845689615742,static_dark,right,vision outliers 5%,0
A_dtw30,gyro,0.001860848509474471,0.00325520408613117,static_dark,right,vision outliers 5%,1
C_gyro_W30,gyro,0.0004663738954486662,0.0006311215860054187,static_dark,right,vision outliers 5%,1
B,gyro,0.0,0.0,static_dark,right,vision outliers 5%,1
B,accel,0.0,0.0,static_dark,right,vision outliers 5%,1
A_dtw30,gyro,0.018540976170250086,0.02491227139200909,static_dark,right,identity swap 3s,0
C_gyro_W30,gyro,0.004926045875116365,0.03084243769327728,static_dark,right,identity swap 3s,0
B,gyro,0.00014342236911146411,0.0001488012098814546,static_dark,right,identity swap 3s,0
B,accel,0.000872694931198076,0.0018291727362803498,static_dark,right,identity swap 3s,0
A_dtw30,gyro,0.0177929305939217,0.02442458013731756,static_dark,right,identity swap 3s,1
C_gyro_W30,gyro,0.0049490877460194645,0.03090428009149418,static_dark,right,identity swap 3s,1
B,gyro,5.244694875949963e-05,9.739409400999563e-05,static_dark,right,identity swap 3s,1
B,accel,0.0007218589597053188,0.0017962934678783784,static_dark,right,identity swap 3s,1
A_dtw30,gyro,0.00234332919418939,0.003656064072614143,static_dark,right,corr vision err 0.5deg/2mm,0
C_gyro_W30,gyro,0.000638541331431433,0.0010796256091614022,static_dark,right,corr vision err 0.5deg/2mm,0
B,gyro,0.00011183791355784525,0.00015299446029124348,static_dark,right,corr vision err 0.5deg/2mm,0
B,accel,0.0033420659185625715,0.0061132100737824845,static_dark,right,corr vision err 0.5deg/2mm,0
A_dtw30,gyro,0.004239683447376641,0.005051982635913611,static_dark,right,corr vision err 0.5deg/2mm,1
C_gyro_W30,gyro,0.0003907846627914828,0.000874921947109275,static_dark,right,corr vision err 0.5deg/2mm,1
B,gyro,0.00016754883483353287,0.00018802814700435216,static_dark,right,corr vision err 0.5deg/2mm,1
B,accel,0.0023309327851451407,0.006172943711280369,static_dark,right,corr vision err 0.5deg/2mm,1
A_dtw30,gyro,0.0038612892371668304,0.005677523183318843,static_dark,right,corr vision err 1deg/4mm,0
C_gyro_W30,gyro,0.000728905174436043,0.0017023055686259912,static_dark,right,corr vision err 1deg/4mm,0
B,gyro,0.000251641148680492,0.00034277849779122167,static_dark,right,corr vision err 1deg/4mm,0
B,accel,0.0075377248185360445,0.011299759892285733,static_dark,right,corr vision err 1deg/4mm,0
A_dtw30,gyro,0.007765678674397076,0.009117813644990943,static_dark,right,corr vision err 1deg/4mm,1
C_gyro_W30,gyro,0.0010566236956980057,0.0017045471935578365,static_dark,right,corr vision err 1deg/4mm,1
B,gyro,0.000537712397816649,0.0005723731383496004,static_dark,right,corr vision err 1deg/4mm,1
B,accel,0.00723939807773921,0.011293913528945177,static_dark,right,corr vision err 1deg/4mm,1
A_dtw30,gyro,0.002824194950591259,0.005646024790859559,static_dark,right,vision noise x2,0
C_gyro_W30,gyro,0.0005931351395387578,0.000688808954767264,static_dark,right,vision noise x2,0
B,gyro,0.00013689370020150536,0.00014516710946808531,static_dark,right,vision noise x2,0
B,accel,0.0006902246952762886,0.001999128770135232,static_dark,right,vision noise x2,0
A_dtw30,gyro,0.0012063251243598749,0.0045739515770963635,static_dark,right,vision noise x2,1
C_gyro_W30,gyro,0.0005749386722631569,0.0007205251385307115,static_dark,right,vision noise x2,1
B,gyro,5.861553343538615e-05,9.784138515117201e-05,static_dark,right,vision noise x2,1
B,accel,0.0009834681498476397,0.0018472575798291035,static_dark,right,vision noise x2,1
A_dtw30,gyro,0.001732138542952049,0.002528143970460667,static_dark,right,dt jitter 0.5ms,0
C_gyro_W30,gyro,0.000739853226709224,0.0009753311679462302,static_dark,right,dt jitter 0.5ms,0
B,gyro,0.0002540403499697683,0.0002904368833523328,static_dark,right,dt jitter 0.5ms,0
B,accel,0.0012575803702373411,0.002584340777739686,static_dark,right,dt jitter 0.5ms,0
A_dtw30,gyro,0.002587990391945761,0.0033766326607232305,static_dark,right,dt jitter 0.5ms,1
C_gyro_W30,gyro,0.0007961103840668996,0.0009940771075857735,static_dark,right,dt jitter 0.5ms,1
B,gyro,0.00015470853819168846,0.00018839866409774887,static_dark,right,dt jitter 0.5ms,1
B,accel,0.0014071594465875634,0.0020932753753124954,static_dark,right,dt jitter 0.5ms,1
A_dtw30,gyro,0.0017089388669692981,0.0025293969210877345,static_dark,right,dt jitter 1ms,0
C_gyro_W30,gyro,0.0011702432156555313,0.0016145171512609927,static_dark,right,dt jitter 1ms,0
B,gyro,0.00042347091511474224,0.0004908811752715214,static_dark,right,dt jitter 1ms,0
B,accel,0.0009697348452671271,0.0034810688144988134,static_dark,right,dt jitter 1ms,0
A_dtw30,gyro,0.002645817596453048,0.0034595863425157546,static_dark,right,dt jitter 1ms,1
C_gyro_W30,gyro,0.0010047241755384234,0.0014593650947495535,static_dark,right,dt jitter 1ms,1
B,gyro,0.00025501736667013074,0.00032279341388118934,static_dark,right,dt jitter 1ms,1
B,accel,0.001415616283439499,0.002611593500809457,static_dark,right,dt jitter 1ms,1
