variant,absb_left,absb_right,bmean_left,bmean_right,diagS_left,diagS_right,SF_left,SF_right,score
e0 P=R A=I s.98 b=-b,0.0535,0.0726,"[0.0301, -0.0154, 0.0325]","[0.0174, -0.0434, -0.05]","[-0.0002, -0.0013, 0.0011]","[-0.002, 0.0041, 0.0052]",0.0079,0.0118,1.613
e0 P=R A=M s.98 b=-b,0.0533,0.0726,"[0.03, -0.0153, 0.0324]","[0.0175, -0.0435, -0.0499]","[-0.0027, -0.0006, 0.0005]","[-0.005, 0.0031, 0.0039]",0.0079,0.0124,1.645
e0 P=R A=Minv s.98 b=-b,0.0536,0.0726,"[0.0302, -0.0155, 0.0326]","[0.0172, -0.0432, -0.0501]","[0.0022, -0.0019, 0.0017]","[0.001, 0.005, 0.0066]",0.0102,0.0131,1.796
e0 P=RD A=I s.98 b=+b,0.0454,0.1261,"[0.0296, -0.0147, 0.0067]","[0.0182, -0.0415, -0.1136]","[-0.0002, -0.0013, 0.0011]","[-0.002, 0.0041, 0.0052]",0.0079,0.0118,1.840
e0 P=RD A=Minv s.98 b=+b,0.0455,0.1259,"[0.0297, -0.0148, 0.0066]","[0.018, -0.0414, -0.1134]","[0.0024, -0.0018, 0.0014]","[0.0011, 0.0049, 0.0065]",0.0083,0.0126,1.906
e0 P=RD A=M s.98 b=+b,0.0453,0.1263,"[0.0295, -0.0146, 0.0068]","[0.0183, -0.0417, -0.1137]","[-0.0029, -0.0008, 0.0008]","[-0.0051, 0.0032, 0.0039]",0.0099,0.0129,1.995
e0 P=RtD A=M s.98 b=0,0.0982,0.1578,"[0.0451, 0.0787, 0.0214]","[-0.067, -0.1075, -0.0848]","[-0.0001, -0.0012, -0.0015]","[-0.0016, 0.0031, 0.0006]",0.0083,0.0101,2.201
e0 P=DR A=I s.98 b=+b,0.0734,0.1709,"[0.0602, -0.0155, 0.0325]","[-0.1517, -0.0435, -0.05]","[-0.0002, -0.0013, 0.0011]","[-0.002, 0.0041, 0.0052]",0.0079,0.0118,2.204
e0 P=DRt A=M s.98 b=0,0.0982,0.1578,"[0.0451, 0.0787, 0.0214]","[-0.067, -0.1075, -0.0848]","[-0.0003, -0.003, 0.0005]","[-0.0017, 0.0007, 0.003]",0.0085,0.0101,2.212
e0 P=D A=I s.98 b=-b,0.1558,0.0908,"[0.0321, 0.1411, -0.0505]","[-0.0352, -0.0703, 0.0151]","[-0.0002, -0.0013, 0.0011]","[-0.002, 0.0041, 0.0052]",0.0079,0.0118,2.215
e0 P=I A=I s.98 b=0,0.0982,0.1578,"[0.0451, 0.0787, 0.0214]","[-0.067, -0.1075, -0.0848]","[-0.0002, -0.0013, 0.0011]","[-0.002, 0.0041, 0.0052]",0.0079,0.0118,2.262
e1 P=I A=I s.98 b=0,0.0982,0.1578,"[0.0451, 0.0787, 0.0214]","[-0.067, -0.1075, -0.0848]","[-0.0002, -0.0013, 0.0011]","[-0.002, 0.0041, 0.0052]",0.0079,0.0118,2.262
e0 P=D A=M s.98 b=-b,0.1559,0.0905,"[0.0322, 0.1411, -0.0504]","[-0.035, -0.0701, 0.0151]","[-0.0007, -0.0033, 0.0011]","[-0.0033, -0.0002, 0.0056]",0.0092,0.0115,2.266
e0 P=DR A=M s.98 b=+b,0.0735,0.1711,"[0.0603, -0.0155, 0.0323]","[-0.1519, -0.0436, -0.0498]","[-0.0027, -0.0006, 0.0005]","[-0.005, 0.0031, 0.0039]",0.0087,0.0122,2.266
e0 P=R A=M s.98 b=0,0.0982,0.1578,"[0.0451, 0.0787, 0.0214]","[-0.067, -0.1075, -0.0848]","[-0.0027, -0.0006, 0.0005]","[-0.005, 0.0031, 0.0039]",0.0079,0.0124,2.295
e0 P=I A=M s.98 b=0,0.0982,0.1578,"[0.0451, 0.0787, 0.0214]","[-0.067, -0.1075, -0.0848]","[-0.0007, -0.0032, 0.0011]","[-0.0033, -0.0002, 0.0056]",0.0085,0.0119,2.299
e1 P=I A=M s.98 b=0,0.0982,0.1578,"[0.0451, 0.0787, 0.0214]","[-0.067, -0.1075, -0.0848]","[0.0019, 0.0017, 0.0042]","[-0.0009, 0.0061, -0.0013]",0.0088,0.0116,2.300
e1 P=Rt A=Minv s.98 b=0,0.0982,0.1578,"[0.0451, 0.0787, 0.0214]","[-0.067, -0.1075, -0.0848]","[-0.0033, -0.0024, -0.0029]","[0.0046, 0.0036, 0.0026]",0.0090,0.0114,2.302
e0 P=D A=M s.98 b=0,0.0982,0.1578,"[0.0451, 0.0787, 0.0214]","[-0.067, -0.1075, -0.0848]","[-0.0007, -0.0033, 0.0011]","[-0.0033, -0.0002, 0.0056]",0.0092,0.0115,2.314
e1 P=DRt A=Minv s.98 b=0,0.0982,0.1578,"[0.0451, 0.0787, 0.0214]","[-0.067, -0.1075, -0.0848]","[-0.0033, -0.0024, -0.0029]","[0.0046, 0.0036, 0.0026]",0.0092,0.0116,2.320
e0 P=DR A=M s.98 b=0,0.0982,0.1578,"[0.0451, 0.0787, 0.0214]","[-0.067, -0.1075, -0.0848]","[-0.0027, -0.0006, 0.0005]","[-0.005, 0.0031, 0.0039]",0.0087,0.0122,2.324
e0 P=RD A=Minv s.98 b=0,0.0982,0.1578,"[0.0451, 0.0787, 0.0214]","[-0.067, -0.1075, -0.0848]","[0.0024, -0.0018, 0.0014]","[0.0011, 0.0049, 0.0065]",0.0083,0.0126,2.329
e0 P=Rt A=M s.98 b=0,0.0982,0.1578,"[0.0451, 0.0787, 0.0214]","[-0.067, -0.1075, -0.0848]","[-0.0003, -0.003, 0.0005]","[-0.0017, 0.0007, 0.003]",0.0111,0.0100,2.332
e1 P=R A=M s.98 b=0,0.0982,0.1578,"[0.0451, 0.0787, 0.0214]","[-0.067, -0.1075, -0.0848]","[0.0031, 0.0015, 0.0032]","[-0.0019, -0.0007, 0.0064]",0.0092,0.0121,2.343
e1 P=D A=M s.98 b=0,0.0982,0.1578,"[0.0451, 0.0787, 0.0214]","[-0.067, -0.1075, -0.0848]","[0.0019, 0.0017, 0.0042]","[-0.0009, 0.0061, -0.0013]",0.0101,0.0114,2.358
e0 P=Rt A=Minv s.98 b=0,0.0982,0.1578,"[0.0451, 0.0787, 0.0214]","[-0.067, -0.1075, -0.0848]","[-0.0002, 0.0005, 0.0017]","[-0.0023, 0.0074, 0.0075]",0.0067,0.0150,2.363
e0 P=DR A=Minv s.98 b=+b,0.0734,0.1708,"[0.0601, -0.0156, 0.0326]","[-0.1516, -0.0433, -0.0501]","[0.0022, -0.0019, 0.0017]","[0.001, 0.005, 0.0066]",0.0096,0.0133,2.363
e1 P=RD A=M s.98 b=0,0.0982,0.1578,"[0.0451, 0.0787, 0.0214]","[-0.067, -0.1075, -0.0848]","[0.003, 0.0015, 0.0033]","[-0.0019, -0.0006, 0.0063]",0.0091,0.0126,2.367
e0 P=D A=Minv s.98 b=-b,0.1558,0.0910,"[0.032, 0.141, -0.0506]","[-0.0353, -0.0705, 0.0151]","[0.0002, 0.0007, 0.0011]","[-0.0007, 0.0083, 0.0049]",0.0091,0.0139,2.382
e1 P=RtD A=Minv s.98 b=0,0.0982,0.1578,"[0.0451, 0.0787, 0.0214]","[-0.067, -0.1075, -0.0848]","[-0.0033, -0.0049, -0.0004]","[0.0046, 0.0019, 0.0043]",0.0106,0.0116,2.386
e1 P=DR A=M s.98 b=0,0.0982,0.1578,"[0.0451, 0.0787, 0.0214]","[-0.067, -0.1075, -0.0848]","[0.0031, 0.0015, 0.0032]","[-0.0019, -0.0007, 0.0064]",0.0096,0.0131,2.414
e0 P=RD A=M s.98 b=0,0.0982,0.1578,"[0.0451, 0.0787, 0.0214]","[-0.067, -0.1075, -0.0848]","[-0.0029, -0.0008, 0.0008]","[-0.0051, 0.0032, 0.0039]",0.0099,0.0129,2.417
e0 P=DR A=Minv s.98 b=0,0.0982,0.1578,"[0.0451, 0.0787, 0.0214]","[-0.067, -0.1075, -0.0848]","[0.0022, -0.0019, 0.0017]","[0.001, 0.005, 0.0066]",0.0096,0.0133,2.422
e0 P=D A=Minv s.98 b=0,0.0982,0.1578,"[0.0451, 0.0787, 0.0214]","[-0.067, -0.1075, -0.0848]","[0.0002, 0.0007, 0.0011]","[-0.0007, 0.0083, 0.0049]",0.0091,0.0139,2.428
e0 P=I A=Minv s.98 b=0,0.0982,0.1578,"[0.0451, 0.0787, 0.0214]","[-0.067, -0.1075, -0.0848]","[0.0002, 0.0007, 0.0011]","[-0.0007, 0.0083, 0.0049]",0.0098,0.0135,2.443
e0 P=R A=Minv s.98 b=0,0.0982,0.1578,"[0.0451, 0.0787, 0.0214]","[-0.067, -0.1075, -0.0848]","[0.0022, -0.0019, 0.0017]","[0.001, 0.005, 0.0066]",0.0102,0.0131,2.445
e0 P=I A=I s.98 b=+b,0.1633,0.1300,"[0.058, 0.141, -0.0505]","[-0.0992, -0.0703, 0.0151]","[-0.0002, -0.0013, 0.0011]","[-0.002, 0.0041, 0.0052]",0.0079,0.0118,2.449
e0 P=RtD A=M s.98 b=+b,0.1060,0.2018,"[-0.0283, 0.0571, 0.0788]","[-0.1661, -0.1008, -0.0331]","[-0.0001, -0.0012, -0.0015]","[-0.0016, 0.0031, 0.0006]",0.0083,0.0101,2.460
e1 P=DR A=Minv s.98 b=0,0.0982,0.1578,"[0.0451, 0.0787, 0.0214]","[-0.067, -0.1075, -0.0848]","[-0.0036, -0.004, -0.001]","[-0.0021, 0.0088, 0.0041]",0.0093,0.0144,2.467
e1 P=RtD A=M s.98 b=0,0.0982,0.1578,"[0.0451, 0.0787, 0.0214]","[-0.067, -0.1075, -0.0848]","[0.0028, 0.0023, 0.0026]","[-0.0086, 0.0062, 0.0062]",0.0082,0.0157,2.476
e0 P=Rt A=I s.98 b=+b,0.1743,0.1257,"[0.1182, 0.1222, -0.0226]","[0.0326, -0.0602, -0.1024]","[-0.0002, -0.0013, 0.0011]","[-0.002, 0.0041, 0.0052]",0.0079,0.0118,2.483
e0 P=I A=M s.98 b=+b,0.1632,0.1300,"[0.0578, 0.141, -0.0504]","[-0.0994, -0.0701, 0.0151]","[-0.0007, -0.0032, 0.0011]","[-0.0033, -0.0002, 0.0056]",0.0085,0.0119,2.485
e1 P=D A=Minv s.98 b=0,0.0982,0.1578,"[0.0451, 0.0787, 0.0214]","[-0.067, -0.1075, -0.0848]","[-0.0024, -0.0042, -0.002]","[-0.0031, 0.0021, 0.0118]",0.0087,0.0157,2.504
e0 P=DRt A=M s.98 b=+b,0.1411,0.1739,"[0.1182, 0.0346, 0.0654]","[0.0328, -0.1549, -0.0671]","[-0.0003, -0.003, 0.0005]","[-0.0017, 0.0007, 0.003]",0.0085,0.0101,2.508
e0 P=DRt A=Minv s.98 b=0,0.0982,0.1578,"[0.0451, 0.0787, 0.0214]","[-0.067, -0.1075, -0.0848]","[-0.0002, 0.0005, 0.0017]","[-0.0023, 0.0074, 0.0075]",0.0097,0.0149,2.510
e1 P=RD A=Minv s.98 b=0,0.0982,0.1578,"[0.0451, 0.0787, 0.0214]","[-0.067, -0.1075, -0.0848]","[-0.0035, -0.004, -0.0011]","[-0.0021, 0.0087, 0.0042]",0.0098,0.0148,2.510
e0 P=RtD A=Minv s.98 b=0,0.0982,0.1578,"[0.0451, 0.0787, 0.0214]","[-0.067, -0.1075, -0.0848]","[-0.0004, -0.0013, 0.0037]","[-0.0023, 0.005, 0.0098]",0.0099,0.0149,2.519
e0 P=RtD A=I s.98 b=+b,0.1061,0.2019,"[-0.0284, 0.0572, 0.0789]","[-0.1661, -0.1008, -0.0333]","[-0.0002, -0.0013, 0.0011]","[-0.002, 0.0041, 0.0052]",0.0079,0.0118,2.522
e1 P=R A=Minv s.98 b=0,0.0982,0.1578,"[0.0451, 0.0787, 0.0214]","[-0.067, -0.1075, -0.0848]","[-0.0036, -0.004, -0.001]","[-0.0021, 0.0088, 0.0041]",0.0098,0.0153,2.530
e1 P=DRt A=M s.98 b=0,0.0982,0.1578,"[0.0451, 0.0787, 0.0214]","[-0.067, -0.1075, -0.0848]","[0.0028, -0.0001, 0.0051]","[-0.0086, 0.0045, 0.0079]",0.0097,0.0157,2.549
e0 P=Rt A=M s.98 b=+b,0.1742,0.1257,"[0.1181, 0.1221, -0.0227]","[0.0326, -0.06, -0.1025]","[-0.0003, -0.003, 0.0005]","[-0.0017, 0.0007, 0.003]",0.0111,0.0100,2.552
e0 P=DRt A=I s.98 b=+b,0.1411,0.1738,"[0.1183, 0.0345, 0.0653]","[0.0328, -0.1547, -0.0672]","[-0.0002, -0.0013, 0.0011]","[-0.002, 0.0041, 0.0052]",0.0079,0.0118,2.557
e1 P=Rt A=M s.98 b=0,0.0982,0.1578,"[0.0451, 0.0787, 0.0214]","[-0.067, -0.1075, -0.0848]","[0.0028, -0.0001, 0.0051]","[-0.0086, 0.0045, 0.0079]",0.0099,0.0158,2.564
e1 P=I A=Minv s.98 b=0,0.0982,0.1578,"[0.0451, 0.0787, 0.0214]","[-0.067, -0.1075, -0.0848]","[-0.0024, -0.0042, -0.002]","[-0.0031, 0.0021, 0.0118]",0.0101,0.0156,2.565
e0 P=Rt A=Minv s.98 b=+b,0.1744,0.1258,"[0.1183, 0.1223, -0.0226]","[0.0327, -0.0604, -0.1023]","[-0.0002, 0.0005, 0.0017]","[-0.0023, 0.0074, 0.0075]",0.0067,0.0150,2.584
e0 P=Rt A=I s.98 b=-b,0.0851,0.2412,"[-0.0279, 0.0352, 0.0654]","[-0.1667, -0.1548, -0.0671]","[-0.0002, -0.0013, 0.0011]","[-0.002, 0.0041, 0.0052]",0.0079,0.0118,2.614
e0 P=I A=Minv s.98 b=+b,0.1633,0.1300,"[0.0581, 0.1409, -0.0506]","[-0.0991, -0.0705, 0.0151]","[0.0002, 0.0007, 0.0011]","[-0.0007, 0.0083, 0.0049]",0.0098,0.0135,2.629
e0 P=DRt A=M s.98 b=-b,0.1306,0.2094,"[-0.0279, 0.1228, -0.0227]","[-0.1668, -0.0601, -0.1024]","[-0.0003, -0.003, 0.0005]","[-0.0017, 0.0007, 0.003]",0.0085,0.0101,2.632
e0 P=RtD A=M s.98 b=-b,0.1624,0.1827,"[0.1185, 0.1003, -0.0361]","[0.032, -0.1142, -0.1364]","[-0.0001, -0.0012, -0.0015]","[-0.0016, 0.0031, 0.0006]",0.0083,0.0101,2.647
e0 P=DRt A=I s.98 b=-b,0.1306,0.2095,"[-0.028, 0.1229, -0.0226]","[-0.1668, -0.0603, -0.1023]","[-0.0002, -0.0013, 0.0011]","[-0.002, 0.0041, 0.0052]",0.0079,0.0118,2.683
e0 P=Rt A=M s.98 b=-b,0.0852,0.2413,"[-0.0278, 0.0352, 0.0655]","[-0.1667, -0.155, -0.067]","[-0.0003, -0.003, 0.0005]","[-0.0017, 0.0007, 0.003]",0.0111,0.0100,2.685
e0 P=I A=I s.98 b=-b,0.1021,0.2398,"[0.0323, 0.0164, 0.0933]","[-0.0348, -0.1447, -0.1846]","[-0.0002, -0.0013, 0.0011]","[-0.002, 0.0041, 0.0052]",0.0079,0.0118,2.692
e0 P=RtD A=I s.98 b=-b,0.1624,0.1825,"[0.1186, 0.1002, -0.0361]","[0.032, -0.1142, -0.1362]","[-0.0002, -0.0013, 0.0011]","[-0.002, 0.0041, 0.0052]",0.0079,0.0118,2.707
e0 P=Rt A=Minv s.98 b=-b,0.0851,0.2411,"[-0.028, 0.0351, 0.0653]","[-0.1667, -0.1546, -0.0672]","[-0.0002, 0.0005, 0.0017]","[-0.0023, 0.0074, 0.0075]",0.0067,0.0150,2.714
e0 P=I A=M s.98 b=-b,0.1021,0.2399,"[0.0324, 0.0164, 0.0932]","[-0.0347, -0.1449, -0.1846]","[-0.0007, -0.0032, 0.0011]","[-0.0033, -0.0002, 0.0056]",0.0085,0.0119,2.729
e0 P=RtD A=Minv s.98 b=+b,0.1062,0.2019,"[-0.0285, 0.0573, 0.0789]","[-0.1661, -0.1008, -0.0336]","[-0.0004, -0.0013, 0.0037]","[-0.0023, 0.005, 0.0098]",0.0099,0.0149,2.780
e0 P=DRt A=Minv s.98 b=+b,0.1411,0.1736,"[0.1184, 0.0345, 0.0652]","[0.0328, -0.1545, -0.0673]","[-0.0002, 0.0005, 0.0017]","[-0.0023, 0.0074, 0.0075]",0.0097,0.0149,2.804
e0 P=D A=I s.98 b=+b,0.1123,0.2578,"[0.0582, 0.0163, 0.0933]","[-0.0989, -0.1447, -0.1846]","[-0.0002, -0.0013, 0.0011]","[-0.002, 0.0041, 0.0052]",0.0079,0.0118,2.833
e0 P=I A=Minv s.98 b=-b,0.1022,0.2397,"[0.0322, 0.0165, 0.0934]","[-0.035, -0.1445, -0.1846]","[0.0002, 0.0007, 0.0011]","[-0.0007, 0.0083, 0.0049]",0.0098,0.0135,2.872
e1 P=Rt A=I s.98 b=-b,0.1120,0.2672,"[-0.0377, 0.0071, 0.1009]","[0.1512, -0.1927, 0.1011]","[-0.0002, -0.0013, 0.0011]","[-0.002, 0.0041, 0.0052]",0.0079,0.0118,2.878
e0 P=D A=M s.98 b=+b,0.1121,0.2580,"[0.0581, 0.0163, 0.0932]","[-0.099, -0.1449, -0.1846]","[-0.0007, -0.0033, 0.0011]","[-0.0033, -0.0002, 0.0056]",0.0092,0.0115,2.884
e1 P=Rt A=Minv s.98 b=-b,0.1123,0.2665,"[-0.038, 0.007, 0.1012]","[0.1498, -0.1927, 0.1017]","[-0.0033, -0.0024, -0.0029]","[0.0046, 0.0036, 0.0026]",0.0090,0.0114,2.916
e0 P=DRt A=Minv s.98 b=-b,0.1307,0.2095,"[-0.0282, 0.1229, -0.0225]","[-0.1669, -0.0606, -0.1022]","[-0.0002, 0.0005, 0.0017]","[-0.0023, 0.0074, 0.0075]",0.0097,0.0149,2.931
e0 P=DR A=I s.98 b=-b,0.1785,0.2118,"[0.03, 0.1729, 0.0103]","[0.0177, -0.1716, -0.1196]","[-0.0002, -0.0013, 0.0011]","[-0.002, 0.0041, 0.0052]",0.0079,0.0118,2.934
e0 P=RtD A=Minv s.98 b=-b,0.1625,0.1823,"[0.1188, 0.1001, -0.0361]","[0.0321, -0.1142, -0.1359]","[-0.0004, -0.0013, 0.0037]","[-0.0023, 0.005, 0.0098]",0.0099,0.0149,2.963
e1 P=DR A=I s.98 b=-b,0.2058,0.1948,"[-0.0049, 0.2035, 0.0022]","[0.0162, 0.1784, -0.0636]","[-0.0002, -0.0013, 0.0011]","[-0.002, 0.0041, 0.0052]",0.0079,0.0118,2.985
e0 P=DR A=M s.98 b=-b,0.1784,0.2118,"[0.0299, 0.1728, 0.0104]","[0.0179, -0.1714, -0.1197]","[-0.0027, -0.0006, 0.0005]","[-0.005, 0.0031, 0.0039]",0.0087,0.0122,2.994
e0 P=D A=Minv s.98 b=+b,0.1124,0.2577,"[0.0583, 0.0164, 0.0934]","[-0.0987, -0.1445, -0.1846]","[0.0002, 0.0007, 0.0011]","[-0.0007, 0.0083, 0.0049]",0.0091,0.0139,2.998
e1 P=RtD A=I s.98 b=+b,0.1376,0.2801,"[-0.0382, 0.0423, 0.1216]","[0.1514, -0.216, 0.0884]","[-0.0002, -0.0013, 0.0011]","[-0.002, 0.0041, 0.0052]",0.0079,0.0118,3.071
e0 P=DR A=Minv s.98 b=-b,0.1785,0.2118,"[0.0301, 0.173, 0.0102]","[0.0175, -0.1717, -0.1194]","[0.0022, -0.0019, 0.0017]","[0.001, 0.005, 0.0066]",0.0096,0.0133,3.094
e0 P=RD A=I s.98 b=-b,0.1886,0.2415,"[0.0606, 0.1721, 0.0361]","[-0.1522, -0.1735, -0.056]","[-0.0002, -0.0013, 0.0011]","[-0.002, 0.0041, 0.0052]",0.0079,0.0118,3.133
e1 P=DR A=M s.98 b=-b,0.2055,0.1958,"[-0.0048, 0.2032, 0.0022]","[0.0152, 0.1794, -0.0639]","[0.0031, 0.0015, 0.0032]","[-0.0019, -0.0007, 0.0064]",0.0096,0.0131,3.141
e1 P=Rt A=M s.98 b=-b,0.1117,0.2678,"[-0.0375, 0.0072, 0.1007]","[0.1526, -0.1928, 0.1005]","[0.0028, -0.0001, 0.0051]","[-0.0086, 0.0045, 0.0079]",0.0099,0.0158,3.181
e1 P=DR A=Minv s.98 b=-b,0.2061,0.1939,"[-0.005, 0.2039, 0.0023]","[0.0173, 0.1774, -0.0633]","[-0.0036, -0.004, -0.001]","[-0.0021, 0.0088, 0.0041]",0.0093,0.0144,3.187
e1 P=RtD A=Minv s.98 b=+b,0.1377,0.2798,"[-0.0384, 0.0422, 0.1218]","[0.15, -0.2165, 0.0887]","[-0.0033, -0.0049, -0.0004]","[0.0046, 0.0019, 0.0043]",0.0106,0.0116,3.194
e0 P=RD A=Minv s.98 b=-b,0.1886,0.2415,"[0.0606, 0.1722, 0.0362]","[-0.152, -0.1736, -0.0561]","[0.0024, -0.0018, 0.0014]","[0.0011, 0.0049, 0.0065]",0.0083,0.0126,3.199
e0 P=R A=I s.98 b=+b,0.1859,0.2618,"[0.0602, 0.1728, 0.0103]","[-0.1514, -0.1717, -0.1195]","[-0.0002, -0.0013, 0.0011]","[-0.002, 0.0041, 0.0052]",0.0079,0.0118,3.221
e0 P=R A=M s.98 b=+b,0.1858,0.2619,"[0.0602, 0.1727, 0.0104]","[-0.1516, -0.1715, -0.1196]","[-0.0027, -0.0006, 0.0005]","[-0.005, 0.0031, 0.0039]",0.0079,0.0124,3.254
e1 P=RD A=I s.98 b=+b,0.0544,0.4037,"[-0.0053, -0.0449, -0.0003]","[0.0175, -0.394, -0.0795]","[-0.0002, -0.0013, 0.0011]","[-0.002, 0.0041, 0.0052]",0.0079,0.0118,3.273
e1 P=RtD A=M s.98 b=+b,0.1374,0.2804,"[-0.038, 0.0425, 0.1214]","[0.1528, -0.2155, 0.0882]","[0.0028, 0.0023, 0.0026]","[-0.0086, 0.0062, 0.0062]",0.0082,0.0157,3.285
e0 P=RD A=M s.98 b=-b,0.1885,0.2415,"[0.0607, 0.172, 0.036]","[-0.1524, -0.1734, -0.0558]","[-0.0029, -0.0008, 0.0008]","[-0.0051, 0.0032, 0.0039]",0.0099,0.0129,3.287
e1 P=I A=I s.98 b=-b,0.1108,0.3534,"[0.0248, -0.0278, 0.103]","[-0.0802, -0.3173, 0.1264]","[-0.0002, -0.0013, 0.0011]","[-0.002, 0.0041, 0.0052]",0.0079,0.0118,3.304
e1 P=R A=I s.98 b=+b,0.2264,0.2446,"[0.095, 0.2031, 0.0022]","[-0.1515, 0.1783, -0.0635]","[-0.0002, -0.0013, 0.0011]","[-0.002, 0.0041, 0.0052]",0.0079,0.0118,3.338
e1 P=I A=M s.98 b=-b,0.1105,0.3535,"[0.0247, -0.0275, 0.1027]","[-0.0798, -0.3169, 0.1278]","[0.0019, 0.0017, 0.0042]","[-0.0009, 0.0061, -0.0013]",0.0088,0.0116,3.340
e1 P=D A=I s.98 b=+b,0.1254,0.3483,"[0.0658, -0.0279, 0.1029]","[-0.0535, -0.3173, 0.1264]","[-0.0002, -0.0013, 0.0011]","[-0.002, 0.0041, 0.0052]",0.0079,0.0118,3.351
e1 P=R A=I s.98 b=-b,0.0684,0.4090,"[-0.0047, -0.0457, 0.0406]","[0.0174, -0.3933, -0.106]","[-0.0002, -0.0013, 0.0011]","[-0.002, 0.0041, 0.0052]",0.0079,0.0118,3.369
e1 P=RD A=M s.98 b=+b,0.0541,0.4047,"[-0.0052, -0.0446, -0.0004]","[0.0164, -0.395, -0.0799]","[0.003, 0.0015, 0.0033]","[-0.0019, -0.0006, 0.0063]",0.0091,0.0126,3.381
e1 P=DRt A=I s.98 b=-b,0.1679,0.3122,"[-0.038, 0.151, -0.0581]","[0.1513, -0.0221, -0.2707]","[-0.0002, -0.0013, 0.0011]","[-0.002, 0.0041, 0.0052]",0.0079,0.0118,3.383
e1 P=RD A=I s.98 b=-b,0.2299,0.2536,"[0.0955, 0.2023, 0.043]","[-0.1515, 0.179, -0.09]","[-0.0002, -0.0013, 0.0011]","[-0.002, 0.0041, 0.0052]",0.0079,0.0118,3.400
e0 P=R A=Minv s.98 b=+b,0.1859,0.2617,"[0.0601, 0.1729, 0.0102]","[-0.1512, -0.1718, -0.1194]","[0.0022, -0.0019, 0.0017]","[0.001, 0.005, 0.0066]",0.0102,0.0131,3.403
e1 P=R A=M s.98 b=+b,0.2261,0.2449,"[0.0949, 0.2028, 0.0021]","[-0.1504, 0.1794, -0.0639]","[0.0031, 0.0015, 0.0032]","[-0.0019, -0.0007, 0.0064]",0.0092,0.0121,3.418
e1 P=DRt A=Minv s.98 b=-b,0.1681,0.3120,"[-0.0382, 0.1511, -0.0583]","[0.1499, -0.0222, -0.2713]","[-0.0033, -0.0024, -0.0029]","[0.0046, 0.0036, 0.0026]",0.0092,0.0116,3.441
e1 P=D A=M s.98 b=+b,0.1252,0.3484,"[0.0658, -0.0277, 0.1027]","[-0.0538, -0.3169, 0.1278]","[0.0019, 0.0017, 0.0042]","[-0.0009, 0.0061, -0.0013]",0.0101,0.0114,3.446
e1 P=R A=M s.98 b=-b,0.0682,0.4099,"[-0.0046, -0.0454, 0.0407]","[0.0164, -0.3944, -0.1057]","[0.0031, 0.0015, 0.0032]","[-0.0019, -0.0007, 0.0064]",0.0092,0.0121,3.453
e1 P=RD A=M s.98 b=-b,0.2296,0.2536,"[0.0954, 0.202, 0.0431]","[-0.1505, 0.18, -0.0896]","[0.003, 0.0015, 0.0033]","[-0.0019, -0.0006, 0.0063]",0.0091,0.0126,3.503
e1 P=RD A=Minv s.98 b=+b,0.0547,0.4026,"[-0.0054, -0.0453, -0.0002]","[0.0185, -0.393, -0.0792]","[-0.0035, -0.004, -0.0011]","[-0.0021, 0.0087, 0.0042]",0.0098,0.0148,3.517
e1 P=D A=Minv s.98 b=+b,0.1256,0.3481,"[0.0657, -0.0282, 0.1032]","[-0.0532, -0.3177, 0.125]","[-0.0024, -0.0042, -0.002]","[-0.0031, 0.0021, 0.0118]",0.0087,0.0157,3.592
e1 P=D A=I s.98 b=-b,0.1984,0.3262,"[0.0245, 0.1853, -0.0602]","[-0.0805, 0.1022, -0.2959]","[-0.0002, -0.0013, 0.0011]","[-0.002, 0.0041, 0.0052]",0.0079,0.0118,3.606
e1 P=R A=Minv s.98 b=+b,0.2267,0.2444,"[0.0951, 0.2034, 0.0022]","[-0.1525, 0.1773, -0.0632]","[-0.0036, -0.004, -0.001]","[-0.0021, 0.0088, 0.0041]",0.0098,0.0153,3.606
e1 P=I A=Minv s.98 b=-b,0.1111,0.3534,"[0.0249, -0.028, 0.1032]","[-0.0805, -0.3177, 0.125]","[-0.0024, -0.0042, -0.002]","[-0.0031, 0.0021, 0.0118]",0.0101,0.0156,3.607
e1 P=DRt A=I s.98 b=+b,0.1638,0.3613,"[0.1283, 0.0064, 0.1008]","[-0.2853, -0.193, 0.1012]","[-0.0002, -0.0013, 0.0011]","[-0.002, 0.0041, 0.0052]",0.0079,0.0118,3.608
e1 P=I A=I s.98 b=+b,0.2075,0.3206,"[0.0655, 0.1852, -0.0602]","[-0.0539, 0.1023, -0.2959]","[-0.0002, -0.0013, 0.0011]","[-0.002, 0.0041, 0.0052]",0.0079,0.0118,3.623
e1 P=R A=Minv s.98 b=-b,0.0685,0.4081,"[-0.0048, -0.046, 0.0405]","[0.0185, -0.3923, -0.1063]","[-0.0036, -0.004, -0.001]","[-0.0021, 0.0088, 0.0041]",0.0098,0.0153,3.634
e1 P=RD A=Minv s.98 b=-b,0.2303,0.2537,"[0.0957, 0.2026, 0.043]","[-0.1526, 0.1779, -0.0904]","[-0.0035, -0.004, -0.0011]","[-0.0021, 0.0087, 0.0042]",0.0098,0.0148,3.650
e1 P=DRt A=Minv s.98 b=+b,0.1641,0.3604,"[0.1285, 0.0063, 0.1011]","[-0.2839, -0.1929, 0.1018]","[-0.0033, -0.0024, -0.0029]","[0.0046, 0.0036, 0.0026]",0.0092,0.0116,3.663
e1 P=I A=M s.98 b=+b,0.2073,0.3219,"[0.0655, 0.1849, -0.06]","[-0.0542, 0.1018, -0.2973]","[0.0019, 0.0017, 0.0042]","[-0.0009, 0.0061, -0.0013]",0.0088,0.0116,3.666
e1 P=DRt A=M s.98 b=-b,0.1677,0.3124,"[-0.0377, 0.1509, -0.0578]","[0.1527, -0.022, -0.2702]","[0.0028, -0.0001, 0.0051]","[-0.0086, 0.0045, 0.0079]",0.0097,0.0157,3.669
e1 P=D A=M s.98 b=-b,0.1981,0.3273,"[0.0245, 0.1851, -0.0599]","[-0.0802, 0.1018, -0.2973]","[0.0019, 0.0017, 0.0042]","[-0.0009, 0.0061, -0.0013]",0.0101,0.0114,3.705
e1 P=DR A=I s.98 b=+b,0.1150,0.4362,"[0.0951, -0.0462, 0.0405]","[-0.1503, -0.3934, -0.1059]","[-0.0002, -0.0013, 0.0011]","[-0.002, 0.0041, 0.0052]",0.0079,0.0118,3.738
e1 P=D A=Minv s.98 b=-b,0.1987,0.3252,"[0.0246, 0.1856, -0.0604]","[-0.0809, 0.1027, -0.2945]","[-0.0024, -0.0042, -0.002]","[-0.0031, 0.0021, 0.0118]",0.0087,0.0157,3.843
e1 P=RtD A=I s.98 b=-b,0.1921,0.3872,"[0.1285, 0.115, -0.0789]","[-0.2854, 0.001, -0.2579]","[-0.0002, -0.0013, 0.0011]","[-0.002, 0.0041, 0.0052]",0.0079,0.0118,3.879
e1 P=DR A=M s.98 b=+b,0.1148,0.4367,"[0.095, -0.0458, 0.0406]","[-0.1492, -0.3945, -0.1056]","[0.0031, 0.0015, 0.0032]","[-0.0019, -0.0007, 0.0064]",0.0096,0.0131,3.892
e1 P=DRt A=M s.98 b=+b,0.1635,0.3624,"[0.128, 0.0064, 0.1006]","[-0.2867, -0.1931, 0.1007]","[0.0028, -0.0001, 0.0051]","[-0.0086, 0.0045, 0.0079]",0.0097,0.0157,3.898
e1 P=I A=Minv s.98 b=+b,0.2078,0.3194,"[0.0654, 0.1854, -0.0604]","[-0.0535, 0.1027, -0.2945]","[-0.0024, -0.0042, -0.002]","[-0.0031, 0.0021, 0.0118]",0.0101,0.0156,3.921
e1 P=DR A=Minv s.98 b=+b,0.1152,0.4357,"[0.0953, -0.0465, 0.0405]","[-0.1513, -0.3924, -0.1062]","[-0.0036, -0.004, -0.001]","[-0.0021, 0.0088, 0.0041]",0.0093,0.0144,3.941
e1 P=RtD A=Minv s.98 b=-b,0.1925,0.3863,"[0.1287, 0.1152, -0.079]","[-0.284, 0.0015, -0.2582]","[-0.0033, -0.0049, -0.0004]","[0.0046, 0.0019, 0.0043]",0.0106,0.0116,4.000
e1 P=Rt A=I s.98 b=+b,0.2081,0.3963,"[0.128, 0.1503, -0.0582]","[-0.2853, -0.0223, -0.2706]","[-0.0002, -0.0013, 0.0011]","[-0.002, 0.0041, 0.0052]",0.0079,0.0118,4.005
e1 P=Rt A=Minv s.98 b=+b,0.2084,0.3957,"[0.1282, 0.1504, -0.0584]","[-0.2839, -0.0224, -0.2712]","[-0.0033, -0.0024, -0.0029]","[0.0046, 0.0036, 0.0026]",0.0090,0.0114,4.042
e1 P=RtD A=M s.98 b=-b,0.1918,0.3880,"[0.1282, 0.1149, -0.0787]","[-0.2868, 0.0005, -0.2577]","[0.0028, 0.0023, 0.0026]","[-0.0086, 0.0062, 0.0062]",0.0082,0.0157,4.095
e0 P=R A=M s1 b=-b,0.0529,0.0736,"[0.0303, -0.0135, 0.0322]","[0.0159, -0.0447, -0.0505]","[0.0167, 0.0187, 0.0198]","[0.0144, 0.0224, 0.0232]",0.0328,0.0367,4.107
e0 P=R A=I s1 b=-b,0.0530,0.0736,"[0.0304, -0.0136, 0.0323]","[0.0157, -0.0446, -0.0507]","[0.0191, 0.0181, 0.0204]","[0.0174, 0.0233, 0.0245]",0.0341,0.0391,4.298
e1 P=Rt A=M s.98 b=+b,0.2079,0.3969,"[0.1278, 0.1502, -0.0579]","[-0.2867, -0.0222, -0.2701]","[0.0028, -0.0001, 0.0051]","[-0.0086, 0.0045, 0.0079]",0.0099,0.0158,4.308
e0 P=RD A=M s1 b=+b,0.0450,0.1260,"[0.0298, -0.0128, 0.0071]","[0.0167, -0.0429, -0.1131]","[0.0165, 0.0186, 0.0202]","[0.0144, 0.0225, 0.0232]",0.0333,0.0369,4.362
e0 P=RD A=I s1 b=+b,0.0451,0.1258,"[0.0299, -0.0129, 0.007]","[0.0165, -0.0428, -0.113]","[0.0191, 0.0181, 0.0204]","[0.0174, 0.0233, 0.0245]",0.0341,0.0391,4.519
e0 P=R A=Minv s1 b=-b,0.0531,0.0737,"[0.0305, -0.0136, 0.0324]","[0.0156, -0.0445, -0.0508]","[0.0215, 0.0174, 0.021]","[0.0203, 0.0242, 0.0258]",0.0360,0.0420,4.534
e0 P=DR A=M s1 b=+b,0.0728,0.1702,"[0.06, -0.0136, 0.0321]","[-0.1503, -0.0448, -0.0505]","[0.0167, 0.0187, 0.0198]","[0.0144, 0.0224, 0.0232]",0.0330,0.0366,4.695
e0 P=D A=M s1 b=-b,0.1544,0.0910,"[0.0325, 0.1399, -0.049]","[-0.0357, -0.0708, 0.0131]","[0.0187, 0.0161, 0.0204]","[0.0161, 0.0191, 0.0248]",0.0331,0.0364,4.703
e0 P=RD A=Minv s1 b=+b,0.0451,0.1256,"[0.03, -0.013, 0.0068]","[0.0164, -0.0427, -0.1129]","[0.0217, 0.0176, 0.0207]","[0.0204, 0.0242, 0.0258]",0.0356,0.0418,4.724
e0 P=RtD A=M s1 b=0,0.0982,0.1578,"[0.0451, 0.0787, 0.0214]","[-0.067, -0.1075, -0.0848]","[0.0192, 0.0181, 0.0179]","[0.0177, 0.0224, 0.02]",0.0329,0.0360,4.726
e0 P=DRt A=M s1 b=0,0.0982,0.1578,"[0.0451, 0.0787, 0.0214]","[-0.067, -0.1075, -0.0848]","[0.0191, 0.0164, 0.0198]","[0.0177, 0.0201, 0.0223]",0.0329,0.0361,4.728
e0 P=I A=M s1 b=0,0.0982,0.1578,"[0.0451, 0.0787, 0.0214]","[-0.067, -0.1075, -0.0848]","[0.0187, 0.0161, 0.0204]","[0.0161, 0.0191, 0.0248]",0.0329,0.0366,4.753
e0 P=R A=M s1 b=0,0.0982,0.1578,"[0.0451, 0.0787, 0.0214]","[-0.067, -0.1075, -0.0848]","[0.0167, 0.0187, 0.0198]","[0.0144, 0.0224, 0.0232]",0.0328,0.0367,4.754
e0 P=D A=M s1 b=0,0.0982,0.1578,"[0.0451, 0.0787, 0.0214]","[-0.067, -0.1075, -0.0848]","[0.0187, 0.0161, 0.0204]","[0.0161, 0.0191, 0.0248]",0.0331,0.0364,4.756
e0 P=DR A=M s1 b=0,0.0982,0.1578,"[0.0451, 0.0787, 0.0214]","[-0.067, -0.1075, -0.0848]","[0.0167, 0.0187, 0.0198]","[0.0144, 0.0224, 0.0232]",0.0330,0.0366,4.760
e0 P=Rt A=M s1 b=0,0.0982,0.1578,"[0.0451, 0.0787, 0.0214]","[-0.067, -0.1075, -0.0848]","[0.0191, 0.0164, 0.0198]","[0.0177, 0.0201, 0.0223]",0.0336,0.0360,4.762
e0 P=RD A=M s1 b=0,0.0982,0.1578,"[0.0451, 0.0787, 0.0214]","[-0.067, -0.1075, -0.0848]","[0.0165, 0.0186, 0.0202]","[0.0144, 0.0225, 0.0232]",0.0333,0.0369,4.787
e1 P=Rt A=Minv s1 b=0,0.0982,0.1578,"[0.0451, 0.0787, 0.0214]","[-0.067, -0.1075, -0.0848]","[0.0161, 0.017, 0.0165]","[0.0238, 0.0229, 0.0219]",0.0296,0.0407,4.793
e1 P=DRt A=Minv s1 b=0,0.0982,0.1578,"[0.0451, 0.0787, 0.0214]","[-0.067, -0.1075, -0.0848]","[0.0161, 0.017, 0.0165]","[0.0238, 0.0229, 0.0219]",0.0296,0.0407,4.798
e1 P=RtD A=Minv s1 b=0,0.0982,0.1578,"[0.0451, 0.0787, 0.0214]","[-0.067, -0.1075, -0.0848]","[0.0161, 0.0146, 0.0189]","[0.0238, 0.0212, 0.0236]",0.0300,0.0407,4.818
e1 P=DR A=Minv s1 b=0,0.0982,0.1578,"[0.0451, 0.0787, 0.0214]","[-0.067, -0.1075, -0.0848]","[0.0159, 0.0154, 0.0183]","[0.0173, 0.0279, 0.0233]",0.0297,0.0416,4.841
e1 P=RD A=Minv s1 b=0,0.0982,0.1578,"[0.0451, 0.0787, 0.0214]","[-0.067, -0.1075, -0.0848]","[0.0159, 0.0154, 0.0183]","[0.0172, 0.0278, 0.0235]",0.0298,0.0417,4.855
e1 P=D A=Minv s1 b=0,0.0982,0.1578,"[0.0451, 0.0787, 0.0214]","[-0.067, -0.1075, -0.0848]","[0.017, 0.0152, 0.0174]","[0.0163, 0.0214, 0.0309]",0.0295,0.0420,4.855
e1 P=R A=Minv s1 b=0,0.0982,0.1578,"[0.0451, 0.0787, 0.0214]","[-0.067, -0.1075, -0.0848]","[0.0158, 0.0154, 0.0183]","[0.0172, 0.028, 0.0233]",0.0298,0.0419,4.862
e1 P=I A=Minv s1 b=0,0.0982,0.1578,"[0.0451, 0.0787, 0.0214]","[-0.067, -0.1075, -0.0848]","[0.017, 0.0152, 0.0174]","[0.0163, 0.0213, 0.0309]",0.0299,0.0420,4.873
e0 P=DR A=I s1 b=+b,0.0728,0.1700,"[0.06, -0.0137, 0.0322]","[-0.1501, -0.0447, -0.0506]","[0.0191, 0.0181, 0.0204]","[0.0174, 0.0233, 0.0245]",0.0341,0.0391,4.878
e0 P=D A=I s1 b=-b,0.1544,0.0912,"[0.0324, 0.1399, -0.0491]","[-0.0358, -0.071, 0.0132]","[0.0191, 0.0181, 0.0204]","[0.0174, 0.0233, 0.0245]",0.0341,0.0391,4.892
e0 P=I A=M s1 b=+b,0.1617,0.1297,"[0.0576, 0.1398, -0.049]","[-0.0987, -0.0709, 0.0132]","[0.0187, 0.0161, 0.0204]","[0.0161, 0.0191, 0.0248]",0.0329,0.0366,4.930
e0 P=I A=I s1 b=0,0.0982,0.1578,"[0.0451, 0.0787, 0.0214]","[-0.067, -0.1075, -0.0848]","[0.0191, 0.0181, 0.0204]","[0.0174, 0.0233, 0.0245]",0.0341,0.0391,4.944
e1 P=I A=I s1 b=0,0.0982,0.1578,"[0.0451, 0.0787, 0.0214]","[-0.067, -0.1075, -0.0848]","[0.0191, 0.0181, 0.0204]","[0.0174, 0.0233, 0.0245]",0.0341,0.0391,4.944
e0 P=Rt A=M s1 b=+b,0.1726,0.1255,"[0.1167, 0.1213, -0.0219]","[0.0307, -0.0609, -0.1022]","[0.0191, 0.0164, 0.0198]","[0.0177, 0.0201, 0.0223]",0.0336,0.0360,4.972
e0 P=RtD A=M s1 b=+b,0.1050,0.2005,"[-0.0268, 0.0575, 0.0777]","[-0.1641, -0.1009, -0.0341]","[0.0192, 0.0181, 0.0179]","[0.0177, 0.0224, 0.02]",0.0329,0.0360,4.973
e0 P=DRt A=M s1 b=+b,0.1398,0.1729,"[0.1168, 0.0355, 0.0646]","[0.0308, -0.154, -0.0674]","[0.0191, 0.0164, 0.0198]","[0.0177, 0.0201, 0.0223]",0.0329,0.0361,5.012
e1 P=I A=M s1 b=0,0.0982,0.1578,"[0.0451, 0.0787, 0.0214]","[-0.067, -0.1075, -0.0848]","[0.0212, 0.021, 0.0234]","[0.0185, 0.0253, 0.018]",0.0386,0.0374,5.079
e1 P=R A=M s1 b=0,0.0982,0.1578,"[0.0451, 0.0787, 0.0214]","[-0.067, -0.1075, -0.0848]","[0.0223, 0.0208, 0.0225]","[0.0175, 0.0187, 0.0256]",0.0387,0.0375,5.091
e1 P=D A=M s1 b=0,0.0982,0.1578,"[0.0451, 0.0787, 0.0214]","[-0.067, -0.1075, -0.0848]","[0.0212, 0.021, 0.0234]","[0.0185, 0.0253, 0.018]",0.0389,0.0373,5.092
e1 P=RD A=M s1 b=0,0.0982,0.1578,"[0.0451, 0.0787, 0.0214]","[-0.067, -0.1075, -0.0848]","[0.0223, 0.0208, 0.0225]","[0.0175, 0.0188, 0.0255]",0.0387,0.0377,5.098
e0 P=Rt A=M s1 b=-b,0.0844,0.2395,"[-0.0264, 0.0361, 0.0646]","[-0.1647, -0.1541, -0.0674]","[0.0191, 0.0164, 0.0198]","[0.0177, 0.0201, 0.0223]",0.0336,0.0360,5.101
e0 P=DR A=Minv s1 b=+b,0.0728,0.1699,"[0.0599, -0.0138, 0.0323]","[-0.1499, -0.0446, -0.0508]","[0.0215, 0.0174, 0.021]","[0.0203, 0.0242, 0.0258]",0.0359,0.0420,5.108
e1 P=DR A=M s1 b=0,0.0982,0.1578,"[0.0451, 0.0787, 0.0214]","[-0.067, -0.1075, -0.0848]","[0.0223, 0.0208, 0.0225]","[0.0175, 0.0187, 0.0256]",0.0388,0.0379,5.111
e0 P=I A=I s1 b=+b,0.1617,0.1297,"[0.0577, 0.1397, -0.0491]","[-0.0986, -0.0711, 0.0132]","[0.0191, 0.0181, 0.0204]","[0.0174, 0.0233, 0.0245]",0.0341,0.0391,5.122
e0 P=D A=Minv s1 b=-b,0.1543,0.0914,"[0.0323, 0.1398, -0.0492]","[-0.0359, -0.0712, 0.0132]","[0.0195, 0.02, 0.0204]","[0.0187, 0.0275, 0.0241]",0.0357,0.0422,5.126
e0 P=DRt A=M s1 b=-b,0.1293,0.2080,"[-0.0265, 0.1219, -0.0218]","[-0.1649, -0.061, -0.1021]","[0.0191, 0.0164, 0.0198]","[0.0177, 0.0201, 0.0223]",0.0329,0.0361,5.135
e1 P=RtD A=M s1 b=0,0.0982,0.1578,"[0.0451, 0.0787, 0.0214]","[-0.067, -0.1075, -0.0848]","[0.0221, 0.0216, 0.0219]","[0.0109, 0.0255, 0.0254]",0.0385,0.0388,5.142
e0 P=RD A=Minv s1 b=0,0.0982,0.1578,"[0.0451, 0.0787, 0.0214]","[-0.067, -0.1075, -0.0848]","[0.0217, 0.0176, 0.0207]","[0.0204, 0.0242, 0.0258]",0.0356,0.0418,5.150
e0 P=Rt A=I s1 b=+b,0.1727,0.1255,"[0.1168, 0.1214, -0.0218]","[0.0307, -0.0611, -0.1021]","[0.0191, 0.0181, 0.0204]","[0.0174, 0.0233, 0.0245]",0.0341,0.0391,5.155
e1 P=DRt A=M s1 b=0,0.0982,0.1578,"[0.0451, 0.0787, 0.0214]","[-0.067, -0.1075, -0.0848]","[0.0221, 0.0192, 0.0243]","[0.0109, 0.0238, 0.0271]",0.0388,0.0387,5.158
e0 P=RtD A=M s1 b=-b,0.1609,0.1816,"[0.1171, 0.0999, -0.035]","[0.0301, -0.1141, -0.1354]","[0.0192, 0.0181, 0.0179]","[0.0177, 0.0224, 0.02]",0.0329,0.0360,5.158
e1 P=Rt A=M s1 b=0,0.0982,0.1578,"[0.0451, 0.0787, 0.0214]","[-0.067, -0.1075, -0.0848]","[0.0221, 0.0192, 0.0243]","[0.0109, 0.0238, 0.0271]",0.0388,0.0388,5.163
e0 P=I A=M s1 b=-b,0.1011,0.2381,"[0.0327, 0.0176, 0.0918]","[-0.0353, -0.1442, -0.1827]","[0.0187, 0.0161, 0.0204]","[0.0161, 0.0191, 0.0248]",0.0329,0.0366,5.169
e0 P=Rt A=Minv s1 b=0,0.0982,0.1578,"[0.0451, 0.0787, 0.0214]","[-0.067, -0.1075, -0.0848]","[0.0191, 0.0198, 0.021]","[0.0171, 0.0266, 0.0267]",0.0352,0.0426,5.170
e0 P=DR A=Minv s1 b=0,0.0982,0.1578,"[0.0451, 0.0787, 0.0214]","[-0.067, -0.1075, -0.0848]","[0.0215, 0.0174, 0.021]","[0.0203, 0.0242, 0.0258]",0.0359,0.0420,5.174
e0 P=D A=Minv s1 b=0,0.0982,0.1578,"[0.0451, 0.0787, 0.0214]","[-0.067, -0.1075, -0.0848]","[0.0195, 0.02, 0.0204]","[0.0187, 0.0275, 0.0241]",0.0357,0.0422,5.177
e0 P=R A=Minv s1 b=0,0.0982,0.1578,"[0.0451, 0.0787, 0.0214]","[-0.067, -0.1075, -0.0848]","[0.0215, 0.0174, 0.021]","[0.0203, 0.0242, 0.0258]",0.0360,0.0420,5.180
e0 P=I A=Minv s1 b=0,0.0982,0.1578,"[0.0451, 0.0787, 0.0214]","[-0.067, -0.1075, -0.0848]","[0.0195, 0.02, 0.0204]","[0.0187, 0.0275, 0.0241]",0.0359,0.0421,5.180
e0 P=RtD A=I s1 b=+b,0.1051,0.2005,"[-0.0269, 0.0576, 0.0778]","[-0.1642, -0.1009, -0.0343]","[0.0191, 0.0181, 0.0204]","[0.0174, 0.0233, 0.0245]",0.0341,0.0391,5.192
e0 P=DRt A=Minv s1 b=0,0.0982,0.1578,"[0.0451, 0.0787, 0.0214]","[-0.067, -0.1075, -0.0848]","[0.0191, 0.0198, 0.021]","[0.0171, 0.0266, 0.0267]",0.0359,0.0425,5.201
e0 P=RtD A=Minv s1 b=0,0.0982,0.1578,"[0.0451, 0.0787, 0.0214]","[-0.067, -0.1075, -0.0848]","[0.019, 0.018, 0.023]","[0.017, 0.0243, 0.029]",0.0359,0.0425,5.204
e0 P=DRt A=I s1 b=+b,0.1398,0.1728,"[0.1169, 0.0354, 0.0645]","[0.0309, -0.1538, -0.0675]","[0.0191, 0.0181, 0.0204]","[0.0174, 0.0233, 0.0245]",0.0341,0.0391,5.227
e0 P=Rt A=I s1 b=-b,0.0844,0.2394,"[-0.0265, 0.036, 0.0646]","[-0.1647, -0.1539, -0.0675]","[0.0191, 0.0181, 0.0204]","[0.0174, 0.0233, 0.0245]",0.0341,0.0391,5.283
e0 P=D A=M s1 b=+b,0.1111,0.2559,"[0.0578, 0.0175, 0.0918]","[-0.0984, -0.1442, -0.1827]","[0.0187, 0.0161, 0.0204]","[0.0161, 0.0191, 0.0248]",0.0331,0.0364,5.311
e0 P=DRt A=I s1 b=-b,0.1294,0.2081,"[-0.0266, 0.122, -0.0217]","[-0.1649, -0.0612, -0.102]","[0.0191, 0.0181, 0.0204]","[0.0174, 0.0233, 0.0245]",0.0341,0.0391,5.352
e0 P=I A=Minv s1 b=+b,0.1617,0.1297,"[0.0578, 0.1397, -0.0492]","[-0.0985, -0.0713, 0.0132]","[0.0195, 0.02, 0.0204]","[0.0187, 0.0275, 0.0241]",0.0359,0.0421,5.357
e0 P=I A=I s1 b=-b,0.1012,0.2380,"[0.0326, 0.0176, 0.0919]","[-0.0354, -0.144, -0.1827]","[0.0191, 0.0181, 0.0204]","[0.0174, 0.0233, 0.0245]",0.0341,0.0391,5.360
e1 P=Rt A=Minv s1 b=-b,0.1105,0.2616,"[-0.0364, 0.0084, 0.0996]","[0.1456, -0.191, 0.0981]","[0.0161, 0.017, 0.0165]","[0.0238, 0.0229, 0.0219]",0.0296,0.0407,5.373
e0 P=RtD A=I s1 b=-b,0.1609,0.1814,"[0.1172, 0.0998, -0.035]","[0.0301, -0.1141, -0.1352]","[0.0191, 0.0181, 0.0204]","[0.0174, 0.0233, 0.0245]",0.0341,0.0391,5.376
e0 P=Rt A=Minv s1 b=+b,0.1728,0.1255,"[0.1169, 0.1214, -0.0217]","[0.0307, -0.0614, -0.102]","[0.0191, 0.0198, 0.021]","[0.0171, 0.0266, 0.0267]",0.0352,0.0426,5.381
e0 P=DR A=M s1 b=-b,0.1767,0.2103,"[0.0302, 0.171, 0.0106]","[0.0162, -0.1702, -0.119]","[0.0167, 0.0187, 0.0198]","[0.0144, 0.0224, 0.0232]",0.0330,0.0366,5.415
e0 P=RtD A=Minv s1 b=+b,0.1052,0.2006,"[-0.027, 0.0577, 0.0778]","[-0.1642, -0.1009, -0.0346]","[0.019, 0.018, 0.023]","[0.017, 0.0243, 0.029]",0.0359,0.0425,5.453
e0 P=DRt A=Minv s1 b=+b,0.1398,0.1726,"[0.117, 0.0353, 0.0644]","[0.0309, -0.1536, -0.0676]","[0.0191, 0.0198, 0.021]","[0.0171, 0.0266, 0.0267]",0.0359,0.0425,5.484
e0 P=D A=I s1 b=+b,0.1112,0.2558,"[0.0579, 0.0175, 0.0919]","[-0.0982, -0.144, -0.1827]","[0.0191, 0.0181, 0.0204]","[0.0174, 0.0233, 0.0245]",0.0341,0.0391,5.499
e0 P=Rt A=Minv s1 b=-b,0.0843,0.2393,"[-0.0266, 0.0359, 0.0645]","[-0.1648, -0.1537, -0.0676]","[0.0191, 0.0198, 0.021]","[0.0171, 0.0266, 0.0267]",0.0352,0.0426,5.508
e1 P=DR A=Minv s1 b=-b,0.2037,0.1888,"[-0.004, 0.2014, 0.0027]","[0.0156, 0.1718, -0.0637]","[0.0159, 0.0154, 0.0183]","[0.0173, 0.0279, 0.0233]",0.0297,0.0416,5.524
e1 P=Rt A=I s1 b=-b,0.1102,0.2622,"[-0.0361, 0.0085, 0.0994]","[0.147, -0.1911, 0.0975]","[0.0191, 0.0181, 0.0204]","[0.0174, 0.0233, 0.0245]",0.0341,0.0391,5.526
e1 P=RtD A=Minv s1 b=+b,0.1358,0.2749,"[-0.0368, 0.0429, 0.1199]","[0.1458, -0.2144, 0.0853]","[0.0161, 0.0146, 0.0189]","[0.0238, 0.0212, 0.0236]",0.0300,0.0407,5.592
e0 P=I A=Minv s1 b=-b,0.1013,0.2379,"[0.0325, 0.0177, 0.092]","[-0.0356, -0.1438, -0.1827]","[0.0195, 0.02, 0.0204]","[0.0187, 0.0275, 0.0241]",0.0359,0.0421,5.596
e0 P=DR A=I s1 b=-b,0.1768,0.2103,"[0.0303, 0.1711, 0.0105]","[0.0161, -0.1703, -0.1189]","[0.0191, 0.0181, 0.0204]","[0.0174, 0.0233, 0.0245]",0.0341,0.0391,5.600
e0 P=DRt A=Minv s1 b=-b,0.1295,0.2081,"[-0.0267, 0.1221, -0.0216]","[-0.1649, -0.0615, -0.1019]","[0.0191, 0.0198, 0.021]","[0.0171, 0.0266, 0.0267]",0.0359,0.0425,5.609
e1 P=DR A=I s1 b=-b,0.2034,0.1898,"[-0.0039, 0.2011, 0.0026]","[0.0146, 0.1729, -0.064]","[0.0191, 0.0181, 0.0204]","[0.0174, 0.0233, 0.0245]",0.0341,0.0391,5.630
e0 P=RtD A=Minv s1 b=-b,0.1609,0.1812,"[0.1173, 0.0997, -0.035]","[0.0302, -0.1141, -0.1349]","[0.019, 0.018, 0.023]","[0.017, 0.0243, 0.029]",0.0359,0.0425,5.634
e0 P=RD A=M s1 b=-b,0.1867,0.2396,"[0.0604, 0.1702, 0.0357]","[-0.1507, -0.1721, -0.0564]","[0.0165, 0.0186, 0.0202]","[0.0144, 0.0225, 0.0232]",0.0333,0.0369,5.639
e0 P=R A=M s1 b=+b,0.1841,0.2598,"[0.06, 0.1709, 0.0106]","[-0.1499, -0.1703, -0.119]","[0.0167, 0.0187, 0.0198]","[0.0144, 0.0224, 0.0232]",0.0328,0.0367,5.694
e1 P=RtD A=I s1 b=+b,0.1356,0.2751,"[-0.0366, 0.043, 0.1197]","[0.1471, -0.2139, 0.0851]","[0.0191, 0.0181, 0.0204]","[0.0174, 0.0233, 0.0245]",0.0341,0.0391,5.718
e0 P=D A=Minv s1 b=+b,0.1114,0.2556,"[0.058, 0.0176, 0.092]","[-0.0981, -0.1438, -0.1827]","[0.0195, 0.02, 0.0204]","[0.0187, 0.0275, 0.0241]",0.0357,0.0422,5.732
e1 P=Rt A=M s1 b=-b,0.1099,0.2628,"[-0.0359, 0.0085, 0.0991]","[0.1484, -0.1912, 0.097]","[0.0221, 0.0192, 0.0243]","[0.0109, 0.0238, 0.0271]",0.0388,0.0388,5.746
e0 P=RD A=I s1 b=-b,0.1868,0.2397,"[0.0603, 0.1703, 0.0358]","[-0.1506, -0.1722, -0.0565]","[0.0191, 0.0181, 0.0204]","[0.0174, 0.0233, 0.0245]",0.0341,0.0391,5.797
e1 P=DR A=M s1 b=-b,0.2031,0.1907,"[-0.0038, 0.2008, 0.0025]","[0.0136, 0.1739, -0.0643]","[0.0223, 0.0208, 0.0225]","[0.0175, 0.0187, 0.0256]",0.0388,0.0379,5.800
e1 P=RD A=Minv s1 b=+b,0.0526,0.3972,"[-0.0044, -0.0429, 0.0002]","[0.0169, -0.3874, -0.0793]","[0.0159, 0.0154, 0.0183]","[0.0172, 0.0278, 0.0235]",0.0298,0.0417,5.824
e0 P=DR A=Minv s1 b=-b,0.1768,0.2103,"[0.0304, 0.1712, 0.0104]","[0.0159, -0.1705, -0.1188]","[0.0215, 0.0174, 0.021]","[0.0203, 0.0242, 0.0258]",0.0359,0.0420,5.830
e1 P=I A=Minv s1 b=-b,0.1092,0.3482,"[0.0253, -0.026, 0.1016]","[-0.0802, -0.3137, 0.1209]","[0.017, 0.0152, 0.0174]","[0.0163, 0.0213, 0.0309]",0.0299,0.0420,5.881
e1 P=DRt A=Minv s1 b=-b,0.1660,0.3070,"[-0.0366, 0.1497, -0.0568]","[0.1457, -0.0238, -0.2677]","[0.0161, 0.017, 0.0165]","[0.0238, 0.0229, 0.0219]",0.0296,0.0407,5.883
e0 P=R A=I s1 b=+b,0.1841,0.2597,"[0.0599, 0.171, 0.0105]","[-0.1498, -0.1704, -0.1188]","[0.0191, 0.0181, 0.0204]","[0.0174, 0.0233, 0.0245]",0.0341,0.0391,5.883
e1 P=R A=Minv s1 b=+b,0.2242,0.2396,"[0.0942, 0.201, 0.0026]","[-0.1509, 0.1718, -0.0636]","[0.0158, 0.0154, 0.0183]","[0.0172, 0.028, 0.0233]",0.0298,0.0419,5.901
e1 P=D A=Minv s1 b=+b,0.1237,0.3430,"[0.0653, -0.0261, 0.1016]","[-0.0534, -0.3136, 0.1209]","[0.017, 0.0152, 0.0174]","[0.0163, 0.0214, 0.0309]",0.0295,0.0420,5.908
e1 P=RtD A=M s1 b=+b,0.1355,0.2754,"[-0.0364, 0.0432, 0.1195]","[0.1485, -0.2134, 0.0849]","[0.0221, 0.0216, 0.0219]","[0.0109, 0.0255, 0.0254]",0.0385,0.0388,5.917
e1 P=RD A=I s1 b=+b,0.0523,0.3982,"[-0.0043, -0.0425, 0.0001]","[0.0158, -0.3885, -0.0796]","[0.0191, 0.0181, 0.0204]","[0.0174, 0.0233, 0.0245]",0.0341,0.0391,5.917
e1 P=R A=Minv s1 b=-b,0.0666,0.4027,"[-0.0039, -0.0436, 0.0402]","[0.0168, -0.3868, -0.1059]","[0.0158, 0.0154, 0.0183]","[0.0172, 0.028, 0.0233]",0.0298,0.0419,5.928
e1 P=I A=I s1 b=-b,0.1089,0.3483,"[0.0252, -0.0257, 0.1014]","[-0.0799, -0.3132, 0.1223]","[0.0191, 0.0181, 0.0204]","[0.0174, 0.0233, 0.0245]",0.0341,0.0391,5.950
e1 P=RD A=Minv s1 b=-b,0.2277,0.2488,"[0.0947, 0.2002, 0.0426]","[-0.1509, 0.1724, -0.0903]","[0.0159, 0.0154, 0.0183]","[0.0172, 0.0278, 0.0235]",0.0298,0.0417,5.958
e1 P=R A=I s1 b=+b,0.2238,0.2397,"[0.094, 0.2007, 0.0025]","[-0.1498, 0.1728, -0.0639]","[0.0191, 0.0181, 0.0204]","[0.0174, 0.0233, 0.0245]",0.0341,0.0391,5.982
e1 P=D A=I s1 b=+b,0.1235,0.3431,"[0.0654, -0.0259, 0.1013]","[-0.0538, -0.3132, 0.1223]","[0.0191, 0.0181, 0.0204]","[0.0174, 0.0233, 0.0245]",0.0341,0.0391,5.997
e0 P=RD A=Minv s1 b=-b,0.1868,0.2397,"[0.0603, 0.1703, 0.0359]","[-0.1504, -0.1723, -0.0567]","[0.0217, 0.0176, 0.0207]","[0.0204, 0.0242, 0.0258]",0.0356,0.0418,6.003
e1 P=R A=I s1 b=-b,0.0665,0.4035,"[-0.0038, -0.0433, 0.0402]","[0.0158, -0.3878, -0.1056]","[0.0191, 0.0181, 0.0204]","[0.0174, 0.0233, 0.0245]",0.0341,0.0391,6.014
e1 P=DRt A=I s1 b=-b,0.1658,0.3072,"[-0.0364, 0.1496, -0.0565]","[0.1471, -0.0237, -0.2672]","[0.0191, 0.0181, 0.0204]","[0.0174, 0.0233, 0.0245]",0.0341,0.0391,6.029
e1 P=RD A=I s1 b=-b,0.2274,0.2488,"[0.0946, 0.1999, 0.0426]","[-0.1499, 0.1734, -0.0899]","[0.0191, 0.0181, 0.0204]","[0.0174, 0.0233, 0.0245]",0.0341,0.0391,6.045
e1 P=RD A=M s1 b=+b,0.0520,0.3992,"[-0.0042, -0.0422, 0.0001]","[0.0148, -0.3895, -0.08]","[0.0223, 0.0208, 0.0225]","[0.0175, 0.0188, 0.0255]",0.0387,0.0377,6.075
e1 P=I A=M s1 b=-b,0.1087,0.3483,"[0.0251, -0.0255, 0.1012]","[-0.0796, -0.3128, 0.1237]","[0.0212, 0.021, 0.0234]","[0.0185, 0.0253, 0.018]",0.0386,0.0374,6.084
e1 P=DRt A=Minv s1 b=+b,0.1620,0.3552,"[0.1269, 0.0077, 0.0995]","[-0.2797, -0.1912, 0.0982]","[0.0161, 0.017, 0.0165]","[0.0238, 0.0229, 0.0219]",0.0296,0.0407,6.104
e0 P=R A=Minv s1 b=+b,0.1841,0.2597,"[0.0598, 0.171, 0.0104]","[-0.1496, -0.1706, -0.1187]","[0.0215, 0.0174, 0.021]","[0.0203, 0.0242, 0.0258]",0.0360,0.0420,6.119
e1 P=R A=M s1 b=+b,0.2235,0.2399,"[0.0939, 0.2004, 0.0025]","[-0.1488, 0.1738, -0.0643]","[0.0223, 0.0208, 0.0225]","[0.0175, 0.0187, 0.0256]",0.0387,0.0375,6.128
e1 P=D A=M s1 b=+b,0.1233,0.3433,"[0.0654, -0.0256, 0.1011]","[-0.0541, -0.3128, 0.1237]","[0.0212, 0.021, 0.0234]","[0.0185, 0.0253, 0.018]",0.0389,0.0373,6.145
e1 P=D A=Minv s1 b=-b,0.1964,0.3202,"[0.025, 0.1835, -0.0588]","[-0.0806, 0.0986, -0.2904]","[0.017, 0.0152, 0.0174]","[0.0163, 0.0214, 0.0309]",0.0295,0.0420,6.158
e1 P=R A=M s1 b=-b,0.0663,0.4044,"[-0.0037, -0.043, 0.0403]","[0.0148, -0.3888, -0.1053]","[0.0223, 0.0208, 0.0225]","[0.0175, 0.0187, 0.0256]",0.0387,0.0375,6.164
e1 P=I A=Minv s1 b=+b,0.2054,0.3144,"[0.065, 0.1834, -0.0588]","[-0.0538, 0.0986, -0.2904]","[0.017, 0.0152, 0.0174]","[0.0163, 0.0213, 0.0309]",0.0299,0.0420,6.193
e1 P=RD A=M s1 b=-b,0.2270,0.2487,"[0.0945, 0.1996, 0.0427]","[-0.1489, 0.1744, -0.0895]","[0.0223, 0.0208, 0.0225]","[0.0175, 0.0188, 0.0255]",0.0387,0.0377,6.197
e1 P=DRt A=M s1 b=-b,0.1656,0.3073,"[-0.0361, 0.1495, -0.0563]","[0.1484, -0.0236, -0.2666]","[0.0221, 0.0192, 0.0243]","[0.0109, 0.0238, 0.0271]",0.0388,0.0387,6.242
e1 P=D A=I s1 b=-b,0.1961,0.3212,"[0.0249, 0.1833, -0.0586]","[-0.0803, 0.0982, -0.2918]","[0.0191, 0.0181, 0.0204]","[0.0174, 0.0233, 0.0245]",0.0341,0.0391,6.251
e1 P=DRt A=I s1 b=+b,0.1617,0.3561,"[0.1267, 0.0078, 0.0993]","[-0.2811, -0.1913, 0.0976]","[0.0191, 0.0181, 0.0204]","[0.0174, 0.0233, 0.0245]",0.0341,0.0391,6.253
e1 P=I A=I s1 b=+b,0.2051,0.3156,"[0.0651, 0.1831, -0.0586]","[-0.0541, 0.0982, -0.2918]","[0.0191, 0.0181, 0.0204]","[0.0174, 0.0233, 0.0245]",0.0341,0.0391,6.268
e1 P=DR A=Minv s1 b=+b,0.1133,0.4300,"[0.0943, -0.0441, 0.0401]","[-0.1497, -0.3869, -0.1058]","[0.0159, 0.0154, 0.0183]","[0.0173, 0.0279, 0.0233]",0.0297,0.0416,6.278
e1 P=DR A=I s1 b=+b,0.1131,0.4305,"[0.0942, -0.0437, 0.0402]","[-0.1487, -0.3879, -0.1055]","[0.0191, 0.0181, 0.0204]","[0.0174, 0.0233, 0.0245]",0.0341,0.0391,6.383
e1 P=RtD A=Minv s1 b=-b,0.1902,0.3810,"[0.1271, 0.1145, -0.0771]","[-0.2798, -0.0006, -0.2548]","[0.0161, 0.0146, 0.0189]","[0.0238, 0.0212, 0.0236]",0.0300,0.0407,6.394
e1 P=D A=M s1 b=-b,0.1958,0.3222,"[0.0249, 0.183, -0.0584]","[-0.0799, 0.0978, -0.2932]","[0.0212, 0.021, 0.0234]","[0.0185, 0.0253, 0.018]",0.0389,0.0373,6.402
e1 P=I A=M s1 b=+b,0.2049,0.3169,"[0.0651, 0.1828, -0.0584]","[-0.0545, 0.0978, -0.2932]","[0.0212, 0.021, 0.0234]","[0.0185, 0.0253, 0.018]",0.0386,0.0374,6.408
e1 P=DRt A=M s1 b=+b,0.1614,0.3571,"[0.1264, 0.0078, 0.099]","[-0.2825, -0.1914, 0.0971]","[0.0221, 0.0192, 0.0243]","[0.0109, 0.0238, 0.0271]",0.0388,0.0387,6.470
e1 P=Rt A=Minv s1 b=+b,0.2060,0.3903,"[0.1266, 0.149, -0.0569]","[-0.2797, -0.024, -0.2676]","[0.0161, 0.017, 0.0165]","[0.0238, 0.0229, 0.0219]",0.0296,0.0407,6.494
e1 P=RtD A=I s1 b=-b,0.1898,0.3818,"[0.1269, 0.1143, -0.0769]","[-0.2812, -0.0011, -0.2546]","[0.0191, 0.0181, 0.0204]","[0.0174, 0.0233, 0.0245]",0.0341,0.0391,6.523
e1 P=DR A=M s1 b=+b,0.1129,0.4310,"[0.0941, -0.0434, 0.0402]","[-0.1476, -0.3889, -0.1052]","[0.0223, 0.0208, 0.0225]","[0.0175, 0.0187, 0.0256]",0.0388,0.0379,6.551
e1 P=Rt A=I s1 b=+b,0.2057,0.3909,"[0.1264, 0.1489, -0.0566]","[-0.281, -0.024, -0.267]","[0.0191, 0.0181, 0.0204]","[0.0174, 0.0233, 0.0245]",0.0341,0.0391,6.647
e1 P=RtD A=M s1 b=-b,0.1895,0.3827,"[0.1266, 0.1142, -0.0767]","[-0.2826, -0.0016, -0.2544]","[0.0221, 0.0216, 0.0219]","[0.0109, 0.0255, 0.0254]",0.0385,0.0388,6.723
e1 P=Rt A=M s1 b=+b,0.2055,0.3915,"[0.1262, 0.1488, -0.0564]","[-0.2824, -0.0239, -0.2665]","[0.0221, 0.0192, 0.0243]","[0.0109, 0.0238, 0.0271]",0.0388,0.0388,6.868
