csv,csv_scaled,ctrl,fixed,loader,rec,rel,sensor
,,left_controller,1.090854196937872,1.2176238701038318,static_dark,-0.10411234230743982,gyro
,,left_controller,1.067982747348438,1.2120168331913395,walk_dark,-0.11883835430209985,gyro
,,left_controller,1.0259109554444625,1.0895850992420926,static_easy,-0.05843889003430875,gyro
,,left_controller,1.3831375868486233,1.523537553341909,static_medium,-0.09215392570095549,gyro
,,left_controller,1.1522419911416903,1.264513412987396,walk_easy,-0.08878626410175118,gyro
,,left_controller,1.471734005617047,1.7157031886378107,walk_medium,-0.14219777910097844,gyro
,,right_controller,0.7280461608613727,1.013646760660185,static_dark,-0.28175554925347124,gyro
,,right_controller,1.046676677198048,1.2563632324881395,walk_dark,-0.16689962732737884,gyro
,,right_controller,1.0652655358251857,1.2763030075492219,static_easy,-0.16535060285509617,gyro
,,right_controller,1.1849613043278944,1.5133270882419207,static_medium,-0.2169826909630615,gyro
,,right_controller,1.1160409177604356,1.4300109938070111,walk_easy,-0.2195578057835182,gyro
,,right_controller,1.3313953193270636,1.8301285772862486,walk_medium,-0.27251268798759304,gyro
23.876881309065585,12.152753628267575,left_controller,,32.51040856340597,static_dark,,accel
24.70867809353302,12.692927195187728,left_controller,,33.96930848518816,walk_dark,,accel
24.54458128679097,12.38644085842769,left_controller,,32.007480844645684,static_easy,,accel
24.893774706252355,12.520719974532877,left_controller,,33.55296732279155,static_medium,,accel
23.663134373433184,10.773912480205981,left_controller,,30.690149347130053,walk_easy,,accel
28.081140611380405,14.743651473564775,left_controller,,32.7390594076823,walk_medium,,accel
20.60315820666264,10.987610598115737,right_controller,,31.530706526491365,static_dark,,accel
20.505835123552846,10.819728918204216,right_controller,,35.308166345758735,walk_dark,,accel
19.802981521345195,11.142982348400013,right_controller,,31.607001515773863,static_easy,,accel
21.424783101695397,15.257803941745433,right_controller,,31.851616270887817,static_medium,,accel
18.387006979083253,11.042020417477634,right_controller,,31.352270577648536,walk_easy,,accel
21.9851024141353,16.33093703431525,right_controller,,29.450995897997718,walk_medium,,accel
