variant,absb_left,absb_right,bmean_left,bmean_right,diagK_left,diagK_right,Kfro_left,Kfro_right
e1 P=D A=Minv b=-b bia,0.00858,0.00751,"[0.00023, -0.00153, -0.00792]","[-0.00336, 0.00453, -0.0039]","[-0.00079, 0.00385, -0.00958]","[-0.00803, 0.00603, -0.01285]",0.01416,0.01996
e1 P=I A=Minv b=+b bia,0.00870,0.00741,"[-0.00183, -0.00152, -0.00792]","[0.00303, 0.00453, -0.0039]","[-0.0008, 0.00385, -0.00958]","[-0.00803, 0.00604, -0.01285]",0.01345,0.02047
e1 P=D A=Minv b=-b mix,0.00861,0.00754,"[0.0002, -0.00153, -0.00795]","[-0.00342, 0.00451, -0.00392]","[-0.00079, 0.00385, -0.00958]","[-0.00803, 0.00603, -0.01285]",0.01416,0.01996
e1 P=I A=Minv b=+b mix,0.00872,0.00744,"[-0.0018, -0.00153, -0.00795]","[0.00309, 0.00451, -0.00393]","[-0.0008, 0.00385, -0.00958]","[-0.00803, 0.00604, -0.01285]",0.01345,0.02047
e1 P=D A=I b=-b mix,0.00863,0.00753,"[0.00023, -0.00155, -0.00796]","[-0.00337, 0.00451, -0.00394]","[0.00389, 0.00685, -0.0047]","[0.00196, 0.00569, -0.00326]",0.01054,0.01156
e1 P=D A=M b=-b mix,0.00865,0.00753,"[0.00026, -0.00157, -0.00798]","[-0.00331, 0.0045, -0.00395]","[0.00861, 0.00988, 0.0002]","[0.01207, 0.00538, 0.00643]",0.01489,0.01936
e1 P=I A=I b=+b mix,0.00875,0.00743,"[-0.00184, -0.00155, -0.00796]","[0.00304, 0.00451, -0.00394]","[0.00389, 0.00685, -0.0047]","[0.00196, 0.00569, -0.00326]",0.01054,0.01156
e1 P=I A=M b=+b mix,0.00878,0.00742,"[-0.00188, -0.00158, -0.00798]","[0.00298, 0.0045, -0.00395]","[0.00861, 0.00988, 0.0002]","[0.01208, 0.00537, 0.00642]",0.01554,0.01880
e1 P=D A=M b=-b bia,0.00867,0.00756,"[0.00024, -0.00158, -0.00801]","[-0.00338, 0.00449, -0.00398]","[0.00861, 0.00988, 0.0002]","[0.01207, 0.00538, 0.00643]",0.01489,0.01936
e1 P=I A=M b=+b bia,0.00880,0.00746,"[-0.00185, -0.00158, -0.00801]","[0.00305, 0.00449, -0.00398]","[0.00861, 0.00988, 0.0002]","[0.01208, 0.00537, 0.00642]",0.01554,0.01880
e1 P=R1 A=Minv b=+b bia,0.00448,0.01222,"[0.00064, 0.00256, 0.00196]","[0.00663, 0.00973, 0.0015]","[-0.00164, 0.00445, -0.00935]","[-0.00025, -0.00154, -0.01308]",0.01266,0.01845
e1 P=R1 A=Minv b=+b mix,0.00448,0.01225,"[0.00063, 0.00258, 0.00194]","[0.00666, 0.00974, 0.00157]","[-0.00164, 0.00445, -0.00935]","[-0.00025, -0.00154, -0.01308]",0.01266,0.01845
e1 P=R1 A=I b=+b mix,0.00448,0.01234,"[0.00064, 0.00256, 0.00196]","[0.0067, 0.00982, 0.00153]","[0.00389, 0.00685, -0.0047]","[0.00196, 0.00569, -0.00326]",0.01054,0.01156
e1 P=R1 A=M b=+b mix,0.00449,0.01243,"[0.00065, 0.00254, 0.00199]","[0.00673, 0.0099, 0.00149]","[0.00946, 0.00927, -1e-05]","[0.00422, 0.013, 0.00669]",0.01619,0.02081
e1 P=R1 A=M b=+b bia,0.00449,0.01247,"[0.00063, 0.00256, 0.00196]","[0.00676, 0.00992, 0.00156]","[0.00946, 0.00927, -1e-05]","[0.00422, 0.013, 0.00669]",0.01619,0.02081
e1 P=RD1 A=Minv b=-b bia,0.00397,0.01325,"[0.00061, 0.0026, -0.00012]","[0.0066, 0.00994, -0.00481]","[-0.0018, 0.00462, -0.00934]","[-0.00023, -0.00134, -0.0133]",0.01432,0.01900
e1 P=RD1 A=Minv b=-b mix,0.00398,0.01330,"[0.00059, 0.00262, -9e-05]","[0.00663, 0.00996, -0.00487]","[-0.0018, 0.00462, -0.00934]","[-0.00023, -0.00134, -0.0133]",0.01432,0.01900
e1 P=RD1 A=I b=-b mix,0.00399,0.01339,"[0.00061, 0.0026, -0.00011]","[0.00669, 0.01003, -0.00487]","[0.00389, 0.00685, -0.0047]","[0.00196, 0.00569, -0.00326]",0.01054,0.01156
e1 P=DR1 A=Minv b=-b bia,0.00499,0.01247,"[-0.00224, 0.00256, 0.00196]","[-0.00696, 0.00972, 0.0015]","[-0.00164, 0.00445, -0.00935]","[-0.00026, -0.00153, -0.01306]",0.01314,0.01961
e1 P=RD1 A=M b=-b mix,0.00399,0.01348,"[0.00062, 0.00259, -0.00013]","[0.00674, 0.0101, -0.00487]","[0.00963, 0.00909, -3e-05]","[0.00419, 0.01279, 0.00691]",0.01471,0.02028
e1 P=DR1 A=Minv b=-b mix,0.00498,0.01250,"[-0.00223, 0.00258, 0.00194]","[-0.00699, 0.00974, 0.00156]","[-0.00164, 0.00445, -0.00935]","[-0.00026, -0.00153, -0.01306]",0.01314,0.01961
e1 P=RD1 A=M b=-b bia,0.00400,0.01353,"[0.00061, 0.00261, -0.0001]","[0.00677, 0.01012, -0.00494]","[0.00963, 0.00909, -3e-05]","[0.00419, 0.01279, 0.00691]",0.01471,0.02028
e1 P=DR1 A=I b=-b mix,0.00500,0.01259,"[-0.00224, 0.00256, 0.00196]","[-0.00703, 0.00982, 0.00153]","[0.00389, 0.00685, -0.0047]","[0.00196, 0.00569, -0.00326]",0.01054,0.01156
e1 P=DR1 A=M b=-b mix,0.00501,0.01268,"[-0.00226, 0.00254, 0.00198]","[-0.00707, 0.00991, 0.00149]","[0.00946, 0.00927, -2e-05]","[0.00423, 0.01299, 0.00667]",0.01578,0.01968
e1 P=DR1 A=M b=-b bia,0.00500,0.01271,"[-0.00224, 0.00256, 0.00196]","[-0.00709, 0.00992, 0.00156]","[0.00946, 0.00927, -2e-05]","[0.00423, 0.01299, 0.00667]",0.01578,0.01968
e1 P=Rt1 A=Minv b=+b mix,0.01172,0.00666,"[0.00802, -0.00571, -0.00545]","[-0.00227, 0.00492, 0.00261]","[-0.00093, -0.00096, -0.0047]","[-0.00765, -0.00645, -0.00085]",0.00834,0.01366
e1 P=Rt1 A=Minv b=+b bia,0.01172,0.00671,"[0.008, -0.00573, -0.00547]","[-0.00224, 0.00499, 0.00263]","[-0.00093, -0.00096, -0.0047]","[-0.00765, -0.00645, -0.00085]",0.00834,0.01366
e1 P=Rt1 A=I b=+b mix,0.01176,0.00677,"[0.00803, -0.00577, -0.00544]","[-0.00226, 0.00505, 0.00263]","[0.00389, 0.00685, -0.0047]","[0.00196, 0.00569, -0.00326]",0.01054,0.01156
e1 P=Rt1 A=M b=+b bia,0.01180,0.00682,"[0.00806, -0.00582, -0.00542]","[-0.00228, 0.00512, 0.00263]","[0.00873, 0.01472, -0.0047]","[0.01166, 0.01798, -0.00566]",0.01884,0.02433
e1 P=Rt1 A=M b=+b mix,0.01180,0.00687,"[0.00803, -0.00584, -0.00544]","[-0.00225, 0.00519, 0.00265]","[0.00873, 0.01472, -0.0047]","[0.01166, 0.01798, -0.00566]",0.01884,0.02433
e1 P=DRt1 A=Minv b=-b mix,0.01254,0.00643,"[-0.00962, -0.00571, -0.00546]","[0.00194, 0.00492, 0.00261]","[-0.00093, -0.00096, -0.0047]","[-0.00765, -0.00645, -0.00085]",0.00710,0.01373
e1 P=DRt1 A=Minv b=-b bia,0.01254,0.00649,"[-0.0096, -0.00573, -0.00547]","[0.00191, 0.00499, 0.00263]","[-0.00093, -0.00096, -0.0047]","[-0.00765, -0.00645, -0.00085]",0.00710,0.01373
e1 P=DRt1 A=I b=-b mix,0.01258,0.00654,"[-0.00964, -0.00577, -0.00544]","[0.00193, 0.00505, 0.00263]","[0.00389, 0.00685, -0.0047]","[0.00196, 0.00569, -0.00326]",0.01054,0.01156
e1 P=DRt1 A=M b=-b bia,0.01262,0.00660,"[-0.00968, -0.00582, -0.00542]","[0.00194, 0.00512, 0.00263]","[0.00874, 0.01472, -0.0047]","[0.01166, 0.01798, -0.00566]",0.01935,0.02429
e1 P=DRt1 A=M b=-b mix,0.01261,0.00665,"[-0.00965, -0.00584, -0.00543]","[0.00192, 0.00519, 0.00265]","[0.00874, 0.01472, -0.0047]","[0.01166, 0.01798, -0.00566]",0.01935,0.02429
e1 P=DRt1 A=Minv b=0 mix,0.00869,0.01150,"[-0.00079, -0.00828, 0.0007]","[-0.00015, 0.01093, -0.00164]","[-0.00093, -0.00096, -0.0047]","[-0.00765, -0.00645, -0.00085]",0.00710,0.01373
e1 P=Rt1 A=Minv b=0 mix,0.00869,0.01150,"[-0.00081, -0.00828, 0.00071]","[-0.00018, 0.01093, -0.00164]","[-0.00093, -0.00096, -0.0047]","[-0.00765, -0.00645, -0.00085]",0.00834,0.01366
e0 P=Rt0 A=Minv b=0 mix,0.00873,0.01150,"[-0.00078, -0.00832, 0.00071]","[-0.00013, 0.01093, -0.00162]","[0.00369, 0.00406, -0.00357]","[-0.00619, -0.00584, -0.00563]",0.00933,0.01585
e0 P=DRt0 A=Minv b=0 mix,0.00874,0.01150,"[-0.00083, -0.00832, 0.00071]","[-0.0002, 0.01093, -0.00162]","[0.00369, 0.00406, -0.00357]","[-0.00618, -0.00585, -0.00564]",0.00966,0.01486
e1 P=DR1 A=Minv b=0 mix,0.00873,0.01153,"[-0.00079, -0.00832, 0.0007]","[-0.00013, 0.01098, -0.00159]","[-0.00164, 0.00445, -0.00935]","[-0.00026, -0.00153, -0.01306]",0.01314,0.01961
e0 P=R0 A=Minv b=0 mix,0.00874,0.01152,"[-0.0008, -0.00833, 0.00068]","[-0.00019, 0.01098, -0.00154]","[0.00375, 0.00566, -0.00522]","[-0.00483, -0.00116, -0.0116]",0.01052,0.01872
e0 P=DR0 A=Minv b=0 mix,0.00875,0.01152,"[-0.00081, -0.00833, 0.00068]","[-0.00015, 0.01097, -0.00154]","[0.00376, 0.00566, -0.00522]","[-0.00484, -0.00116, -0.0116]",0.01066,0.01908
e1 P=R1 A=Minv b=0 mix,0.00874,0.01153,"[-0.00081, -0.00833, 0.00069]","[-0.0002, 0.01098, -0.00159]","[-0.00164, 0.00445, -0.00935]","[-0.00025, -0.00154, -0.01308]",0.01266,0.01845
e1 P=RD1 A=Minv b=0 mix,0.00874,0.01155,"[-0.00082, -0.00833, 0.00073]","[-0.00022, 0.01099, -0.00163]","[-0.0018, 0.00462, -0.00934]","[-0.00023, -0.00134, -0.0133]",0.01432,0.01900
e0 P=I A=Minv b=0 mix,0.00875,0.01156,"[-0.00078, -0.00834, 0.00071]","[-0.00011, 0.01101, -0.00162]","[0.00314, 0.00603, -0.00498]","[-0.00682, 0.00076, -0.01156]",0.01059,0.01826
e0 P=D A=Minv b=0 mix,0.00875,0.01157,"[-0.00082, -0.00834, 0.00071]","[-0.00022, 0.01101, -0.00162]","[0.00315, 0.00603, -0.00498]","[-0.00682, 0.00075, -0.01154]",0.01198,0.01866
e0 P=RD0 A=Minv b=0 mix,0.00876,0.01157,"[-0.0008, -0.00834, 0.00075]","[-0.00019, 0.011, -0.00167]","[0.00374, 0.00613, -0.00566]","[-0.00489, -0.00035, -0.01237]",0.01276,0.01791
e1 P=I A=Minv b=0 mix,0.00873,0.01162,"[-0.00077, -0.00832, 0.00073]","[-0.00011, 0.01106, -0.00161]","[-0.0008, 0.00385, -0.00958]","[-0.00803, 0.00604, -0.01285]",0.01345,0.02047
e0 P=RtD0 A=Minv b=0 mix,0.00878,0.01159,"[-0.00082, -0.00836, 0.00072]","[-0.00021, 0.01102, -0.00164]","[0.00346, 0.00811, -0.00734]","[-0.00641, 0.00179, -0.01299]",0.01367,0.01849
e1 P=D A=Minv b=0 mix,0.00874,0.01162,"[-0.00083, -0.00833, 0.00073]","[-0.00022, 0.01107, -0.00161]","[-0.00079, 0.00385, -0.00958]","[-0.00803, 0.00603, -0.01285]",0.01416,0.01996
e1 P=RtD1 A=Minv b=0 mix,0.00876,0.01161,"[-0.00081, -0.00834, 0.00073]","[-0.00016, 0.01104, -0.00169]","[-0.00094, 0.00614, -0.0117]","[-0.00766, 0.00254, -0.00976]",0.01584,0.01799
e1 P=DR1 A=I b=0 mix,0.00876,0.01162,"[-0.0008, -0.00835, 0.00072]","[-0.00017, 0.01106, -0.00162]","[0.00389, 0.00685, -0.0047]","[0.00196, 0.00569, -0.00326]",0.01054,0.01156
e1 P=R1 A=I b=0 mix,0.00876,0.01162,"[-0.0008, -0.00835, 0.00072]","[-0.00017, 0.01106, -0.00162]","[0.00389, 0.00685, -0.0047]","[0.00196, 0.00569, -0.00326]",0.01054,0.01156
e1 P=RD1 A=I b=0 mix,0.00876,0.01162,"[-0.0008, -0.00835, 0.00072]","[-0.00017, 0.01106, -0.00162]","[0.00389, 0.00685, -0.0047]","[0.00196, 0.00569, -0.00326]",0.01054,0.01156
e0 P=D A=I b=0 mix,0.00876,0.01162,"[-0.0008, -0.00835, 0.00072]","[-0.00017, 0.01106, -0.00162]","[0.00389, 0.00685, -0.0047]","[0.00196, 0.00569, -0.00326]",0.01054,0.01156
e0 P=I A=I b=0 mix,0.00876,0.01162,"[-0.0008, -0.00835, 0.00072]","[-0.00017, 0.01106, -0.00162]","[0.00389, 0.00685, -0.0047]","[0.00196, 0.00569, -0.00326]",0.01054,0.01156
e1 P=D A=I b=0 mix,0.00876,0.01162,"[-0.0008, -0.00835, 0.00072]","[-0.00017, 0.01106, -0.00162]","[0.00389, 0.00685, -0.0047]","[0.00196, 0.00569, -0.00326]",0.01054,0.01156
e1 P=I A=I b=0 mix,0.00876,0.01162,"[-0.0008, -0.00835, 0.00072]","[-0.00017, 0.01106, -0.00162]","[0.00389, 0.00685, -0.0047]","[0.00196, 0.00569, -0.00326]",0.01054,0.01156
e1 P=DRt1 A=I b=0 mix,0.00876,0.01162,"[-0.0008, -0.00835, 0.00072]","[-0.00017, 0.01106, -0.00162]","[0.00389, 0.00685, -0.0047]","[0.00196, 0.00569, -0.00326]",0.01054,0.01156
e1 P=Rt1 A=I b=0 mix,0.00876,0.01162,"[-0.0008, -0.00835, 0.00072]","[-0.00017, 0.01106, -0.00162]","[0.00389, 0.00685, -0.0047]","[0.00196, 0.00569, -0.00326]",0.01054,0.01156
e1 P=RtD1 A=I b=0 mix,0.00876,0.01162,"[-0.0008, -0.00835, 0.00072]","[-0.00017, 0.01106, -0.00162]","[0.00389, 0.00685, -0.0047]","[0.00196, 0.00569, -0.00326]",0.01054,0.01156
e0 P=DR0 A=I b=0 mix,0.00876,0.01162,"[-0.0008, -0.00835, 0.00072]","[-0.00017, 0.01106, -0.00162]","[0.00389, 0.00685, -0.0047]","[0.00196, 0.00569, -0.00326]",0.01054,0.01156
e0 P=R0 A=I b=0 mix,0.00876,0.01162,"[-0.0008, -0.00835, 0.00072]","[-0.00017, 0.01106, -0.00162]","[0.00389, 0.00685, -0.0047]","[0.00196, 0.00569, -0.00326]",0.01054,0.01156
e0 P=RD0 A=I b=0 mix,0.00876,0.01162,"[-0.0008, -0.00835, 0.00072]","[-0.00017, 0.01106, -0.00162]","[0.00389, 0.00685, -0.0047]","[0.00196, 0.00569, -0.00326]",0.01054,0.01156
e0 P=DRt0 A=I b=0 mix,0.00876,0.01162,"[-0.0008, -0.00835, 0.00072]","[-0.00017, 0.01106, -0.00162]","[0.00389, 0.00685, -0.0047]","[0.00196, 0.00569, -0.00326]",0.01054,0.01156
e0 P=Rt0 A=I b=0 mix,0.00876,0.01162,"[-0.0008, -0.00835, 0.00072]","[-0.00017, 0.01106, -0.00162]","[0.00389, 0.00685, -0.0047]","[0.00196, 0.00569, -0.00326]",0.01054,0.01156
e0 P=RtD0 A=I b=0 mix,0.00876,0.01162,"[-0.0008, -0.00835, 0.00072]","[-0.00017, 0.01106, -0.00162]","[0.00389, 0.00685, -0.0047]","[0.00196, 0.00569, -0.00326]",0.01054,0.01156
e1 P=RtD1 A=M b=0 mix,0.00877,0.01164,"[-0.00079, -0.00835, 0.0007]","[-0.00017, 0.01108, -0.00155]","[0.00875, 0.00757, 0.00235]","[0.01167, 0.00891, 0.00334]",0.01301,0.02122
e1 P=D A=M b=0 mix,0.00878,0.01163,"[-0.00077, -0.00837, 0.0007]","[-0.00011, 0.01106, -0.00164]","[0.00861, 0.00988, 0.0002]","[0.01207, 0.00538, 0.00643]",0.01489,0.01936
e0 P=RtD0 A=M b=0 mix,0.00875,0.01166,"[-0.00079, -0.00833, 0.00071]","[-0.00012, 0.0111, -0.0016]","[0.00433, 0.00559, -0.00205]","[0.01042, 0.00964, 0.00658]",0.01018,0.02077
e1 P=I A=M b=0 mix,0.00879,0.01163,"[-0.00084, -0.00837, 0.0007]","[-0.00023, 0.01106, -0.00164]","[0.00861, 0.00988, 0.0002]","[0.01208, 0.00537, 0.00642]",0.01554,0.01880
e0 P=RD0 A=M b=0 mix,0.00876,0.01168,"[-0.00081, -0.00835, 0.00068]","[-0.00014, 0.01112, -0.00157]","[0.00403, 0.00759, -0.00373]","[0.00886, 0.01181, 0.00597]",0.01129,0.02127
e0 P=D A=M b=0 mix,0.00877,0.01168,"[-0.00078, -0.00835, 0.00072]","[-0.00011, 0.01111, -0.00162]","[0.00464, 0.00767, -0.00442]","[0.01085, 0.01068, 0.00511]",0.01213,0.02059
e0 P=I A=M b=0 mix,0.00877,0.01169,"[-0.00083, -0.00835, 0.00072]","[-0.00022, 0.01111, -0.00163]","[0.00465, 0.00767, -0.00441]","[0.01085, 0.01067, 0.00513]",0.01337,0.02097
e1 P=RD1 A=M b=0 mix,0.00878,0.01170,"[-0.00079, -0.00836, 0.0007]","[-0.00011, 0.01114, -0.00162]","[0.00963, 0.00909, -3e-05]","[0.00419, 0.01279, 0.00691]",0.01471,0.02028
e1 P=R1 A=M b=0 mix,0.00878,0.01172,"[-0.00079, -0.00837, 0.00074]","[-0.00013, 0.01114, -0.00166]","[0.00946, 0.00927, -1e-05]","[0.00422, 0.013, 0.00669]",0.01619,0.02081
e0 P=DR0 A=M b=0 mix,0.00878,0.01173,"[-0.0008, -0.00836, 0.00075]","[-0.00019, 0.01115, -0.00171]","[0.00402, 0.00806, -0.00417]","[0.00881, 0.01263, 0.00519]",0.01331,0.02019
e0 P=R0 A=M b=0 mix,0.00878,0.01173,"[-0.00081, -0.00836, 0.00075]","[-0.00015, 0.01115, -0.00171]","[0.00402, 0.00806, -0.00417]","[0.0088, 0.01264, 0.0052]",0.01342,0.02053
e1 P=DR1 A=M b=0 mix,0.00879,0.01172,"[-0.00082, -0.00837, 0.00073]","[-0.0002, 0.01114, -0.00166]","[0.00946, 0.00927, -2e-05]","[0.00423, 0.01299, 0.00667]",0.01578,0.01968
e0 P=DRt0 A=M b=0 mix,0.00878,0.01175,"[-0.00078, -0.00837, 0.00072]","[-0.00014, 0.01119, -0.00163]","[0.00409, 0.00966, -0.00583]","[0.01019, 0.01738, -0.00086]",0.01407,0.02361
e0 P=Rt0 A=M b=0 mix,0.00879,0.01175,"[-0.00083, -0.00837, 0.00072]","[-0.0002, 0.01119, -0.00163]","[0.0041, 0.00966, -0.00583]","[0.01019, 0.01737, -0.00088]",0.01430,0.02292
e1 P=Rt1 A=M b=0 mix,0.00883,0.01175,"[-0.0008, -0.00841, 0.00072]","[-0.00016, 0.01119, -0.0016]","[0.00873, 0.01472, -0.0047]","[0.01166, 0.01798, -0.00566]",0.01884,0.02433
e1 P=DRt1 A=M b=0 mix,0.00883,0.01175,"[-0.00082, -0.00841, 0.00073]","[-0.00018, 0.01119, -0.0016]","[0.00874, 0.01472, -0.0047]","[0.01166, 0.01798, -0.00566]",0.01935,0.02429
e1 P=RtD1 A=Minv b=-b bia,0.01044,0.01251,"[0.00797, -0.00397, -0.00436]","[-0.00224, 0.01059, 0.00561]","[-0.00094, 0.00614, -0.0117]","[-0.00766, 0.00254, -0.00976]",0.01584,0.01799
e1 P=RtD1 A=Minv b=-b mix,0.01047,0.01258,"[0.00799, -0.00399, -0.00437]","[-0.00227, 0.01064, 0.00566]","[-0.00094, 0.00614, -0.0117]","[-0.00766, 0.00254, -0.00976]",0.01584,0.01799
e1 P=RtD1 A=I b=-b mix,0.01049,0.01263,"[0.008, -0.00399, -0.00439]","[-0.00227, 0.01066, 0.00572]","[0.00389, 0.00685, -0.0047]","[0.00196, 0.00569, -0.00326]",0.01054,0.01156
e1 P=RtD1 A=M b=-b mix,0.01051,0.01269,"[0.00801, -0.00399, -0.00441]","[-0.00228, 0.01069, 0.00579]","[0.00875, 0.00757, 0.00235]","[0.01167, 0.00891, 0.00334]",0.01301,0.02122
e1 P=RtD1 A=M b=-b bia,0.01054,0.01276,"[0.00804, -0.00402, -0.00442]","[-0.0023, 0.01074, 0.00584]","[0.00875, 0.00757, 0.00235]","[0.01167, 0.00891, 0.00334]",0.01301,0.02122
e1 P=RtD1 A=M b=+b bia,0.01707,0.01495,"[-0.00963, -0.01268, 0.00581]","[0.00196, 0.01143, -0.00895]","[0.00875, 0.00757, 0.00235]","[0.01167, 0.00891, 0.00334]",0.01301,0.02122
e1 P=RtD1 A=M b=+b mix,0.01707,0.01496,"[-0.0096, -0.0127, 0.0058]","[0.00193, 0.01148, -0.0089]","[0.00875, 0.00757, 0.00235]","[0.01167, 0.00891, 0.00334]",0.01301,0.02122
e1 P=RtD1 A=I b=+b mix,0.01708,0.01498,"[-0.00961, -0.0127, 0.00582]","[0.00194, 0.01146, -0.00897]","[0.00389, 0.00685, -0.0047]","[0.00196, 0.00569, -0.00326]",0.01054,0.01156
e1 P=RtD1 A=Minv b=+b mix,0.01709,0.01499,"[-0.00962, -0.0127, 0.00584]","[0.00194, 0.01143, -0.00904]","[-0.00094, 0.00614, -0.0117]","[-0.00766, 0.00254, -0.00976]",0.01584,0.01799
e1 P=RtD1 A=Minv b=+b bia,0.01709,0.01500,"[-0.00959, -0.01272, 0.00583]","[0.00192, 0.01149, -0.00899]","[-0.00094, 0.00614, -0.0117]","[-0.00766, 0.00254, -0.00976]",0.01584,0.01799
e1 P=DRt1 A=Minv b=+b bia,0.01547,0.01829,"[0.00802, -0.01083, 0.00688]","[-0.00222, 0.01687, -0.00592]","[-0.00093, -0.00096, -0.0047]","[-0.00765, -0.00645, -0.00085]",0.00710,0.01373
e1 P=DRt1 A=Minv b=+b mix,0.01549,0.01835,"[0.00804, -0.01085, 0.00686]","[-0.00225, 0.01694, -0.0059]","[-0.00093, -0.00096, -0.0047]","[-0.00765, -0.00645, -0.00085]",0.00710,0.01373
e1 P=RD1 A=Minv b=+b bia,0.01960,0.01439,"[-0.00225, -0.01926, 0.00158]","[-0.00705, 0.01204, 0.00156]","[-0.0018, 0.00462, -0.00934]","[-0.00023, -0.00134, -0.0133]",0.01432,0.01900
e1 P=DRt1 A=I b=+b mix,0.01554,0.01847,"[0.00803, -0.01092, 0.00687]","[-0.00226, 0.01707, -0.00588]","[0.00389, 0.00685, -0.0047]","[0.00196, 0.00569, -0.00326]",0.01054,0.01156
e1 P=RD1 A=Minv b=+b mix,0.01962,0.01440,"[-0.00223, -0.01928, 0.00156]","[-0.00708, 0.01202, 0.00162]","[-0.0018, 0.00462, -0.00934]","[-0.00023, -0.00134, -0.0133]",0.01432,0.01900
e1 P=RD1 A=I b=+b mix,0.01963,0.01444,"[-0.00222, -0.01929, 0.00154]","[-0.00702, 0.01209, 0.00163]","[0.00389, 0.00685, -0.0047]","[0.00196, 0.00569, -0.00326]",0.01054,0.01156
e1 P=RD1 A=M b=+b mix,0.01964,0.01448,"[-0.0022, -0.01931, 0.00152]","[-0.00696, 0.01217, 0.00163]","[0.00963, 0.00909, -3e-05]","[0.00419, 0.01279, 0.00691]",0.01471,0.02028
e1 P=RD1 A=M b=+b bia,0.01966,0.01448,"[-0.00219, -0.01933, 0.0015]","[-0.00699, 0.01215, 0.0017]","[0.00963, 0.00909, -3e-05]","[0.00419, 0.01279, 0.00691]",0.01471,0.02028
e1 P=DRt1 A=M b=+b mix,0.01559,0.01858,"[0.00801, -0.01098, 0.00689]","[-0.00227, 0.0172, -0.00586]","[0.00874, 0.01472, -0.0047]","[0.01166, 0.01798, -0.00566]",0.01935,0.02429
e1 P=DRt1 A=M b=+b bia,0.01561,0.01864,"[0.00804, -0.011, 0.00687]","[-0.0023, 0.01727, -0.00584]","[0.00874, 0.01472, -0.0047]","[0.01166, 0.01798, -0.00566]",0.01935,0.02429
e1 P=Rt1 A=Minv b=-b bia,0.01619,0.01825,"[-0.00962, -0.01083, 0.00688]","[0.00189, 0.01687, -0.00592]","[-0.00093, -0.00096, -0.0047]","[-0.00765, -0.00645, -0.00085]",0.00834,0.01366
e1 P=DR1 A=Minv b=+b bia,0.01940,0.01505,"[0.00067, -0.01921, -0.00057]","[0.00671, 0.01223, -0.00467]","[-0.00164, 0.00445, -0.00935]","[-0.00026, -0.00153, -0.01306]",0.01314,0.01961
e1 P=DR1 A=Minv b=+b mix,0.01942,0.01507,"[0.00065, -0.01923, -0.00055]","[0.00673, 0.01222, -0.00474]","[-0.00164, 0.00445, -0.00935]","[-0.00026, -0.00153, -0.01306]",0.01314,0.01961
e1 P=Rt1 A=Minv b=-b mix,0.01621,0.01831,"[-0.00964, -0.01085, 0.00687]","[0.00192, 0.01694, -0.0059]","[-0.00093, -0.00096, -0.0047]","[-0.00765, -0.00645, -0.00085]",0.00834,0.01366
e1 P=DR1 A=I b=+b mix,0.01944,0.01513,"[0.00064, -0.01925, -0.00053]","[0.0067, 0.0123, -0.00478]","[0.00389, 0.00685, -0.0047]","[0.00196, 0.00569, -0.00326]",0.01054,0.01156
e1 P=DR1 A=M b=+b mix,0.01947,0.01520,"[0.00062, -0.01927, -0.00051]","[0.00666, 0.01238, -0.00481]","[0.00946, 0.00927, -2e-05]","[0.00423, 0.01299, 0.00667]",0.01578,0.01968
e1 P=Rt1 A=I b=-b mix,0.01626,0.01843,"[-0.00964, -0.01092, 0.00687]","[0.00193, 0.01707, -0.00588]","[0.00389, 0.00685, -0.0047]","[0.00196, 0.00569, -0.00326]",0.01054,0.01156
e1 P=R1 A=Minv b=-b bia,0.01949,0.01520,"[-0.00227, -0.01921, -0.00058]","[-0.00704, 0.01223, -0.00467]","[-0.00164, 0.00445, -0.00935]","[-0.00025, -0.00154, -0.01308]",0.01266,0.01845
e1 P=DR1 A=M b=+b bia,0.01949,0.01522,"[0.0006, -0.01929, -0.00049]","[0.00668, 0.01237, -0.00488]","[0.00946, 0.00927, -2e-05]","[0.00423, 0.01299, 0.00667]",0.01578,0.01968
e1 P=R1 A=Minv b=-b mix,0.01951,0.01522,"[-0.00225, -0.01923, -0.00056]","[-0.00707, 0.01222, -0.00474]","[-0.00164, 0.00445, -0.00935]","[-0.00025, -0.00154, -0.01308]",0.01266,0.01845
e1 P=R1 A=I b=-b mix,0.01953,0.01529,"[-0.00224, -0.01925, -0.00053]","[-0.00703, 0.0123, -0.00478]","[0.00389, 0.00685, -0.0047]","[0.00196, 0.00569, -0.00326]",0.01054,0.01156
e1 P=Rt1 A=M b=-b mix,0.01630,0.01854,"[-0.00963, -0.01098, 0.00688]","[0.00194, 0.0172, -0.00586]","[0.00873, 0.01472, -0.0047]","[0.01166, 0.01798, -0.00566]",0.01884,0.02433
e1 P=R1 A=M b=-b mix,0.01955,0.01535,"[-0.00223, -0.01927, -0.00051]","[-0.00699, 0.01238, -0.00481]","[0.00946, 0.00927, -1e-05]","[0.00422, 0.013, 0.00669]",0.01619,0.02081
e1 P=Rt1 A=M b=-b bia,0.01632,0.01860,"[-0.00966, -0.011, 0.00687]","[0.00196, 0.01727, -0.00584]","[0.00873, 0.01472, -0.0047]","[0.01166, 0.01798, -0.00566]",0.01884,0.02433
e1 P=R1 A=M b=-b bia,0.01957,0.01538,"[-0.00222, -0.01929, -0.00048]","[-0.00702, 0.01237, -0.00488]","[0.00946, 0.00927, -1e-05]","[0.00422, 0.013, 0.00669]",0.01619,0.02081
e1 P=I A=Minv b=-b bia,0.01804,0.01819,"[0.00029, -0.01512, 0.00939]","[-0.00324, 0.0176, 0.00068]","[-0.0008, 0.00385, -0.00958]","[-0.00803, 0.00604, -0.01285]",0.01345,0.02047
e1 P=D A=Minv b=+b bia,0.01812,0.01812,"[-0.00189, -0.01512, 0.00939]","[0.00291, 0.0176, 0.00068]","[-0.00079, 0.00385, -0.00958]","[-0.00803, 0.00603, -0.01285]",0.01416,0.01996
e1 P=I A=Minv b=-b mix,0.01805,0.01822,"[0.00027, -0.01511, 0.00941]","[-0.00331, 0.01762, 0.0007]","[-0.0008, 0.00385, -0.00958]","[-0.00803, 0.00604, -0.01285]",0.01345,0.02047
e1 P=D A=Minv b=+b mix,0.01813,0.01815,"[-0.00187, -0.01512, 0.00941]","[0.00298, 0.01762, 0.0007]","[-0.00079, 0.00385, -0.00958]","[-0.00803, 0.00603, -0.01285]",0.01416,0.01996
e1 P=I A=I b=-b mix,0.01806,0.01823,"[0.00023, -0.01514, 0.00939]","[-0.00337, 0.01761, 0.00069]","[0.00389, 0.00685, -0.0047]","[0.00196, 0.00569, -0.00326]",0.01054,0.01156
e1 P=D A=I b=+b mix,0.01813,0.01816,"[-0.00184, -0.01514, 0.00939]","[0.00304, 0.01761, 0.00069]","[0.00389, 0.00685, -0.0047]","[0.00196, 0.00569, -0.00326]",0.01054,0.01156
e1 P=D A=M b=+b mix,0.01814,0.01817,"[-0.00181, -0.01516, 0.00938]","[0.00309, 0.01761, 0.00068]","[0.00861, 0.00988, 0.0002]","[0.01207, 0.00538, 0.00643]",0.01489,0.01936
e1 P=I A=M b=-b mix,0.01808,0.01824,"[0.00019, -0.01517, 0.00938]","[-0.00343, 0.01761, 0.00068]","[0.00861, 0.00988, 0.0002]","[0.01208, 0.00537, 0.00642]",0.01554,0.01880
e1 P=D A=M b=+b bia,0.01815,0.01820,"[-0.00179, -0.01515, 0.0094]","[0.00316, 0.01763, 0.00071]","[0.00861, 0.00988, 0.0002]","[0.01207, 0.00538, 0.00643]",0.01489,0.01936
e1 P=I A=M b=-b bia,0.01809,0.01827,"[0.00017, -0.01516, 0.0094]","[-0.0035, 0.01763, 0.00071]","[0.00861, 0.00988, 0.0002]","[0.01208, 0.00537, 0.00642]",0.01554,0.01880
e0 P=D A=Minv b=+b bia,0.02967,0.01137,"[0.02915, 0.00026, -0.00487]","[-0.00583, -0.00702, 0.00623]","[0.00315, 0.00603, -0.00498]","[-0.00682, 0.00075, -0.01154]",0.01198,0.01866
e0 P=D A=M b=+b mix,0.02968,0.01144,"[0.02918, 0.00019, -0.00478]","[-0.00589, -0.00702, 0.0063]","[0.00464, 0.00767, -0.00442]","[0.01085, 0.01068, 0.00511]",0.01213,0.02059
e0 P=D A=I b=+b mix,0.02966,0.01150,"[0.02916, 0.0002, -0.00478]","[-0.00594, -0.00707, 0.0063]","[0.00389, 0.00685, -0.0047]","[0.00196, 0.00569, -0.00326]",0.01054,0.01156
e0 P=D A=Minv b=+b mix,0.02964,0.01156,"[0.02914, 0.0002, -0.00478]","[-0.00599, -0.00712, 0.0063]","[0.00315, 0.00603, -0.00498]","[-0.00682, 0.00075, -0.01154]",0.01198,0.01866
e0 P=D A=M b=+b bia,0.02965,0.01164,"[0.02916, 0.00014, -0.00468]","[-0.00605, -0.00713, 0.00637]","[0.00464, 0.00767, -0.00442]","[0.01085, 0.01068, 0.00511]",0.01213,0.02059
e0 P=I A=Minv b=-b bia,0.03123,0.01117,"[-0.03076, 0.00027, -0.00488]","[0.0055, -0.00702, 0.00623]","[0.00314, 0.00603, -0.00498]","[-0.00682, 0.00076, -0.01156]",0.01059,0.01826
e0 P=I A=M b=-b mix,0.03124,0.01123,"[-0.03079, 0.00019, -0.00477]","[0.00555, -0.00702, 0.0063]","[0.00465, 0.00767, -0.00441]","[0.01085, 0.01067, 0.00513]",0.01337,0.02097
e0 P=I A=I b=-b mix,0.03122,0.01130,"[-0.03077, 0.0002, -0.00478]","[0.00561, -0.00707, 0.0063]","[0.00389, 0.00685, -0.0047]","[0.00196, 0.00569, -0.00326]",0.01054,0.01156
e0 P=I A=Minv b=-b mix,0.03120,0.01136,"[-0.03075, 0.00021, -0.00479]","[0.00566, -0.00712, 0.0063]","[0.00314, 0.00603, -0.00498]","[-0.00682, 0.00076, -0.01156]",0.01059,0.01826
e0 P=I A=M b=-b bia,0.03121,0.01143,"[-0.03077, 0.00013, -0.00468]","[0.00572, -0.00712, 0.00637]","[0.00465, 0.00767, -0.00441]","[0.01085, 0.01067, 0.00513]",0.01337,0.02097
e0 P=RtD0 A=Minv b=+b bia,0.02414,0.01939,"[0.0045, 0.02163, 0.00946]","[0.00836, 0.00617, 0.01627]","[0.00346, 0.00811, -0.00734]","[-0.00641, 0.00179, -0.01299]",0.01367,0.01849
e0 P=RtD0 A=Minv b=+b mix,0.02410,0.01959,"[0.00441, 0.02158, 0.0095]","[0.00844, 0.00626, 0.01644]","[0.00346, 0.00811, -0.00734]","[-0.00641, 0.00179, -0.01299]",0.01367,0.01849
e0 P=RtD0 A=I b=+b mix,0.02411,0.01964,"[0.00443, 0.0216, 0.00949]","[0.00849, 0.00629, 0.01647]","[0.00389, 0.00685, -0.0047]","[0.00196, 0.00569, -0.00326]",0.01054,0.01156
e0 P=RtD0 A=M b=+b mix,0.02413,0.01970,"[0.00445, 0.02161, 0.00949]","[0.00854, 0.00633, 0.01649]","[0.00433, 0.00559, -0.00205]","[0.01042, 0.00964, 0.00658]",0.01018,0.02077
e0 P=RtD0 A=M b=+b bia,0.02409,0.01991,"[0.00435, 0.02157, 0.00953]","[0.00862, 0.00641, 0.01666]","[0.00433, 0.00559, -0.00205]","[0.01042, 0.00964, 0.00658]",0.01018,0.02077
e0 P=RD0 A=Minv b=+b bia,0.02939,0.01465,"[0.00303, 0.00186, -0.029]","[0.01089, -0.00507, -0.00775]","[0.00374, 0.00613, -0.00566]","[-0.00489, -0.00035, -0.01237]",0.01276,0.01791
e0 P=RD0 A=Minv b=+b mix,0.02937,0.01482,"[0.00303, 0.00175, -0.02899]","[0.01094, -0.00518, -0.00792]","[0.00374, 0.00613, -0.00566]","[-0.00489, -0.00035, -0.01237]",0.01276,0.01791
e0 P=RD0 A=I b=+b mix,0.02941,0.01479,"[0.00303, 0.00175, -0.02902]","[0.01096, -0.00513, -0.00786]","[0.00389, 0.00685, -0.0047]","[0.00196, 0.00569, -0.00326]",0.01054,0.01156
e0 P=RD0 A=M b=+b mix,0.02944,0.01477,"[0.00302, 0.00174, -0.02906]","[0.01099, -0.00507, -0.00781]","[0.00403, 0.00759, -0.00373]","[0.00886, 0.01181, 0.00597]",0.01129,0.02127
e0 P=R0 A=Minv b=-b bia,0.03127,0.01295,"[0.00407, 4e-05, 0.03085]","[0.01076, -0.00551, 0.0036]","[0.00375, 0.00566, -0.00522]","[-0.00483, -0.00116, -0.0116]",0.01052,0.01872
e0 P=R0 A=M b=-b mix,0.03132,0.01301,"[0.00406, -0.0001, 0.0309]","[0.01084, -0.00547, 0.00359]","[0.00402, 0.00806, -0.00417]","[0.0088, 0.01264, 0.0052]",0.01342,0.02053
e0 P=R0 A=I b=-b mix,0.03129,0.01304,"[0.00407, -8e-05, 0.03086]","[0.01082, -0.00555, 0.00368]","[0.00389, 0.00685, -0.0047]","[0.00196, 0.00569, -0.00326]",0.01054,0.01156
e0 P=R0 A=Minv b=-b mix,0.03125,0.01308,"[0.00407, -7e-05, 0.03083]","[0.01081, -0.00564, 0.00376]","[0.00375, 0.00566, -0.00522]","[-0.00483, -0.00116, -0.0116]",0.01052,0.01872
e0 P=RD0 A=M b=+b bia,0.02942,0.01494,"[0.00302, 0.00163, -0.02905]","[0.01104, -0.00518, -0.00798]","[0.00403, 0.00759, -0.00373]","[0.00886, 0.01181, 0.00597]",0.01129,0.02127
e0 P=R0 A=M b=-b bia,0.03130,0.01314,"[0.00406, -0.0002, 0.03088]","[0.01089, -0.00559, 0.00376]","[0.00402, 0.00806, -0.00417]","[0.0088, 0.01264, 0.0052]",0.01342,0.02053
e0 P=DR0 A=Minv b=+b bia,0.03154,0.01325,"[-0.00568, 4e-05, 0.03085]","[-0.01109, -0.00551, 0.0036]","[0.00376, 0.00566, -0.00522]","[-0.00484, -0.00116, -0.0116]",0.01066,0.01908
e0 P=DR0 A=M b=+b mix,0.03159,0.01332,"[-0.00567, -0.0001, 0.0309]","[-0.01118, -0.00547, 0.00359]","[0.00402, 0.00806, -0.00417]","[0.00881, 0.01263, 0.00519]",0.01331,0.02019
e0 P=DR0 A=I b=+b mix,0.03156,0.01335,"[-0.00567, -8e-05, 0.03086]","[-0.01116, -0.00555, 0.00368]","[0.00389, 0.00685, -0.0047]","[0.00196, 0.00569, -0.00326]",0.01054,0.01156
e0 P=DR0 A=Minv b=+b mix,0.03152,0.01339,"[-0.00568, -7e-05, 0.03083]","[-0.01114, -0.00564, 0.00376]","[0.00376, 0.00566, -0.00522]","[-0.00484, -0.00116, -0.0116]",0.01066,0.01908
e0 P=DR0 A=M b=+b bia,0.03157,0.01345,"[-0.00567, -0.0002, 0.03088]","[-0.01123, -0.00559, 0.00376]","[0.00402, 0.00806, -0.00417]","[0.00881, 0.01263, 0.00519]",0.01331,0.02019
e0 P=Rt0 A=M b=-b mix,0.03725,0.01379,"[0.00544, -0.0293, -0.02217]","[0.00832, -0.00333, 0.01027]","[0.0041, 0.00966, -0.00583]","[0.01019, 0.01737, -0.00088]",0.01430,0.02292
e0 P=Rt0 A=Minv b=-b bia,0.03725,0.01380,"[0.00559, -0.02923, -0.02223]","[0.00831, -0.00339, 0.01028]","[0.00369, 0.00406, -0.00357]","[-0.00619, -0.00584, -0.00563]",0.00933,0.01585
e0 P=Rt0 A=I b=-b mix,0.03723,0.01384,"[0.00547, -0.02927, -0.02217]","[0.00835, -0.00346, 0.01028]","[0.00389, 0.00685, -0.0047]","[0.00196, 0.00569, -0.00326]",0.01054,0.01156
e0 P=Rt0 A=M b=-b bia,0.03722,0.01388,"[0.00535, -0.02931, -0.02211]","[0.00839, -0.00352, 0.01027]","[0.0041, 0.00966, -0.00583]","[0.01019, 0.01737, -0.00088]",0.01430,0.02292
e0 P=Rt0 A=Minv b=-b mix,0.03722,0.01389,"[0.00549, -0.02924, -0.02218]","[0.00838, -0.00358, 0.01028]","[0.00369, 0.00406, -0.00357]","[-0.00619, -0.00584, -0.00563]",0.00933,0.01585
e0 P=DRt0 A=M b=+b mix,0.03747,0.01407,"[-0.00705, -0.02929, -0.02216]","[-0.00865, -0.00333, 0.01027]","[0.00409, 0.00966, -0.00583]","[0.01019, 0.01738, -0.00086]",0.01407,0.02361
e0 P=DRt0 A=Minv b=+b bia,0.03749,0.01408,"[-0.00719, -0.02923, -0.02223]","[-0.00864, -0.00339, 0.01028]","[0.00369, 0.00406, -0.00357]","[-0.00618, -0.00585, -0.00564]",0.00966,0.01486
e0 P=DRt0 A=I b=+b mix,0.03746,0.01412,"[-0.00707, -0.02927, -0.02217]","[-0.00868, -0.00346, 0.01028]","[0.00389, 0.00685, -0.0047]","[0.00196, 0.00569, -0.00326]",0.01054,0.01156
e0 P=DRt0 A=M b=+b bia,0.03743,0.01417,"[-0.00695, -0.02931, -0.02211]","[-0.00873, -0.00352, 0.01027]","[0.00409, 0.00966, -0.00583]","[0.01019, 0.01738, -0.00086]",0.01407,0.02361
e0 P=DRt0 A=Minv b=+b mix,0.03745,0.01417,"[-0.0071, -0.02925, -0.02218]","[-0.00871, -0.00358, 0.01028]","[0.00369, 0.00406, -0.00357]","[-0.00618, -0.00585, -0.00564]",0.00966,0.01486
e0 P=DRt0 A=Minv b=-b bia,0.02748,0.02997,"[0.00554, 0.01258, 0.02365]","[0.00824, 0.02526, -0.01352]","[0.00369, 0.00406, -0.00357]","[-0.00618, -0.00585, -0.00564]",0.00966,0.01486
e0 P=DRt0 A=Minv b=-b mix,0.02743,0.03015,"[0.00544, 0.0126, 0.02359]","[0.00832, 0.02545, -0.01352]","[0.00369, 0.00406, -0.00357]","[-0.00618, -0.00585, -0.00564]",0.00966,0.01486
e0 P=DRt0 A=I b=-b mix,0.02743,0.03027,"[0.00547, 0.01258, 0.0236]","[0.00835, 0.02558, -0.01352]","[0.00389, 0.00685, -0.0047]","[0.00196, 0.00569, -0.00326]",0.01054,0.01156
e0 P=DRt0 A=M b=-b mix,0.02743,0.03039,"[0.00549, 0.01256, 0.02361]","[0.00838, 0.0257, -0.01353]","[0.00409, 0.00966, -0.00583]","[0.01019, 0.01738, -0.00086]",0.01407,0.02361
e0 P=DRt0 A=M b=-b bia,0.02737,0.03058,"[0.0054, 0.01258, 0.02356]","[0.00846, 0.0259, -0.01353]","[0.00409, 0.00966, -0.00583]","[0.01019, 0.01738, -0.00086]",0.01407,0.02361
e0 P=Rt0 A=Minv b=+b bia,0.02791,0.03006,"[-0.00714, 0.01259, 0.02365]","[-0.00858, 0.02526, -0.01352]","[0.00369, 0.00406, -0.00357]","[-0.00619, -0.00584, -0.00563]",0.00933,0.01585
e0 P=Rt0 A=Minv b=+b mix,0.02785,0.03024,"[-0.00705, 0.01261, 0.0236]","[-0.00865, 0.02545, -0.01352]","[0.00369, 0.00406, -0.00357]","[-0.00619, -0.00584, -0.00563]",0.00933,0.01585
e0 P=Rt0 A=I b=+b mix,0.02785,0.03036,"[-0.00707, 0.01258, 0.0236]","[-0.00868, 0.02558, -0.01352]","[0.00389, 0.00685, -0.0047]","[0.00196, 0.00569, -0.00326]",0.01054,0.01156
e0 P=Rt0 A=M b=+b mix,0.02785,0.03048,"[-0.0071, 0.01255, 0.02361]","[-0.00871, 0.02571, -0.01353]","[0.0041, 0.00966, -0.00583]","[0.01019, 0.01737, -0.00088]",0.01430,0.02292
e0 P=Rt0 A=M b=+b bia,0.02779,0.03067,"[-0.00701, 0.01257, 0.02355]","[-0.00879, 0.0259, -0.01352]","[0.0041, 0.00966, -0.00583]","[0.01019, 0.01737, -0.00088]",0.01430,0.02292
e0 P=DR0 A=Minv b=-b bia,0.03426,0.03042,"[0.00406, -0.0167, -0.02949]","[0.0108, 0.02746, -0.00668]","[0.00376, 0.00566, -0.00522]","[-0.00484, -0.00116, -0.0116]",0.01066,0.01908
e0 P=DR0 A=Minv b=-b mix,0.03419,0.03058,"[0.00406, -0.01659, -0.02947]","[0.01085, 0.02759, -0.00684]","[0.00376, 0.00566, -0.00522]","[-0.00484, -0.00116, -0.0116]",0.01066,0.01908
e0 P=DR0 A=I b=-b mix,0.03417,0.03068,"[0.00407, -0.01661, -0.02943]","[0.01082, 0.02767, -0.00692]","[0.00389, 0.00685, -0.0047]","[0.00196, 0.00569, -0.00326]",0.01054,0.01156
e0 P=DR0 A=M b=-b mix,0.03415,0.03077,"[0.00407, -0.01662, -0.0294]","[0.0108, 0.02776, -0.007]","[0.00402, 0.00806, -0.00417]","[0.00881, 0.01263, 0.00519]",0.01331,0.02019
e0 P=R0 A=Minv b=+b bia,0.03446,0.03054,"[-0.00567, -0.0167, -0.02949]","[-0.01113, 0.02746, -0.00668]","[0.00375, 0.00566, -0.00522]","[-0.00483, -0.00116, -0.0116]",0.01052,0.01872
e0 P=DR0 A=M b=-b bia,0.03408,0.03094,"[0.00407, -0.01651, -0.02938]","[0.01085, 0.02789, -0.00717]","[0.00402, 0.00806, -0.00417]","[0.00881, 0.01263, 0.00519]",0.01331,0.02019
e0 P=R0 A=Minv b=+b mix,0.03439,0.03071,"[-0.00567, -0.01659, -0.02947]","[-0.01118, 0.02759, -0.00684]","[0.00375, 0.00566, -0.00522]","[-0.00483, -0.00116, -0.0116]",0.01052,0.01872
e0 P=R0 A=I b=+b mix,0.03437,0.03080,"[-0.00567, -0.01661, -0.02943]","[-0.01116, 0.02767, -0.00692]","[0.00389, 0.00685, -0.0047]","[0.00196, 0.00569, -0.00326]",0.01054,0.01156
e0 P=R0 A=M b=+b mix,0.03435,0.03089,"[-0.00568, -0.01662, -0.0294]","[-0.01114, 0.02776, -0.007]","[0.00402, 0.00806, -0.00417]","[0.0088, 0.01264, 0.0052]",0.01342,0.02053
e0 P=R0 A=M b=+b bia,0.03428,0.03106,"[-0.00568, -0.01651, -0.02938]","[-0.01119, 0.02789, -0.00717]","[0.00402, 0.00806, -0.00417]","[0.0088, 0.01264, 0.0052]",0.01342,0.02053
e0 P=I A=Minv b=+b bia,0.03447,0.03123,"[0.0292, -0.01694, 0.00629]","[-0.00572, 0.02903, -0.00947]","[0.00314, 0.00603, -0.00498]","[-0.00682, 0.00076, -0.01156]",0.01059,0.01826
e0 P=I A=Minv b=+b mix,0.03442,0.03138,"[0.02918, -0.01688, 0.0062]","[-0.00588, 0.02914, -0.00954]","[0.00314, 0.00603, -0.00498]","[-0.00682, 0.00076, -0.01156]",0.01059,0.01826
e0 P=I A=I b=+b mix,0.03440,0.03144,"[0.02916, -0.01689, 0.00621]","[-0.00594, 0.02919, -0.00955]","[0.00389, 0.00685, -0.0047]","[0.00196, 0.00569, -0.00326]",0.01054,0.01156
e0 P=I A=M b=+b mix,0.03439,0.03151,"[0.02914, -0.0169, 0.00622]","[-0.006, 0.02925, -0.00955]","[0.00465, 0.00767, -0.00441]","[0.01085, 0.01067, 0.00513]",0.01337,0.02097
e0 P=RD0 A=Minv b=-b bia,0.03613,0.02983,"[-0.00463, -0.01854, 0.0305]","[-0.01127, 0.02708, 0.0044]","[0.00374, 0.00613, -0.00566]","[-0.00489, -0.00035, -0.01237]",0.01276,0.01791
e0 P=I A=M b=+b bia,0.03433,0.03166,"[0.02912, -0.01684, 0.00612]","[-0.00616, 0.02935, -0.00962]","[0.00465, 0.00767, -0.00441]","[0.01085, 0.01067, 0.00513]",0.01337,0.02097
e0 P=RD0 A=Minv b=-b mix,0.03607,0.02998,"[-0.00463, -0.01843, 0.03049]","[-0.01132, 0.02719, 0.00457]","[0.00374, 0.00613, -0.00566]","[-0.00489, -0.00035, -0.01237]",0.01276,0.01791
e0 P=RD0 A=I b=-b mix,0.03604,0.03003,"[-0.00463, -0.01844, 0.03045]","[-0.0113, 0.02725, 0.00462]","[0.00389, 0.00685, -0.0047]","[0.00196, 0.00569, -0.00326]",0.01054,0.01156
e0 P=RD0 A=M b=-b mix,0.03602,0.03008,"[-0.00464, -0.01844, 0.03042]","[-0.01127, 0.0273, 0.00467]","[0.00403, 0.00759, -0.00373]","[0.00886, 0.01181, 0.00597]",0.01129,0.02127
e0 P=RD0 A=M b=-b bia,0.03595,0.03023,"[-0.00464, -0.01833, 0.03041]","[-0.01133, 0.02742, 0.00484]","[0.00403, 0.00759, -0.00373]","[0.00886, 0.01181, 0.00597]",0.01129,0.02127
e0 P=RtD0 A=Minv b=-b bia,0.03972,0.02679,"[-0.00615, -0.03834, -0.00802]","[-0.00879, 0.01587, -0.01956]","[0.00346, 0.00811, -0.00734]","[-0.00641, 0.00179, -0.01299]",0.01367,0.01849
e0 P=RtD0 A=M b=-b mix,0.03964,0.02688,"[-0.00602, -0.03827, -0.00807]","[-0.00878, 0.01586, -0.01969]","[0.00433, 0.00559, -0.00205]","[0.01042, 0.00964, 0.00658]",0.01018,0.02077
e0 P=RtD0 A=I b=-b mix,0.03965,0.02689,"[-0.00604, -0.03829, -0.00806]","[-0.00882, 0.01583, -0.01971]","[0.00389, 0.00685, -0.0047]","[0.00196, 0.00569, -0.00326]",0.01054,0.01156
e0 P=RtD0 A=Minv b=-b mix,0.03967,0.02690,"[-0.00605, -0.0383, -0.00806]","[-0.00887, 0.01579, -0.01973]","[0.00346, 0.00811, -0.00734]","[-0.00641, 0.00179, -0.01299]",0.01367,0.01849
e0 P=RtD0 A=M b=-b bia,0.03959,0.02699,"[-0.00592, -0.03823, -0.0081]","[-0.00886, 0.01578, -0.01987]","[0.00433, 0.00559, -0.00205]","[0.01042, 0.00964, 0.00658]",0.01018,0.02077
e0 P=D A=Minv b=-b bia,0.03576,0.03117,"[-0.0308, -0.01694, 0.0063]","[0.00539, 0.02903, -0.00947]","[0.00315, 0.00603, -0.00498]","[-0.00682, 0.00075, -0.01154]",0.01198,0.01866
e0 P=D A=Minv b=-b mix,0.03571,0.03132,"[-0.03079, -0.01688, 0.00621]","[0.00555, 0.02914, -0.00954]","[0.00315, 0.00603, -0.00498]","[-0.00682, 0.00075, -0.01154]",0.01198,0.01866
e0 P=D A=I b=-b mix,0.03569,0.03138,"[-0.03077, -0.01689, 0.00621]","[0.00561, 0.02919, -0.00955]","[0.00389, 0.00685, -0.0047]","[0.00196, 0.00569, -0.00326]",0.01054,0.01156
e0 P=D A=M b=-b mix,0.03568,0.03144,"[-0.03075, -0.01689, 0.00621]","[0.00566, 0.02924, -0.00955]","[0.00464, 0.00767, -0.00442]","[0.01085, 0.01068, 0.00511]",0.01213,0.02059
e0 P=D A=M b=-b bia,0.03562,0.03159,"[-0.03073, -0.01684, 0.00612]","[0.00583, 0.02935, -0.00962]","[0.00464, 0.00767, -0.00442]","[0.01085, 0.01068, 0.00511]",0.01213,0.02059
