entry,variant,gyro_absb_l,gyro_gain_l,gyro_absb_r,gyro_gain_r,accel_absb_l,accel_gain_l,accel_absb_r,accel_gain_r
0,mix only,0.008770596141867051,0.002637310954723193,0.011685588380896809,0.008880973109560117,0.09818644615678924,0.018407693117489354,0.15780933289852775,0.020010339664979337
0,+bias only,0.03440405499412233,0.002011665282472208,0.03144164441368289,0.001463270851195871,0.1617178997881326,0.01920043983471742,0.12973054311890858,0.021727568091434907
0,-bias only,0.0312202867392963,0.002011665282472208,0.01129521825496065,0.001463270851195871,0.10119742946549287,0.01920043983471742,0.23799122685687227,0.021727568091434907
0,mix+bias  [= project loader],0.034391913787782925,0.002637310954723193,0.03150629682685796,0.008880973109560117,0.16168707946466676,0.018407693117489354,0.12971681370529473,0.020010339664979337
0,mix + (-bias),0.031240833728566675,0.002637310954723193,0.011233916879683942,0.008880973109560117,0.10112213315136744,0.018407693117489354,0.23807709238190744,0.020010339664979337
0,inverse mix only,0.008750260120734718,0.0013974100643020886,0.011564493601223599,-0.005870289478605573,0.09818644615678924,0.01998621613123534,0.15780933289852775,0.023436977448052176
0,inverse mix + bias,0.03441620877146748,0.0013974100643020886,0.031377797234361716,-0.005870289478605573,0.1617491207978091,0.01998621613123534,0.12974443851254228,0.023436977448052176
1,none (CSV as recorded),0.008760358808500622,0.002011665282472208,0.01162458246643857,0.001463270851195871,0.09818644615678924,0.01920043983471742,0.15780933289852772,0.021727568091434907
1,mix only,0.008790778855817473,0.006233523028003581,0.011632484897966847,0.007956296832704712,0.09818644615678923,0.021869732087196187,0.15780933289852772,0.020598022657123072
1,+bias only,0.008751422744791479,0.002011665282472208,0.007431292846882855,0.001463270851195871,0.20513621396230927,0.01920043983471742,0.31564124590901954,0.021727568091434907
1,-bias only,0.018062257586626333,0.002011665282472208,0.018229388295356364,0.001463270851195871,0.10892925910330188,0.01920043983471742,0.3482656261443234,0.021727568091434907
1,mix+bias  [= project loader],0.008783579105049982,0.006233523028003581,0.007423854160523957,0.007956296832704712,0.2048669822126612,0.021869732087196187,0.31685086478971874,0.020598022657123072
1,mix + (-bias),0.018078964707510994,0.006233523028003581,0.018241998097332884,0.007956296832704712,0.1086527761707873,0.021869732087196187,0.3483104996185717,0.020598022657123072
1,inverse mix only,0.008730386217613574,-0.0021769352048700195,0.01161743649496249,-0.0049455763724717645,0.09818644615678924,0.01652219864337316,0.15780933289852775,0.022840373620161485
1,inverse mix + bias,0.00871969788588014,-0.0021769352048700195,0.00743940155300073,-0.0049455763724717645,0.20540639127817747,0.01652219864337316,0.31444285546636086,0.022840373620161485
