variant,T_s,n,median,mean,p90
A0_loader(e1 mix+bias),0.1,2400,3.5032157559654995,4.644739644786447,9.172367737780123
A0_loader(e1 mix+bias),0.3,2400,21.238068944084098,22.793878739529568,34.63245344384468
A0_loader(e1 mix+bias),1.0,2400,196.3592154543166,199.13629972895083,253.7072950744889
A1_csv_as_is,0.1,2400,3.029792473920567,4.28385851366074,9.119698718637938
A1_csv_as_is,0.3,2400,15.105869108692048,17.8757717057221,31.464172929908422
A1_csv_as_is,1.0,2400,135.5174617376764,145.92273936423257,196.146666067597
A2_csv * 9.80665/10,0.1,2400,2.583844070701846,3.629313847920323,7.7501562875021
A2_csv * 9.80665/10,0.3,2400,10.268932141182251,12.614652744567039,23.822047924506087
A2_csv * 9.80665/10,1.0,2400,75.13905410368002,88.00681903353808,130.15408278507238
A3_csv*scale - bias(per-rec oracle),0.1,2400,2.5765241571636133,3.6228054171294963,7.8277664713132316
A3_csv*scale - bias(per-rec oracle),0.3,2400,8.875250304076978,11.520901275325116,23.02335883477541
A3_csv*scale - bias(per-rec oracle),1.0,2400,55.18769827576915,70.56549340127033,108.13707239392735
A4_loader * 9.80665/10,0.1,2400,2.9511487605802507,3.9224364195676684,7.953041292334755
A4_loader * 9.80665/10,0.3,2400,15.38773693057032,17.139011450343467,26.72416473243224
A4_loader * 9.80665/10,1.0,2400,128.10995320768865,135.17444219710308,175.36655278452375
A5_csv oracle bias+S+dg (ceiling),0.1,2400,2.522901150191623,3.560319582339374,7.714829666556663
A5_csv oracle bias+S+dg (ceiling),0.3,2400,8.10959297366998,10.889560759283267,22.004950555377317
A5_csv oracle bias+S+dg (ceiling),1.0,2400,44.64879870487901,61.45110809281306,96.68053415639346
