rec,ctrl,t_center_s,b_x,b_y,b_z,se_x,se_y,se_z
static_dark,left_controller,10,0.05785866394765158,0.18532648329276533,-0.008039251485550477,0.017440443561240873,0.015308367072651619,0.017700999635475688
static_dark,left_controller,30,0.09149491860354693,0.1518491570720894,-0.058126520175728676,0.017825739093963282,0.013628125911066059,0.01248444975565172
static_dark,left_controller,50,0.10065731056527738,0.18409651481209607,-0.054155418257193735,0.01528918984851542,0.01409496851747998,0.012337036239147324
static_dark,left_controller,70,0.07931610609298322,0.18221046344941014,-0.046064999163916535,0.014195502567517174,0.013173719832037958,0.007486874560672311
static_dark,left_controller,110,0.08482591057590345,0.18655941627400685,-0.013030207010286857,0.013391472210038067,0.009829532045920316,0.015130103481558585
walk_dark,left_controller,10,0.046910956019729465,0.18481839748497833,-0.052928638488466836,0.01158799028080344,0.006840136428617879,0.01694322296944797
walk_dark,left_controller,30,0.10697663515423178,0.1931214559545517,-0.03423165588672551,0.017356050432185157,0.008044775131611623,0.019045278457260655
walk_dark,left_controller,50,0.09799863287220523,0.21353787277238195,-0.04036406773238874,0.021411383021853712,0.012627066498630312,0.010153825365356448
walk_dark,left_controller,70,0.09302190297159255,0.17865378922040312,-0.04689717215875667,0.010999422422241917,0.01822306320591422,0.016492974841569964
walk_dark,left_controller,90,0.11568926896640246,0.17142160606153778,-0.06343871009317978,0.02100940545372858,0.013902648440083928,0.0030589066810294734
walk_dark,left_controller,110,0.03645387294249832,0.1570906977803299,-0.04019006853322927,0.016587849289495218,0.00867760104180208,0.006909594640589947
static_easy,left_controller,10,0.07465728534840589,0.17052169146972307,-0.03905124071167296,0.009336676053591272,0.00997798025196747,0.014611589092681303
static_easy,left_controller,30,0.08008761337235294,0.18608293816879642,-0.09097818110350951,0.014297486680792403,0.009977536043642422,0.01282377931940357
static_easy,left_controller,50,0.08491833109855809,0.17258539506830423,-0.054396175734460164,0.0069801900251159656,0.011823279420884372,0.018576582067100528
static_easy,left_controller,70,0.06162733526153213,0.1751854545160981,-0.013161493501971324,0.011478648474039803,0.01922998136018351,0.030587599110125048
static_easy,left_controller,90,0.05374430333521901,0.17705802045538221,-0.022790096934410132,0.012386143464868452,0.015288139098272749,0.014960110291392366
static_easy,left_controller,110,0.06831261029002432,0.18343421336664373,-0.05452210814308326,0.01782167733541944,0.0240410323607098,0.01216223596977924
static_medium,left_controller,10,0.05627968986510009,0.18485391643842788,-0.042899793076111956,0.02151351613887418,0.010807065411233092,0.009052441999155579
static_medium,left_controller,30,0.048161382380124844,0.1615271801636557,-0.056627289142073385,0.014885024761432695,0.008953945302879374,0.018543178661527267
static_medium,left_controller,50,0.06077684813862711,0.19096797604069032,-0.05802883573169385,0.022108318390046604,0.016099149435589155,0.030348125820007302
static_medium,left_controller,70,0.05437109200643597,0.21708065828864823,-0.05400082226601066,0.013515520215678936,0.016572098386398483,0.03392665144332241
static_medium,left_controller,90,0.065384373172326,0.16471669188750196,-0.04843666856498487,0.02962198731086897,0.022796957688320935,0.02795548664357308
static_medium,left_controller,110,0.08673374413631708,0.17434126577178427,-0.11493078569859505,0.011560530033140962,0.00931386188126662,0.01525632622347182
walk_easy,left_controller,10,0.0825633394623186,0.19278737906411073,-0.02832805009475075,0.008154826344852246,0.01120989890698243,0.009579253559016832
walk_easy,left_controller,50,0.04013003976561771,0.1871904180803965,-0.04323555774530214,0.016467070221215418,0.015491830410844011,0.00965551268150992
walk_easy,left_controller,70,0.05474209999693754,0.16783159999336325,-0.045261095175384736,0.013731581839381115,0.010425365985383966,0.008612880353060362
walk_easy,left_controller,90,0.06340391702183061,0.1689760535040271,-0.04999924416109437,0.008708155774536545,0.006498821902904565,0.011563163480002612
walk_easy,left_controller,110,0.09451480450169895,0.1853155864305847,-0.07596515518190308,0.024378004777875845,0.008974896610944076,0.012074114363014884
walk_medium,left_controller,10,-0.003336473289409829,0.12455561186963751,-0.0390036294531986,0.032938311947075576,0.02353558666846185,0.04943182810509328
walk_medium,left_controller,30,0.033819934471292834,0.22243974712515638,-0.1122492342523532,0.04116372627476662,0.034284617731537965,0.05315184242855833
walk_medium,left_controller,50,0.026442248347926932,0.22705655199431218,-0.15163046743863054,0.025668068874511965,0.020521026119103367,0.025200824404651056
walk_medium,left_controller,70,0.024098288462562924,0.2076735793275828,-0.15449922203958766,0.031079236826093492,0.0243151146575501,0.0426153445883385
walk_medium,left_controller,90,0.05669454586335235,0.17551461002416568,-0.08168477744719223,0.016776367978564233,0.02699953737358682,0.025840551290366054
walk_medium,left_controller,110,0.0189273017169501,0.2205481074462261,-0.11948092375852223,0.014814721818869737,0.03483609883112281,0.031114274648296636
static_dark,right_controller,10,-0.08799115380989661,0.09110731513810079,-0.28190285974212437,0.00808807815085767,0.013741819036685518,0.009909892993821189
static_dark,right_controller,30,-0.097118330284934,0.13324093190025582,-0.2536562976241657,0.010646000709420095,0.010299269787782159,0.016013393114613864
static_dark,right_controller,50,-0.07811892870845766,0.09715137083947316,-0.25951829614459637,0.012398550490911157,0.008329812687917349,0.008767010534082579
static_dark,right_controller,70,-0.078010718342516,0.10264127247176164,-0.2851929968365867,0.009603243006846549,0.01360173529414192,0.0062385783726313085
static_dark,right_controller,90,-0.04944510573776921,0.08843375992726758,-0.28295979983179215,0.006519393886695599,0.010892247813881276,0.007948537892247828
static_dark,right_controller,110,-0.07876524998102478,0.12806827798822373,-0.28320971102108466,0.011269127525515774,0.01221908552379476,0.013768805491139957
walk_dark,right_controller,30,-0.08370237690526924,0.11806674076498222,-0.24164279811779754,0.02632785991297754,0.02670161459690325,0.017292540346678112
walk_dark,right_controller,50,-0.07852015235401141,0.1360919277508408,-0.30352137900908593,0.011954210021799706,0.013834983113142144,0.022663313464515195
walk_dark,right_controller,70,-0.06123168300803201,0.13215029234678866,-0.2638429869807085,0.011143658643249647,0.008115593538342578,0.018467277129222963
walk_dark,right_controller,110,-0.08918083165209428,0.08202332164993517,-0.2884529366966348,0.01430427072677638,0.014532296200854217,0.006097610102752882
static_easy,right_controller,10,-0.08420456615579767,0.09114710992547266,-0.2796542831123722,0.011772548625522225,0.010613110834340238,0.014645452382996017
static_easy,right_controller,30,-0.06557937141270441,0.12776347076396663,-0.26744045981251097,0.015462611667193059,0.012285508695189622,0.005989878250761281
static_easy,right_controller,50,-0.08684962250101418,0.14611934291160347,-0.2911684738535888,0.0052274462272936095,0.023201960764934457,0.01350013205994191
static_easy,right_controller,70,-0.09874804057070485,0.12944397342945066,-0.27691128559115336,0.011894360202919294,0.007641488286066459,0.017169981924382557
static_easy,right_controller,110,-0.07381210327321758,0.11263461317235259,-0.2701881229366662,0.01260684808005703,0.0144204844279141,0.0048947025581275285
static_medium,right_controller,10,-0.03327812352057008,0.09945589600859961,-0.29294971130767844,0.016966733724912208,0.019302512139577514,0.012601506188148865
static_medium,right_controller,30,-0.04298272681077516,0.09173258497692802,-0.3612767871782204,0.013762035756158461,0.016324844041583655,0.021206546135625
static_medium,right_controller,50,-0.027398561067512373,0.09778896848567718,-0.27812117631129624,0.013422099033968229,0.020420368429311102,0.02153777056682654
static_medium,right_controller,70,0.048274451793785714,0.00558243161122896,-0.35054882319093,0.019262920465779362,0.017840254165210737,0.041093074848023874
static_medium,right_controller,90,-0.0009977975053697275,0.02169877686964953,-0.35539898986552787,0.017690445301956854,0.023200666507194708,0.016095986810073046
static_medium,right_controller,110,-0.037078221067132835,0.03590306342909232,-0.2995187026865264,0.007241288709663702,0.019301373996613785,0.01619826863786111
walk_easy,right_controller,10,-0.08307994908822532,0.1407150863239273,-0.2779521943961028,0.005630801963441387,0.026275480891767494,0.00802518122914676
walk_easy,right_controller,50,-0.06099471998767777,0.13572900690798703,-0.3037397888574953,0.01694226095049356,0.014414768739600773,0.027193531131618712
walk_easy,right_controller,90,-0.07604954315381181,0.11765598796134132,-0.27064908446498553,0.015914101329735583,0.013232507594900718,0.011290978325475666
walk_medium,right_controller,10,0.02533015420583019,0.08668085966509961,-0.2940476585546234,0.05408951071339971,0.06371706098569171,0.028720345635570445
walk_medium,right_controller,90,-0.05225094646564616,0.10320256524508901,-0.2437772686398986,0.02038275230474479,0.009608120375970268,0.026615184360900632
walk_medium,right_controller,110,0.002065733011883027,0.0326215450757638,-0.3172953402468217,0.03361244707736644,0.023850305743950483,0.034281030449469445
