variant,T_s,n,median_mm,mean_mm,p90_mm
A0_factory,0.05,2400,1.843006341882568,2.685357277462125,5.983823457877636
A0_factory,0.1,2400,3.5328376032176383,4.659192467557088,9.218686940236658
A0_factory,0.3,2400,21.197248933761514,22.586162195630063,33.33449526877368
A0_factory,1.0,2400,196.19349589643167,195.5310826516587,251.27202643263362
A1_bias_only,0.05,2400,1.8147262054576903,2.664653766813856,5.954678547497485
A1_bias_only,0.1,2400,3.0513147596680223,4.264776931829947,9.082568792223212
A1_bias_only,0.3,2400,13.81368156779001,16.662915974258713,30.463056719958004
A1_bias_only,1.0,2400,112.44286917009191,127.02413577296538,187.5121463744809
"A2_gain_only(S,dg)",0.05,2400,1.705748120723503,2.4894512036728353,5.573757638231274
"A2_gain_only(S,dg)",0.1,2400,2.885210786014838,3.847601897282819,7.751144810918794
"A2_gain_only(S,dg)",0.3,2400,14.745440879415735,16.38563450090667,25.71728327079748
"A2_gain_only(S,dg)",1.0,2400,115.15146046405322,123.15054116304408,171.14070044249857
A3_bias+S+dg,0.05,2400,1.6838041897426428,2.4922212870128555,5.625431916091683
A3_bias+S+dg,0.1,2400,2.5581596922911864,3.5803622553172576,7.64839574045781
A3_bias+S+dg,0.3,2400,8.20811370848426,10.741103232022377,21.4174993446013
A3_bias+S+dg,1.0,2400,44.29279691762717,59.28757236143727,98.0186770352873
