rec,ctrl,nwin,rms_mm,b_x,b_y,b_z,blo_x,blo_y,blo_z,bhi_x,bhi_y,bhi_z,S00,S01,S02,S10,S11,S12,S20,S21,S22,dg_x,dg_y,dg_z
static_dark,left_controller,45,5.81631292251064,0.0970193606440737,0.18896573264215902,-0.03812876859843038,0.07523878568006206,0.17430352932242257,-0.056479271830740384,0.11816957767385838,0.20345701729799262,-0.01659889215669025,0.022321714766601827,-0.0034068315257356338,0.0015052186807742438,-0.0008136589442091617,0.01994578731107963,0.0003958090208878138,-0.0013296825034737035,0.004556571034524523,0.024033662349721,0.0352403641821638,-0.05178082853421831,0.005021201427687373
walk_dark,left_controller,49,5.978652179496065,0.08068233275516104,0.177710870895207,-0.05828236194955953,0.06777100358420879,0.1617736392080719,-0.08089344907043067,0.09443305793247138,0.2005976225112939,-0.032354449970827336,0.025261893157625455,2.9101737382006453e-05,5.7886410376606857e-05,0.0011869164702914777,0.02780967261918029,-0.0018070798169566252,-0.0009098318004798441,0.0066567891003504725,0.02849889081913428,0.026257924383242356,0.007851121578645799,-0.001158267332507297
static_easy,left_controller,49,6.286836166536436,0.06651224288459498,0.184241947172257,-0.048650924501162394,0.05045170412798259,0.1668965938533508,-0.06916898187496417,0.08005008194589135,0.20314146035110658,-0.023063138258309454,0.02603305741063681,-0.004528726703525411,-0.00679842367340284,0.004435542821812443,0.0232512757950145,0.002135663718811785,-0.0013185576361773893,0.002956964334802304,0.027908807396353777,0.051287144116751796,-0.01682823752957583,0.025055347580793846
static_medium,left_controller,46,7.283844047359619,0.0762014937378704,0.18213384731974733,-0.035767276722925935,0.0362767588382414,0.1386280279619179,-0.07145398972335501,0.11397893791371917,0.21844621313260906,0.013260829597151722,0.024725613533743564,-0.0036460500454270975,-0.0010248925226604272,0.007351473318989482,0.017510845376233843,0.0008662533276402945,-0.0007942525041605119,0.0009657077419779035,0.02486727134282007,0.06991914754283135,-0.07919964258293322,0.027458172119597096
static_hard,left_controller,40,21.4370795372864,-0.06854355099518773,-0.05057172013901447,-0.2296499018656543,-0.19632963369386017,-0.17340773308934235,-0.35417794742313935,0.06637909997790556,0.04770204679818778,-0.09407214118561827,0.03245128123781246,0.0033967056939120457,-0.005718274706820962,-0.008600533374697366,0.03866681490764981,-0.023978213859516557,0.007809636622434402,0.02782213468696931,0.03019153740957075,-0.040270106512278074,0.042979478728853396,0.033286650250052945
walk_easy,left_controller,41,4.96581457676759,0.04114325985492488,0.18404480800038991,-0.04215322995754869,0.029738499860290896,0.17051133783563188,-0.057019188944284975,0.05224640077561334,0.1983848313790312,-0.02958284623447378,0.018011693300981436,0.0029967190528305265,-0.009635073929072991,0.0013795657471710415,0.017358876426935513,-0.001341333604925728,0.0022309794371044296,0.004414472349671414,0.018344368697739886,0.02370840422515349,-0.09658795813183708,0.007594492496824901
walk_medium,left_controller,48,9.638439979863989,0.033539184671258944,0.19272766937498403,-0.10725735648575406,0.003954931678175325,0.1618550893446299,-0.13963258973104847,0.06451109086900936,0.2303274173700639,-0.07528346140798171,0.017905848990751,-0.0033997797685057377,-0.0009687344971261487,0.004294745655305248,0.021350071499865342,-0.004015057619157717,-0.0004591402870679231,0.009244600985871246,0.021479873566783384,0.022064128017846855,-0.10380104446653611,0.0016141911850007034
walk_hard,left_controller,37,23.586633951529635,-0.0012826831495871248,0.1474266249979174,-0.169593766202134,-0.14689320939684064,-0.02598905604484774,-0.24974687277283897,0.10763427514890267,0.3634212926326371,-0.10041095196760341,0.039145539117983505,-0.0032701054313174533,-0.005379679914392993,0.01054344631137814,0.03907308720892896,-0.018978590987487425,0.0037318894376750116,0.012846859856705781,0.03040148466145527,0.09780894355561043,0.03699552484659246,0.005804855411340062
static_dark,right_controller,54,4.041290185215103,-0.06029766618409707,0.1493786724270344,-0.2844750708679012,-0.07554257956757324,0.1392692110207392,-0.2991231105149193,-0.042398421272883756,0.16366317088364776,-0.27354086133002115,0.007966428608820485,0.0024827363845216026,0.0014103177407581006,-0.00016687984582139964,0.01792611958553626,-0.0005879868373014728,0.0010239013513289714,0.005371610935750983,0.009215063738058594,0.049655569325600994,-0.0773908655135862,-0.015114469869077512
walk_dark,right_controller,39,5.129928823466967,-0.05301305848154683,0.134435996383515,-0.2757414493924745,-0.06858019566821054,0.11033241462608312,-0.30064697990823247,-0.028412968448711457,0.153347496792308,-0.24574084310853073,0.017361716914007282,0.00030688035002483647,0.003379237561152604,-0.0004674404595699201,0.025612581089386834,-0.0005621708238505166,-0.0022455562632326025,0.006530538729789604,0.02146904053041669,0.033147967594442614,0.012743470950645574,0.011624099616313076
static_easy,right_controller,44,5.009150704991994,-0.08075687269395643,0.12715115595156062,-0.2995096621005859,-0.10243391956308759,0.11406529328381981,-0.3190525839644039,-0.0591960694474953,0.14623467401371104,-0.28248387010768533,0.012051178178202481,0.0016074112472432276,0.0037275182458666074,0.005483974477155612,0.022098398715300307,-1.3234550688164214e-05,-0.001828897593914338,0.006876405154768582,0.012587337045209018,0.07583156964090768,-0.04127160454861049,0.022188174960109896
static_medium,right_controller,52,7.186453815816304,-0.025955664677126036,0.05138862319853529,-0.3217301615743298,-0.05733474181061103,0.014654903723718323,-0.36584648069716946,0.017592359758925948,0.09132227286658262,-0.27377304604228403,0.01831907691095086,-0.002299165430785047,0.0013389144933352304,0.0023950700591109605,0.024500240367540973,-0.011942519110103248,0.0009703169184319077,0.006493049563247733,0.01404162702368566,0.04723825152519147,-0.03451019923590593,0.011715257979288993
static_hard,right_controller,35,23.7171914211958,0.1425575805621963,0.0754852982003423,-0.4997073945374635,-0.022496881309235342,-0.0816018040014856,-0.6865351852396792,0.29066020534747855,0.22385731233371978,-0.2442300888693263,0.050942368475839626,0.0004445823123240754,0.0018886943564983168,-0.008383041811923004,0.06513189819889992,-0.027348606972124965,-0.0018370648312810666,0.026518950861930547,0.04199578095487861,0.021831274679044468,0.3616007332412884,-0.026183986445080527
walk_easy,right_controller,35,5.370824137739131,-0.051710205812783974,0.13966862413680659,-0.27280656267815684,-0.0761860441508568,0.11997276257112084,-0.2959561752955661,-0.028403423799875024,0.16368483572433976,-0.24246207853080654,0.018339434379365017,0.001590909708422225,0.0038749149753915593,-0.0009238957194412588,0.025155088070746623,-0.005296576523442703,-0.005176678583078486,0.004330320818684997,0.01897006800945261,0.024504751343568512,0.015597237432001691,0.01954055871995805
walk_medium,right_controller,41,10.780653343248058,-0.0014242548210296761,0.06706599536837526,-0.32490161177776183,-0.07527052186989132,-0.001493629236546083,-0.41198521260550636,0.06204749582433055,0.14057255161485552,-0.24781018167548502,0.019456670148679495,0.004512402622998312,-0.0013241345839347218,-0.0014072626735116992,0.027997140579705686,-0.009692883975413069,-0.0012996933034485506,0.005507046454546778,0.021397128628368747,0.01042004148491005,0.004146965693675288,0.014420463418742948
walk_hard,right_controller,23,23.161518778781073,-0.04604809420813872,0.03194636521564821,-0.44426176948344537,-0.2666751651656222,-0.11208312909349111,-0.5971389086416483,0.08223320498449968,0.22526589623761809,-0.2891887510189649,0.025461026087435588,0.005319623116850687,0.008488683644926156,0.004055070756853516,0.030183342694720693,-0.023722230856275856,-0.01944305608936487,0.01626385789134569,0.018742433308767695,0.043555509406100534,-0.0016987314518481307,-0.0018700572062640018
