rec,ctrl,W,nwin,sd_x,sd_y,sd_z,se_x,se_y,se_z,chi2_x,chi2_y,chi2_z,slope_x,slope_y,slope_z
static_dark,left_controller,10.0,12,0.0035565752271564744,0.00404195089036068,0.005539662209447564,0.005715760883879377,0.005664754334262075,0.0056017396244031755,0.40927402811169905,0.5694746531213383,1.0412256243299085,-0.004328186137358625,-0.001025976495104601,-0.003873075652035722
static_dark,left_controller,20.0,6,0.003119460594475844,0.003156127292223917,0.005254135180487187,0.003955289118903282,0.003929307314462714,0.003885960096641991,0.6226546890043965,0.7940728747495449,2.189334110937851,-0.0034257189618035573,-0.0008013844636371663,-0.0025005663591760913
static_dark,left_controller,40.0,3,0.0027935067213924096,0.0021802185195162285,0.002881124727983551,0.0028163147547483358,0.002795558554541649,0.0027654078758697024,1.4137253399046108,1.1502318792223973,1.8278397577363585,-0.004101346203285376,-0.0001109866837329304,-0.0006504593278175497
walk_dark,left_controller,10.0,12,0.005139815437024336,0.005653391685312874,0.004132205457483468,0.0056053142626496045,0.005627339624633993,0.00564431846149466,0.8656677451934478,0.9010682432581532,0.6241225309782534,-0.002506657203453403,-0.005417688264044139,0.0003746160266830815
walk_dark,left_controller,20.0,6,0.004323595420962483,0.0048161790292253195,0.0030080539231564256,0.003997108127222104,0.004012113973079756,0.004012317300218249,1.2746882658706988,1.831574858192678,0.6499583490473562,-0.001591167877623173,-0.006645593601920389,0.0015901591353280771
walk_dark,left_controller,40.0,3,0.0015975118581940556,0.004850085138715732,0.0019355015269130493,0.0028801231368626723,0.0028869800934147073,0.002889860411775189,0.4393604935988805,4.542738612761427,0.6566162967503811,-0.0018539839618180991,-0.007817131493336179,0.0022181728823523436
static_easy,left_controller,10.0,12,0.003570834705421742,0.0047074416651670704,0.003964440905355848,0.005404771359596671,0.005518227460496665,0.005426152498914388,0.6178463490867899,0.5682265656889742,0.587699397311379,0.0017426339349315685,0.0018673338013985952,0.0002788390968523745
static_easy,left_controller,20.0,6,0.0021915924337076913,0.0030734630912536767,0.00282126458157109,0.0035979701019939413,0.0036627509022842328,0.003604078128851687,0.5978650381824024,0.8059217124540103,0.8168609391817838,0.0010244030497373374,0.0021043835221113377,-0.00019530600764595284
static_easy,left_controller,40.0,3,0.000857268317247472,0.002624422845704086,0.001348358154315423,0.0025708343478074037,0.0026212748885007862,0.0025745067485181588,0.15420279427078307,1.6662089565407026,0.45312163733633337,0.002153954586178789,0.0009414552464752344,0.00013465656266043678
static_medium,left_controller,10.0,12,0.005356851963551253,0.004495881892792443,0.0034267921906528274,0.007856667653258985,0.0076432047927776255,0.007740429837926817,0.4766306001018918,0.27414469119226076,0.22226172430226573,0.003367564842938652,0.004455456132055107,0.0005438699778107022
static_medium,left_controller,20.0,6,0.0037909687168426096,0.0035207643438095303,0.002710376106715222,0.0050731860606905025,0.004969265032820438,0.0050073383900956945,0.7167839513540789,0.5718695171570117,0.3543096370650057,0.0028904895564972233,0.002615678052418036,0.0008247991651702052
static_medium,left_controller,40.0,3,0.00398020591462947,0.000682967202232969,0.0018730960100010435,0.0036007050579645633,0.003538950006811747,0.0035445950463493365,2.0311671855743434,0.048309160797267596,0.4740649262694526,0.0037322385859011476,0.0021228186765469533,0.0017162528497454957
static_hard,left_controller,10.0,9,0.010920336813128899,0.013086604463759319,0.008947651812364569,0.012066883342658631,0.011734474486531508,0.012041906181688017,1.0465519271209185,1.0824451012943777,0.6717145944723901,0.002162863555174481,-0.003815006200227756,-0.0032929880022352664
static_hard,left_controller,20.0,4,0.008822138462111806,0.00835095852026226,0.007434381518808837,0.008197940879939797,0.007878471090267859,0.008172231385767103,1.5124388195896443,1.506292323192558,1.2929023556547257,0.006750517891855387,0.007714169243490505,0.0006245575213626276
static_hard,left_controller,40.0,2,0.006652766597836452,0.006520540032707897,0.0002460689212932816,0.005617356538920849,0.0053616814963873445,0.005556357447404852,2.828020893381242,2.9974960776823316,0.00395351012598727,0.019958299793509365,0.0195616200981237,-0.0007382067638798432
walk_easy,left_controller,10.0,11,0.005959842080338285,0.0032226920595191974,0.007343193631634952,0.006358100957009052,0.006406262127361318,0.0064359687945710585,0.9279353433653321,0.3599402158456487,1.0127956902799233,-0.005040839456648084,0.0006285686565270925,0.001080042274818909
walk_easy,left_controller,20.0,5,0.0057536103341893925,0.003117621492866512,0.0040949074123001715,0.004254194425150526,0.0042761615007462506,0.0042888806438952775,2.516896291806943,0.5779616212593153,1.4359634786183377,-0.008720560861251586,-0.00011644408356073874,-0.0020942243777533755
walk_easy,left_controller,40.0,2,0.003177077759528998,0.002199824341735554,0.0020176882429592084,0.003049130421338789,0.0030682567994080564,0.003073535893650666,2.1958085320513523,1.0443533035340538,0.8768398911362092,-0.008653762019544273,-0.0028418472721897826,-0.0024814049446092883
walk_medium,left_controller,10.0,12,0.00735952242650717,0.013657197679299286,0.008569504402500847,0.008006553875914826,0.008362248162815961,0.00845036885477889,0.9221313640197564,1.6077677338520637,1.0426476894667087,-0.005178554473210704,0.0029838668925273367,-0.003114940724276179
walk_medium,left_controller,20.0,6,0.003948858427480671,0.008933988651886094,0.006117096787997851,0.005631614271933742,0.005870990664801564,0.005883173815895863,0.7069130466356721,2.325866853948564,1.1690849099176461,-0.006398965322417675,0.003680458627384658,-0.004697492427990122
walk_medium,left_controller,40.0,3,0.0037723620539278423,0.0025459278771465116,0.003051830169973797,0.003929890757563931,0.004093820314726336,0.004102676117252048,1.8589598632881894,0.6260917774937693,0.7115386723021603,-0.004774060192519814,0.003229711236683319,-0.0019115778873971308
walk_hard,left_controller,10.0,10,0.018726622509590785,0.01659135410353346,0.009920828387691415,0.012355175446901673,0.012824941569416094,0.012942926976150468,2.080495532143795,2.335610922542894,0.7762732141337723,0.014239296447120303,-0.003249309855777971,0.016574884643064117
walk_hard,left_controller,20.0,5,0.012049980829965539,0.008206628033149652,0.008148901508951386,0.008840932206095092,0.009203078604135568,0.009198540631179346,1.8244850653575155,0.8949219666938416,0.917118275527338,0.0067945299763202075,-0.008421571519549623,0.015168227524810373
walk_hard,left_controller,40.0,2,0.005555993600583954,0.0004517349705035682,0.0073041521408468806,0.006033299508963282,0.006310040776535058,0.006224869875930893,1.959361261898461,0.011377768661357073,2.9662231286005425,0.007401524358930551,-0.0010916181731635737,0.016431185673760066
static_dark,right_controller,10.0,12,0.0027237855997373746,0.0035790423288019984,0.003568177408604093,0.00408143979224264,0.004047554043205297,0.004071255156921869,0.5626077399797504,1.1589894413312314,0.9345316257888928,0.00026999408980447735,0.0037706134590864337,0.0001604935640622891
static_dark,right_controller,20.0,6,0.0008859079787862047,0.002808164773409407,0.002746740727082775,0.0028692756745000935,0.0028459302236582117,0.0028633546128045595,0.1708144215222432,1.3768662044944109,1.146345081901646,0.0005908455223589169,0.0037877018453188684,0.0003737196004539059
static_dark,right_controller,40.0,3,0.0009305612432478464,0.0018789385626120354,0.0010022098279446573,0.002005890673419545,0.0019856607522136067,0.0020024120080709795,0.4159660795571546,1.1589235777094968,0.5026182226049569,0.0001956500721565055,0.0034319532989888274,0.0003880259196337461
walk_dark,right_controller,10.0,12,0.0037967313961590576,0.004157326187951034,0.00450484663228052,0.005222700619050284,0.005271977898047986,0.005273941477372313,0.7997502945166081,0.7556170084527184,0.8791698071941423,-0.0005840117271598843,0.0004996968153509335,0.002696627870879154
walk_dark,right_controller,20.0,6,0.0029295537304559562,0.002911782074904713,0.003302239597175326,0.0036334921093833083,0.0036540900530467094,0.003658181974305237,0.7489650208902497,0.8049869766701778,1.2391074277364496,-0.00016740556890622492,0.0017482320008089254,0.0016994304302628232
walk_dark,right_controller,40.0,3,0.002031756550656521,0.0015679279765153386,0.0008598637423395082,0.002675422434426839,0.0026810086406422674,0.0026991262601152276,0.8121756839851003,0.5632957730416677,0.17095432472779992,-0.00035348206072954944,0.0012088198552810305,0.0018356250214250176
static_easy,right_controller,10.0,12,0.004414180846865617,0.006759563725255814,0.005895816681185904,0.005744935748300268,0.005822285597079756,0.005811058203014515,0.9168841913219142,1.2339801202707976,1.271022309252404,0.0015422039102666054,0.005569663945200931,-0.00045623392712367835
static_easy,right_controller,20.0,6,0.0026085287722117387,0.005961907842660974,0.0033406094578909157,0.004006980467585393,0.004058677539311936,0.004057646290792219,0.5419855837338748,1.6555451589689276,0.8457332907555898,-0.0004093316725925049,0.005881369815225085,0.00011900397569794948
static_easy,right_controller,40.0,3,0.0005248423188024756,0.004384235757624031,0.001895901242745993,0.0028713104508887623,0.0029096162311071324,0.002906336624645803,0.045144355882737804,2.9964134036870904,0.7610844105071851,0.0004944478019577828,0.008071533113975456,-0.0014578315542316065
static_medium,right_controller,10.0,12,0.003956725471389529,0.0038058402455876743,0.005215595888349959,0.006467394988388774,0.005869212994232482,0.006377489390804733,0.4446980303609891,0.47881257859695103,0.6090772869023534,-0.0008109171611609835,-0.0032979144422622167,0.0013546433757658136
static_medium,right_controller,20.0,6,0.00249222876085473,0.003225724793885084,0.00277611089108658,0.004478090805444296,0.004084027203897579,0.0044495557857384405,0.4230689778079316,0.798010243438133,0.48508169187624695,-0.0008515066637656531,-0.003299617168879843,0.0014351871379987263
static_medium,right_controller,40.0,3,0.0013577450780771303,0.0031475902190759805,0.002381124351206517,0.003131769582816197,0.00285228706771962,0.0030986407197623606,0.2833991787117373,1.8810909967021576,0.939655865116789,0.00023710030482313845,-0.0038601402481684066,0.0018865638179384504
static_hard,right_controller,10.0,9,0.016735051009508294,0.007183782484937579,0.013075893652037558,0.012795294997451445,0.010646979880742794,0.0133875387744233,1.7881778001101456,0.5602415616233423,1.0813959143127816,0.010618134344108288,-0.0015861303939997042,0.005328700390321233
static_hard,right_controller,20.0,4,0.013172719596350834,0.0033707666659935,0.009614395118739195,0.00874023171235189,0.007212077838592032,0.009081797602061226,3.141198019228172,0.23878332144875317,1.4347194231091815,0.01174755539987546,-0.0014890075613722812,-0.0060428559395708185
static_hard,right_controller,40.0,2,0.002063823750718654,0.001999366649847144,0.0037470673793991863,0.006118842710052228,0.004983521570065751,0.006261801406581018,0.23148545205398652,0.3220860411306147,0.7180017151434188,-0.0061914712521559615,0.005998099949541434,-0.011241202138197563
walk_easy,right_controller,10.0,11,0.004448440730872885,0.003412890275897533,0.005546583174177949,0.00602384602715065,0.00606786417344058,0.006123830002118563,0.45271988860552514,0.3288228205148327,1.1748560944407778,0.0006751442140011194,0.001813776347239209,0.0008190606990188077
walk_easy,right_controller,20.0,5,0.003955392612305137,0.003080302272329299,0.003993435446732665,0.004083523481462043,0.00413862619168153,0.004145232338691742,0.8604518408349159,0.598897074276726,1.0415297559006118,0.0009622531800313626,0.0025446411294251453,0.0032558701453379232
walk_easy,right_controller,40.0,2,0.0010007978687047064,0.00554807710216508,0.003935464725335597,0.0030409892985691824,0.0030781463497332926,0.0030826862751793943,0.21738656922286648,6.532433863351574,3.2778870120401837,-0.0002956413919261892,0.006583836070123576,0.007042259321616148
walk_medium,right_controller,10.0,11,0.008726967329114306,0.007813595802840948,0.006043122471405836,0.008249292998136818,0.008096660699866044,0.00890202859565275,0.8169052000565324,1.2642294040354904,0.5913494986424109,0.004102962315846085,0.00404953383960417,-0.00549922463974906
walk_medium,right_controller,20.0,5,0.0029889602561874616,0.006190965320938595,0.00583740479449524,0.005752335739322127,0.005773681392959251,0.006269065357813189,0.26354768680854374,2.199991502787327,1.2517805129847004,0.004516591554032925,0.004411558613468913,-0.007592402311797224
walk_medium,right_controller,40.0,2,0.0013197761971797594,0.0006856316940557642,0.00397013102395757,0.004066119565569709,0.004117992897396571,0.0044203569705885785,0.21735933711697747,0.05700042643022195,1.6183369977778754,0.003962853920401929,0.005943119782404822,-0.009064580332725593
walk_hard,right_controller,10.0,9,0.032287974092087564,0.023182801346922275,0.009196479568721008,0.01639236430178554,0.016980512127637546,0.01871987915408616,2.9044979880386275,2.057286015688751,0.32499897760027363,0.03632662008682083,0.011094821828564166,0.0029388809066955286
walk_hard,right_controller,20.0,4,0.015909396405554378,0.008512795337984144,0.0096264122922041,0.011530279561915545,0.011849501596399943,0.013088290851713431,2.0443106705574556,0.6549533960474858,0.7379834662545708,0.022531339102442434,0.007519332192152409,-0.0032327364083011524
walk_hard,right_controller,40.0,2,0.011534424274254853,0.004608691271008195,0.003092784872885156,0.007786580598499898,0.007954921967542213,0.008815110613246743,4.944418969139611,0.7172768272463359,0.2570454941493684,0.03460327282276459,0.013826073813024592,-0.009278354618655468
