rec,ctrl,n,b0_x,b0_y,b0_z,b0lo_x,b0lo_y,b0lo_z,b0hi_x,b0hi_y,b0hi_z,b1_x,b1_y,b1_z,b1lo_x,b1lo_y,b1lo_z,b1hi_x,b1hi_y,b1hi_z,K00,K01,K02,K10,K11,K12,K20,K21,K22
static_dark,left_controller,237,0.0017252309397865514,0.0017038167172028565,-0.008591428694048178,-0.0016938160915384384,-0.0016040699681840582,-0.011737190891862913,0.005138329961693738,0.00491698618827446,-0.0059761063690523565,0.002260505702081751,0.003005802970300581,-0.007563822959891613,-7.385196937400866e-05,0.0006942664996091953,-0.010038096615363827,0.004257668992080946,0.005366026449323493,-0.004834388966351846,0.00978574503839073,0.004304122095128802,0.0017227051545314084,0.005083889329303715,0.012014611178789138,-0.0003325176676015069,-0.0011528085680251796,0.003203662324209529,0.002653999419884825
static_dark,right_controller,240,-0.007309235346324684,0.008857554989664583,-0.00034575782874631325,-0.011487195340166442,0.006622332033862271,-0.002814997574510379,-0.0037147360459617767,0.01171229248486861,0.002745458873220384,0.0035019982713476792,0.005720286129242614,-0.004328709124031332,0.0022733730898988067,0.0041378381325685686,-0.005284578125584926,0.0058383884406322415,0.006960400081523131,-0.0027376444341256165,0.012725929589406788,-0.0037552384219798184,-0.0031538923163065636,-0.004936785777077562,0.007033295515643601,-0.005597989595887685,0.0006779385211209245,0.004393627438496991,0.007784467108610177
walk_dark,left_controller,237,-0.003610022289238822,-0.004569730353916916,-0.009007438929982821,-0.00693228529306164,-0.009195013079285795,-0.011988526920616778,-0.00031221562457938937,-0.0013153762399735962,-0.006249556924167453,-0.0017625763005477892,-0.002396639855059406,-0.00754473317819259,-0.005065084763723444,-0.005664080295779494,-0.010114809949999191,0.0011089904277477988,0.00029847791723298635,-0.005433343332468437,0.010686203531573391,0.003208566380728479,0.0012712896896430624,0.005551807196474072,0.009919674350597615,-0.004482991973652274,-0.003982565034644635,0.005465409416803787,0.0008539532954343898
walk_dark,right_controller,233,-0.005625258822067835,0.0065526770377117745,-0.002195607896824496,-0.011941424063776051,0.0041507710714425465,-0.00635151522447876,-0.0006137346860431737,0.00900537455653682,0.0004908224314234876,0.0028137508891752055,0.0031438227206867283,-0.005115147271879579,0.00028463625502067586,0.00010897031685004464,-0.007666669866381266,0.0047435177581550214,0.0052315543917883,-0.001945178703516701,0.013637658633136387,-0.004948461466514609,0.0006293637608817066,-0.006302119811964932,0.0049881835783226105,-0.0056515459938067045,-0.0010562494799347616,0.004388603147809241,0.0076135804961149755
static_easy,left_controller,237,-0.0005235599613111598,-0.0048488612274221205,-0.009021595698126675,-0.0032459120555825656,-0.007828030075540388,-0.011170039316719742,0.0018137495944184558,-0.002082327774240683,-0.006826432653694884,0.0003322525671610126,-0.0019464354368194652,-0.008064184267380833,-0.0016213862105347778,-0.004406933636372366,-0.011525943359122923,0.0022471503341367923,0.0019376693264881806,-0.005382855604408893,0.008273655898575323,0.005537283619171595,0.0014942349082895723,0.007460559332986747,0.009141285309756107,-0.0008997399349201863,-0.001279396063612853,0.002446073889075332,0.0016786619823826337
static_easy,right_controller,225,-0.007788818059827182,0.011230206982874974,0.0032277532352602036,-0.011684130756722184,0.006862547330185991,-0.0013692376195802924,-0.0018532273477315172,0.01551425566377844,0.009534388999165172,0.005029040521833059,0.006968535697570917,-0.0039396812780563,0.0007967273733011587,0.004227178860173236,-0.007252823836103109,0.009262433821869755,0.010316318221540742,6.0303185618398996e-05,0.01254824175773257,-0.006002293790515949,0.001291837330812484,-0.0029159034625733447,0.006084548983815538,-0.005621949946437773,-0.00018181854287405535,0.005833703815932932,0.008142181046689569
static_medium,left_controller,237,-0.0020346748049250574,-0.004459945260099213,-0.0014808053691895964,-0.005363209232715353,-0.007581965335112833,-0.0038118807322926004,0.001955776066070247,-0.00030196746032507926,0.000993626228854448,-0.0003713598762468155,-0.0025441706673376132,-0.007299759784528132,-0.0036668991973235992,-0.005463681059528968,-0.010268603704886765,0.0025194514880029434,0.0005030979515952123,-0.004812804438208161,0.009226902320171133,0.004799463224055732,0.0007600808102995523,0.004246395388104508,0.010292921676541004,-0.0009233904848016468,-0.0011718555776137896,0.0031371279954452505,-0.0012249756777259024
static_medium,right_controller,241,-0.00022480115020975845,0.011020121754969778,-0.005096477743946889,-0.004775739752168083,0.007682948020778874,-0.007769446044547301,0.0040707914850018345,0.014146781636434902,-0.0027765615595693144,0.002598726068397559,0.00436961288461181,-0.00226367945009137,-0.0004729554367552906,0.0010893500558554559,-0.0035580928384951293,0.005138919342330787,0.007052016924818246,-0.00023237022345319686,0.01144854064909947,-0.004273842034204071,0.0030469785679512274,-0.00508124910538118,0.005842405466428073,-0.007388627485111126,-0.003052969494534618,0.010350569865822399,0.004514649379417103
static_hard,left_controller,195,0.005375128227257611,-0.0008004190113725489,-0.007543522884938185,-0.001412801470154474,-0.01064541694303666,-0.013700643222819556,0.013651286805002208,0.006359422082912274,-0.00044467249378835115,0.0014086610325680842,-0.00340912880384187,-0.00946620150588904,-0.005957603909341518,-0.010449435164313335,-0.019034815430261885,0.010250989011403663,0.006261564597594115,-0.004087609910660016,0.003723008593157945,0.00457599804354469,-0.00485137635665008,0.00045350439827903256,0.005997442518910776,-0.009487205078167088,0.0021296818204356244,0.013292329137522676,-0.00132174200486918
static_hard,right_controller,194,0.00916342515448999,0.015025604307952845,-0.0018122221549115945,0.000111265949158253,0.011418619841019552,-0.011202628776841838,0.01919526396925019,0.01876430413936337,0.007988409316546262,-0.006640607625722978,0.002484523387623924,0.005461243330149434,-0.024154972364841574,-0.00442304418955656,-0.003126300230822718,0.006580206274008498,0.008895559800749197,0.01662404277622072,0.008109382609825187,-0.006996172779663761,0.004511537822648855,-0.001326882658263366,0.004277432544227394,-0.01918480099727969,-0.0056582491798333225,0.024488515832916103,0.001030833623508992
walk_easy,left_controller,226,-0.005913909342607085,-0.011306746558616524,-0.010832627174644562,-0.009871388763664758,-0.014807622712640653,-0.014831095987880927,-0.0007736712809454419,-0.007198738553881673,-0.006741261611890544,-0.0009051379152483488,-0.002659485514814407,-0.009086721918866607,-0.0037696846160238822,-0.0040722848818626495,-0.012066671484541675,0.0034933239388520764,-0.0007761168799109179,-0.006201947806192674,0.007630617959224253,0.0053565369398858,-0.0014970525187461533,0.003449056186712592,0.008276946752500788,-0.0018312559675477441,-0.0009128647512788491,0.0017937700692612665,0.0009033704573917238
walk_easy,right_controller,201,-0.008499276916162668,0.010837185122765436,0.0031778209164687954,-0.013755531590693999,0.007975073020474836,-0.001128212562302157,-0.004731200789782544,0.013927541156146249,0.008002587800335872,0.004295164867276486,0.0015291909916381134,-0.003991340014864078,0.0007785011087026813,-0.0023533553893487166,-0.0078036039119059,0.007100268631381791,0.005030852602136783,0.002434563553572067,0.012953283437734563,-0.0028700323683425347,-0.0019274754050795865,-0.008307392523380567,0.006621612577118195,-0.0028402425245730696,-0.0002805254033385711,0.005620588942811787,0.006645675861451806
walk_medium,left_controller,237,-0.014193966438900835,-0.01551883658550483,-0.011936464619105807,-0.019195196202758988,-0.022721850846920015,-0.017684929048340473,-0.009227199783306196,-0.0065074456241139165,-0.006208040839208824,-0.008223991167113472,-0.005615079553089233,-0.005669793236782261,-0.01140337798300236,-0.010884312666368523,-0.010142199304842682,-0.003647728688020055,0.0021180393653896707,-0.0016181600818962433,0.007119174587714549,0.0017006523736793192,-0.0067349104053987165,0.0059497956646641145,0.00895471330288772,-0.0045645314661069926,0.002580590240315183,0.0076651347114471535,-0.0004296460097649831
walk_medium,right_controller,221,-0.019858949335191108,0.021719985070469745,0.007934539206366942,-0.029838154691081958,0.01608799204222298,0.00012970274185849747,-0.010064914735419386,0.028731991477065663,0.015280981456193688,-0.001668446666836129,0.002288325528742732,-0.00147268876947107,-0.0073528891408196064,-0.003501782021356242,-0.00702058673625774,0.002999072977539905,0.009025801525572842,0.003414490629480735,0.010428622048825536,-0.0029306209507825977,0.0049681438062123655,-0.007771874214526416,0.004797892001901479,-0.004313094986321582,-0.004550068062934586,0.01022561249469531,0.004899951934659382
walk_hard,left_controller,192,-0.00526895260209846,-0.0003413281482284687,-0.00571371164149676,-0.023425250220656463,-0.01813270242228701,-0.013232244890649794,0.0097581928611108,0.011838633601641748,0.007087580780947177,-0.0006999414197278593,0.005094977072127678,-0.009922410963620648,-0.01161007706267543,-0.004881955580495807,-0.012960850666234367,0.008362811587959906,0.01244249456989333,-0.0048205625313616106,0.006053152917147978,0.007486106982267397,-0.008435425721875243,0.004857396678271804,0.006866846674390782,-0.011663670522429608,0.005874315295694099,0.014326571637439119,0.0008297776554114435
walk_hard,right_controller,190,-0.008349998034336264,0.0083958445076803,0.0011640462534039608,-0.033901253596819725,-0.004173020140599004,-0.010471355904015697,0.003892629086041562,0.021342209927701132,0.0103395506251681,-0.006065277952252506,0.007640632536326722,-0.007050897361249488,-0.021489795800044474,-0.0010664319998525624,-0.016200067889150967,0.003876784810046348,0.01630048073429431,-0.00041229028658876774,0.011133511283315332,-0.004578267094112321,0.001892893816480247,-0.004564511030541501,0.004964924797163417,-0.019500875295191237,-0.003995837657448729,0.019995319566228204,0.0037289945296099586
