variant,T_s,scope,n,median_deg,mean_deg,p90_deg
V0_factory,0.022,all,4000,0.5637751921242182,0.8283918137363055,1.741816964737493
V0_factory,0.022,static_dark,500,0.35412757215004026,0.5146207223739205,1.0446246193207038
V0_factory,0.022,moderate6,3000,0.46432543847443025,0.6583225203220363,1.400365307619695
V0_factory,0.044,all,4000,0.7201269096543075,0.9919047958340343,2.0469986010893337
V0_factory,0.044,static_dark,500,0.47806281265191386,0.6672901616420763,1.467393893119424
V0_factory,0.044,moderate6,3000,0.6001372443775724,0.7935691961365929,1.6111687057048545
V0_factory,0.1,all,4000,0.9544484194977152,1.269345479173563,2.431193791019613
V0_factory,0.1,static_dark,500,0.5971452445662124,0.7350438172646454,1.3835767107370662
V0_factory,0.1,moderate6,3000,0.8131167441582154,1.0064049965469177,1.8931185057074817
V0_factory,0.3,all,4000,1.3063420695224341,1.6714982329913577,2.916512158025473
V0_factory,0.3,static_dark,500,0.8765356731495639,1.0400728614104118,1.8245555159850104
V0_factory,0.3,moderate6,3000,1.1452301152837188,1.3306624700081144,2.394773185340321
V0_factory,1.0,all,4000,1.8713650757100444,2.4596217483885674,3.828265206019028
V0_factory,1.0,static_dark,500,1.3896493436990993,1.5492685745191275,2.633921981167436
V0_factory,1.0,moderate6,3000,1.6898030016190515,1.9047973239241778,3.1244134187379813
V1_const_bias_only,0.022,all,4000,0.562840048528188,0.8280954829438296,1.7457720638072767
V1_const_bias_only,0.022,static_dark,500,0.3571536843652816,0.514086357703593,1.0457225322640684
V1_const_bias_only,0.022,moderate6,3000,0.46538386129143516,0.6578657526813477,1.3993688338263937
V1_const_bias_only,0.044,all,4000,0.7192820430093332,0.9917027333683225,2.0482788879133045
V1_const_bias_only,0.044,static_dark,500,0.4696022456536798,0.6672052934454914,1.474352176958854
V1_const_bias_only,0.044,moderate6,3000,0.6014694485699779,0.7933134695954852,1.613984597830487
V1_const_bias_only,0.1,all,4000,0.9485021498283092,1.2658929142971411,2.4344623462944277
V1_const_bias_only,0.1,static_dark,500,0.5889154703975576,0.733149643697831,1.3776025383868402
V1_const_bias_only,0.1,moderate6,3000,0.8129428153146105,1.0022813257697845,1.8862955738824858
V1_const_bias_only,0.3,all,4000,1.2920045396380961,1.655366235969552,2.9105747574959238
V1_const_bias_only,0.3,static_dark,500,0.843339527919021,1.0273380161485435,1.8433151572912365
V1_const_bias_only,0.3,moderate6,3000,1.1243213890800094,1.310525410300216,2.395572563834287
V1_const_bias_only,1.0,all,4000,1.832948814633321,2.4150378785980355,3.7673529275434277
V1_const_bias_only,1.0,static_dark,500,1.3633603335022664,1.532110477489236,2.539738273721083
V1_const_bias_only,1.0,moderate6,3000,1.6403516111011065,1.8596518906359063,3.055329937639252
V2_const_bias+K,0.022,all,4000,0.5559804411023505,0.8189644762688345,1.7190799668913075
V2_const_bias+K,0.022,static_dark,500,0.352139808598183,0.5105279448606792,1.0448116823301168
V2_const_bias+K,0.022,moderate6,3000,0.4565942705269352,0.6523051247263769,1.396473032416567
V2_const_bias+K,0.044,all,4000,0.6996948288191611,0.9738889644947769,2.014189561550421
V2_const_bias+K,0.044,static_dark,500,0.47626862598951364,0.6622553647953673,1.44213154803128
V2_const_bias+K,0.044,moderate6,3000,0.5848874483060678,0.7818496296135654,1.5818974949878517
V2_const_bias+K,0.1,all,4000,0.8930688851531117,1.202798435441225,2.3008038573620735
V2_const_bias+K,0.1,static_dark,500,0.5718481128065944,0.7075079842104312,1.3312072237486043
V2_const_bias+K,0.1,moderate6,3000,0.7612488975741225,0.9537268995963758,1.8491773099824873
V2_const_bias+K,0.3,all,4000,1.113444411940685,1.4706542671440836,2.492728306565231
V2_const_bias+K,0.3,static_dark,500,0.7141064722274884,0.9079053474707403,1.7350730952159221
V2_const_bias+K,0.3,moderate6,3000,0.9842856215758821,1.1517626466025446,2.131850240272541
V2_const_bias+K,1.0,all,4000,1.2107228695982926,1.820727848914076,2.7461865304386506
V2_const_bias+K,1.0,static_dark,500,0.9315198882325253,1.1014576502015425,1.9374817246997875
V2_const_bias+K,1.0,moderate6,3000,1.0767027813324763,1.298058341509841,2.1985877994532763
V3_K_only,0.022,all,4000,0.5578483744857339,0.8190460529399435,1.7190554217777965
V3_K_only,0.022,static_dark,500,0.35449778195621917,0.5109501729292443,1.0383411903172566
V3_K_only,0.022,moderate6,3000,0.459723568363188,0.6524578342609064,1.394168921491959
V3_K_only,0.044,all,4000,0.7005245906397881,0.973954843031355,2.0053832065420805
V3_K_only,0.044,static_dark,500,0.47266924712547653,0.6623604191815569,1.451552110973371
V3_K_only,0.044,moderate6,3000,0.5829771366960748,0.7818747066533771,1.587680513698109
V3_K_only,0.1,all,4000,0.8939476510916734,1.2040833023080517,2.2933931023108047
V3_K_only,0.1,static_dark,500,0.5617742871645548,0.709361690459992,1.3163057102247155
V3_K_only,0.1,moderate6,3000,0.7609303226327992,0.9553703608879982,1.8429627985163977
V3_K_only,0.3,all,4000,1.1248807077502825,1.4786766946282477,2.520118732039507
V3_K_only,0.3,static_dark,500,0.7440353613149054,0.9212347676006121,1.7470701740208083
V3_K_only,0.3,moderate6,3000,0.9822692926927978,1.1616126684320014,2.1252529491046
V3_K_only,1.0,all,4000,1.2594616062609936,1.8637787996183866,2.766818241239723
V3_K_only,1.0,static_dark,500,1.0282790691540522,1.1528651073791985,1.9453739665338847
V3_K_only,1.0,moderate6,3000,1.1409239925212455,1.3512593741129566,2.2384529339931634
V4_timevarying_bias+K(10s),0.022,all,4000,0.5568209633616321,0.8190550679842364,1.7184704398394501
V4_timevarying_bias+K(10s),0.022,static_dark,500,0.3509340083488772,0.5101098108219388,1.0415899364332113
V4_timevarying_bias+K(10s),0.022,moderate6,3000,0.4567612284133683,0.6522711010459888,1.3917336630852204
V4_timevarying_bias+K(10s),0.044,all,4000,0.6979568097715545,0.9743963318483866,2.006120686534432
V4_timevarying_bias+K(10s),0.044,static_dark,500,0.47065493684556564,0.6627412089432396,1.4353989850175604
V4_timevarying_bias+K(10s),0.044,moderate6,3000,0.5832661215412651,0.782513323381879,1.5893385968423246
V4_timevarying_bias+K(10s),0.1,all,4000,0.8930183501735582,1.2060982611924351,2.295368623883778
V4_timevarying_bias+K(10s),0.1,static_dark,500,0.572382019884994,0.7081491731256179,1.3338971378008355
V4_timevarying_bias+K(10s),0.1,moderate6,3000,0.7635878651457615,0.9549558173757244,1.8414748688489186
V4_timevarying_bias+K(10s),0.3,all,4000,1.1145502045464601,1.4739417380193605,2.523817781540092
V4_timevarying_bias+K(10s),0.3,static_dark,500,0.7311675813866709,0.9055222651528276,1.6749509959980784
V4_timevarying_bias+K(10s),0.3,moderate6,3000,0.9838135867310781,1.1536918430639205,2.1237536537197252
V4_timevarying_bias+K(10s),1.0,all,4000,1.2425021605043374,1.8450399990548738,2.7779600138821237
V4_timevarying_bias+K(10s),1.0,static_dark,500,0.9711568869334245,1.107838686293215,1.977481044361656
V4_timevarying_bias+K(10s),1.0,moderate6,3000,1.0979389275226001,1.3150338979031388,2.205087970197137
V5_single_bias+K_all_recs,0.022,all,4000,0.5568259299047467,0.818967764630605,1.716736816410354
V5_single_bias+K_all_recs,0.022,static_dark,500,0.351488172240245,0.5104549542047635,1.0456140192585395
V5_single_bias+K_all_recs,0.022,moderate6,3000,0.45657889717777156,0.6522645196309992,1.392120235076415
V5_single_bias+K_all_recs,0.044,all,4000,0.7004000550326164,0.973886489471901,2.007030088425499
V5_single_bias+K_all_recs,0.044,static_dark,500,0.47556631356580165,0.6621658661659262,1.449757827448492
V5_single_bias+K_all_recs,0.044,moderate6,3000,0.5842178991312534,0.7817237780343773,1.5833820112792034
V5_single_bias+K_all_recs,0.1,all,4000,0.8907589847383026,1.2027748553186461,2.303330552034189
V5_single_bias+K_all_recs,0.1,static_dark,500,0.5714085167039836,0.7081458071519924,1.3231531134475443
V5_single_bias+K_all_recs,0.1,moderate6,3000,0.7643999796350505,0.9538812910626827,1.8437615136180503
V5_single_bias+K_all_recs,0.3,all,4000,1.1134494509443673,1.4702230271987182,2.500601401650314
V5_single_bias+K_all_recs,0.3,static_dark,500,0.7164197664273367,0.9076046570040353,1.7320690757826744
V5_single_bias+K_all_recs,0.3,moderate6,3000,0.9848950767675855,1.1512992735052683,2.1390506570794283
V5_single_bias+K_all_recs,1.0,all,4000,1.2068499962089705,1.8179220996689018,2.7533060434086494
V5_single_bias+K_all_recs,1.0,static_dark,500,0.9263949600029698,1.0965537329034618,1.9091713635139747
V5_single_bias+K_all_recs,1.0,moderate6,3000,1.0658055867705873,1.2956290778513335,2.200929288202981
