rec,ctrl,W,t_center_s,n,b_x,b_y,b_z,se_x,se_y,se_z
static_dark,left_controller,10.0,5.0,20,0.0014397472435528826,0.006784191395560798,-0.006312617934993258,0.005998182267268566,0.006109429847744856,0.005832311464627194
static_dark,left_controller,10.0,10.0,20,0.007689676225287505,0.008927879511983164,-0.006908620443493826,0.005371795057253362,0.005357940532918349,0.005142611995015526
static_dark,left_controller,10.0,15.0,20,0.006189506918399958,0.005945549694899858,-0.008679821541605284,0.004599996009085472,0.004695112178734324,0.0043505510008318635
static_dark,left_controller,10.0,20.0,20,-0.003306315583704856,0.00392324963298478,-0.012284541173534468,0.0039135165190063706,0.0038662833834819197,0.003650355821577914
static_dark,left_controller,10.0,25.0,20,0.0009193459067939743,-0.001131526098588416,-0.00902837095606272,0.005371842106575818,0.004996887446158395,0.005088568633508607
static_dark,left_controller,10.0,30.0,20,0.01681128406011425,-0.002116838408392512,-0.004414422331305007,0.005961859460595297,0.0059182832571168294,0.005931458998558661
static_dark,left_controller,10.0,35.0,20,0.0062904710570797304,6.596113381404037e-05,-0.006331189340416053,0.0063997297456244665,0.006415113511809147,0.006249103319243199
static_dark,left_controller,10.0,40.0,19,-5.186578974007118e-05,-0.001776425828150195,-0.006209848317874607,0.0049388466254511295,0.00489157916678941,0.0048789874027628756
static_dark,left_controller,10.0,45.0,19,0.0017599775327146036,-0.0060468339130153835,-0.005575769107699741,0.005224032066405519,0.00520253384058865,0.005202156066695528
static_dark,left_controller,10.0,50.0,20,-0.0032660205799827334,-0.0032499810785803504,-0.009500386753372494,0.007273496932627932,0.007105962254209031,0.0070908509633560955
static_dark,left_controller,10.0,55.0,18,-0.005206426082374531,-0.0021921596889677153,-0.011154154907464468,0.005612227949194279,0.00537682831874744,0.005352014533648333
static_dark,left_controller,10.0,60.0,18,-0.005211138556636613,-0.0028215856707098606,-0.005323233891361078,0.004055906226047635,0.00407629841765809,0.0039626308018920016
static_dark,left_controller,10.0,65.0,20,0.0021371976141058594,-0.0001891778483459586,-0.0032479468604894716,0.0042858572399597315,0.004330701144794967,0.004180555051228072
static_dark,left_controller,10.0,70.0,20,-0.0006763215421514932,0.004678148057854549,-0.003008966820652932,0.004385607575227154,0.004548166575517815,0.004287172559332468
static_dark,left_controller,10.0,75.0,20,0.00018956691588101345,0.0030231074417813916,0.0016131050529575803,0.004395269626489151,0.004500413502572185,0.0042936349585781354
static_dark,left_controller,10.0,80.0,18,0.0034778881782023914,0.004174237951444014,-0.0005979919991156838,0.00454243653226139,0.004504036182840167,0.004511229357518369
static_dark,left_controller,10.0,85.0,18,-0.0013320576509832137,0.004566748137604291,-0.005122075703289783,0.004832912965654923,0.004673758598180958,0.00481779444152807
static_dark,left_controller,10.0,90.0,20,-0.002864134765353407,0.001259963180566666,-0.007423498967747166,0.005615502020140792,0.005264407713732869,0.0054988346369512255
static_dark,left_controller,10.0,95.0,19,0.004196097759883146,0.0005312292503323653,-0.00513870639095052,0.007365610274490076,0.007097634158050202,0.007185853730912113
static_dark,left_controller,10.0,100.0,19,0.0029713900157070515,-0.0037719652667958857,-0.004980369265599008,0.004771110334484377,0.005034641307631793,0.004776176033235593
static_dark,left_controller,10.0,105.0,20,-0.0027776809988085635,0.005580995360065427,-0.01699918853850501,0.006563769117499059,0.006764997339974935,0.0066995708347810535
static_dark,left_controller,10.0,110.0,18,-0.00852533482353876,0.007155546760194607,-0.03140492638009153,0.007474613120746115,0.007547846284393268,0.007633034217396576
static_dark,left_controller,10.0,115.0,18,-0.004112990899597007,-0.004782511633129316,-0.01952600419916965,0.007939701238305466,0.007813642123788829,0.007968761457255929
static_dark,left_controller,20.0,10.0,40,0.0037310230452334576,0.006344745544025452,-0.007512906852905023,0.0040535285706054395,0.004116506694537122,0.003893410749507794
static_dark,left_controller,20.0,20.0,40,0.0021474485997344233,0.006253465700006872,-0.007276412884753055,0.0032859757216528386,0.0032550658916827885,0.0031121795244017977
static_dark,left_controller,20.0,30.0,40,0.00604894015561255,-0.00014660058907362168,-0.007791930383027782,0.004150879578010642,0.004060150794985718,0.004047437462233573
static_dark,left_controller,20.0,40.0,39,0.003945608351318383,-0.003127472203801102,-0.005946064120513673,0.0043135722545847395,0.004309902977109197,0.004253668660876136
static_dark,left_controller,20.0,50.0,37,-0.0014844501887436477,-0.004162550937248731,-0.008252512410590551,0.0037571060225424263,0.0036732157911197015,0.0036647058713072324
static_dark,left_controller,20.0,60.0,38,-0.0013156386832628949,-0.001148042969836307,-0.007050854593887428,0.003267421643826449,0.0032185610768933667,0.003153470947394217
static_dark,left_controller,20.0,70.0,40,0.0011661965150897937,0.0013612488716962345,-0.0008561982310623412,0.002931452861375345,0.0029813881536554236,0.0028614941270467312
static_dark,left_controller,20.0,80.0,38,-0.0006430503476431854,0.003831673088368246,-0.0016215573382034462,0.0032349147622402815,0.0032200256091897547,0.003191065761537688
static_dark,left_controller,20.0,90.0,37,0.0012831181049516999,0.0026394151290777927,-0.005254544041426712,0.0038387469189614678,0.003707179782630998,0.003787270441053632
static_dark,left_controller,20.0,100.0,39,0.0005791586656149295,0.003139562720445117,-0.011129683467243563,0.004447395030272845,0.004430727665756808,0.00443762612893006
static_dark,left_controller,20.0,110.0,38,-0.0034104871648695375,0.00033743071812433745,-0.018330531057682002,0.0050000207619243725,0.005037402669847319,0.0050614419287029816
static_dark,left_controller,40.0,20.0,80,0.005288381159019255,0.003899350670360686,-0.007856472729832266,0.0028888138424458913,0.0028796725819244086,0.0027945035191021877
static_dark,left_controller,40.0,40.0,77,0.002271599435272936,-0.0021649438258645026,-0.008056505281198084,0.0029090793520488295,0.002844965675947102,0.0028368759045725787
static_dark,left_controller,40.0,60.0,77,-0.00017739930714070755,-0.001421144695888877,-0.004467886356857492,0.002268771871497239,0.002263021153162022,0.002213832235346704
static_dark,left_controller,40.0,80.0,77,0.0011965812905717968,0.0019872617596274574,-0.002890963091994443,0.0023577105809727823,0.0023389920589113097,0.002312881340010414
static_dark,left_controller,40.0,100.0,75,-0.0010096867741058032,0.0016382700713931542,-0.011523342704130005,0.003291358550301877,0.003243981928538517,0.003287887873160216
walk_dark,left_controller,10.0,5.0,18,0.003299980864230542,-0.002828176832536154,-0.006224979461383204,0.004045864809677766,0.003986295922450568,0.003942420451241548
walk_dark,left_controller,10.0,10.0,19,-0.004689273063876809,-0.002251140531239982,0.0014084374554322082,0.005319727819557705,0.005266511529950445,0.005318100017463854
walk_dark,left_controller,10.0,15.0,20,-0.0007661886586135883,0.0017984407592350777,-0.00928369161610368,0.006022155663726194,0.006099857068979936,0.006171697031908536
walk_dark,left_controller,10.0,20.0,20,-0.0028215267851231826,0.002731775886283214,-0.018532192701402828,0.006538565760844609,0.006699858207965281,0.006653061990336125
walk_dark,left_controller,10.0,25.0,19,-0.007678296756083979,0.003138242082057421,-0.01254272643203539,0.006557577583436494,0.0066357246783466245,0.006691145697772748
walk_dark,left_controller,10.0,30.0,19,-0.0017510120578765587,0.00452688769604411,-0.01195698410889771,0.004855012126271263,0.004803994839158059,0.004965858431473778
walk_dark,left_controller,10.0,35.0,20,-0.003046900539502132,0.002272996823029172,-0.012603549924868045,0.0040108874607902,0.003998255813108067,0.0039773855328525815
walk_dark,left_controller,10.0,40.0,20,0.0035859980190593717,-0.004348707329355772,-0.002479997155938858,0.005517780811580117,0.005508990171064991,0.005481249330859111
walk_dark,left_controller,10.0,45.0,20,0.008536230944179428,0.005838720516451828,0.0002560441179695252,0.005423829294533833,0.005475790268020946,0.005623466891291939
walk_dark,left_controller,10.0,50.0,19,0.010348431793953831,0.005243611870579174,-0.0023137800633184656,0.006992493237387922,0.007013284130039398,0.007302121811782231
walk_dark,left_controller,10.0,55.0,18,0.004899362079098604,-0.0007412425264342239,-0.004703993615870484,0.006777138501497229,0.006675758014935578,0.00693516638049948
walk_dark,left_controller,10.0,60.0,19,-0.004526995874154845,-0.005272539473336448,-0.010888573815858948,0.00473055960084293,0.004892985792667298,0.004901706769814204
walk_dark,left_controller,10.0,65.0,20,-0.008160877861265148,-0.0021144482101678125,-0.0034933432048670334,0.005570846232326309,0.005748338731666636,0.005851756331098448
walk_dark,left_controller,10.0,70.0,20,-0.014769770299516533,0.003920406958516103,-0.012966100599451438,0.006797219407331592,0.00670863674853755,0.006706413311473487
walk_dark,left_controller,10.0,75.0,20,-0.0012467097454124778,0.002735370940304587,-0.011587617402050106,0.006486606498268646,0.006492183820211821,0.006414592421612506
walk_dark,left_controller,10.0,80.0,16,-0.001582679938879454,-0.005778780028156439,-0.0040339131828268935,0.009680722663695499,0.009553526507598033,0.009617328469534203
walk_dark,left_controller,10.0,85.0,16,-0.0010952655490963584,-0.0026015681119573838,-0.010122690638720271,0.005018815588488627,0.005047113946547414,0.004995239237388772
walk_dark,left_controller,10.0,90.0,20,0.003921629907933374,-0.0028620244536835746,-0.008050274195972231,0.0035658754043766524,0.0035008657681999044,0.003397994888839211
walk_dark,left_controller,10.0,95.0,20,-0.0015433274939588974,-0.0053621106547248444,-0.0038192124773994834,0.005595296352749377,0.005585869257217021,0.005370095851201967
walk_dark,left_controller,10.0,100.0,20,-0.006319020054582406,-0.007879334419706067,-0.001617981888393287,0.006543887949499172,0.0065316904775217215,0.006454323783106563
walk_dark,left_controller,10.0,105.0,20,-0.0030645694159319717,-0.006647875777878074,-0.00464204686509559,0.004237107692765615,0.004228999246564281,0.004434748726635738
walk_dark,left_controller,10.0,110.0,20,-0.004203006292408046,-0.00225291037475067,-0.010409823154427318,0.005127435861076654,0.005155585404169789,0.005084681408672725
walk_dark,left_controller,10.0,115.0,20,-0.00951917238925255,-0.016347227631481963,-0.011896050295578674,0.007517645473534966,0.007553888727559035,0.007324106984431651
walk_dark,left_controller,20.0,10.0,38,0.0011784887354606075,-0.00045643468380125295,-0.007706739726321582,0.0038690869402689004,0.0038675415755719824,0.003868640404334844
walk_dark,left_controller,20.0,20.0,39,-0.003975277802970994,0.0024167653118701282,-0.010736477230201467,0.004456630174555449,0.004513326932058974,0.00455790528382427
walk_dark,left_controller,20.0,30.0,39,-0.005226212511673892,0.0027350907156750703,-0.012517174179873103,0.0036883209661307437,0.0037028707471816677,0.0037068681729899664
walk_dark,left_controller,20.0,40.0,40,0.0022262483303363305,0.003897559335668447,-0.006874249129826168,0.0034132173889857647,0.0034226644826494718,0.0034563853078939063
walk_dark,left_controller,20.0,50.0,38,0.0066572846731093645,0.002543669295015461,-0.002240568808471089,0.004447515242346161,0.004438487001627829,0.004582069954654311
walk_dark,left_controller,20.0,60.0,38,-0.005174603106498164,-0.0008589944672602982,-0.00498597906669747,0.004098689875051969,0.004085425950304759,0.004202736004016914
walk_dark,left_controller,20.0,70.0,40,-0.004632304443344213,0.000482821330291097,-0.007834588437878029,0.004435779260690689,0.004506103117662368,0.004516132096687705
walk_dark,left_controller,20.0,80.0,36,-0.0007517143146743727,-0.0021833616309706386,-0.009848903944476817,0.004519181930780315,0.00448226592163771,0.004474181628905897
walk_dark,left_controller,20.0,90.0,36,-0.0013846221474827676,-0.004099357252361661,-0.0066028126746426555,0.0037043571002310857,0.0037114037583297977,0.003614530845670252
walk_dark,left_controller,20.0,100.0,40,-0.001689672265980393,-0.005984851295024477,-0.00437361618489721,0.0032167745618059615,0.0032142019938110685,0.0031914707677112805
walk_dark,left_controller,20.0,110.0,40,-0.005340129249303182,-0.011157111178237781,-0.008206396117758669,0.0038375892536650414,0.0038462776381048953,0.0037856623269724205
walk_dark,left_controller,40.0,20.0,77,-0.0019415984217585921,0.0011029926540696185,-0.010033068898568979,0.0027640875001186723,0.002769439877662666,0.0027709311929561033
walk_dark,left_controller,40.0,40.0,77,-0.0009997379171747746,0.002908579972559321,-0.008158266866348352,0.0029408101338207664,0.0029239781153932733,0.0029723588037010853
walk_dark,left_controller,40.0,60.0,78,0.000545055416607975,0.0014662037607112138,-0.005365361220244313,0.003163711042438294,0.0031876554612582124,0.0032385263667473333
walk_dark,left_controller,40.0,80.0,76,-0.00443313157900244,-0.002944186466219515,-0.006870295092758346,0.002924161678842142,0.0029137690669055203,0.0028935910761017786
walk_dark,left_controller,40.0,100.0,76,-0.003314874860541591,-0.008999176615434593,-0.0069800999814434075,0.002712570868031051,0.002703844941323244,0.00266012367562213
static_easy,left_controller,10.0,5.0,20,0.0026171168723293473,-0.00314735129615338,-0.0059381437926464475,0.0037005708583701365,0.0037115970995977355,0.0036547429497921836
static_easy,left_controller,10.0,10.0,20,4.064658874536167e-05,-0.008467798559090793,-0.003236712967836651,0.005782365278443577,0.005738204542318287,0.005707658961300236
static_easy,left_controller,10.0,15.0,20,-0.004366300163460442,-0.010879720671564676,-0.004639503178643228,0.006762632961390221,0.006887514007216455,0.006627152753459628
static_easy,left_controller,10.0,20.0,20,0.001985082298951125,-0.001993090639217837,-0.00784981750930671,0.006633082572677629,0.006587874253505657,0.006407171290375224
static_easy,left_controller,10.0,25.0,20,-0.0011196272635944865,-0.005100343058329062,-0.00894378330125554,0.005546594501500594,0.005541295714452625,0.005613690069811786
static_easy,left_controller,10.0,30.0,20,-0.001089403252121699,-0.007115560020311371,-0.01005351018550862,0.004942579426849959,0.00499037294675955,0.005002086619947376
static_easy,left_controller,10.0,35.0,19,-0.004106446112021264,-0.0028210705663590206,-0.009909500117470571,0.0033395101321200375,0.003379480959592987,0.0033453383178136233
static_easy,left_controller,10.0,40.0,19,0.00023377076743141804,0.0038940477187824453,0.0005148459377811265,0.006058914366971752,0.0061259137004770845,0.005974266495097155
static_easy,left_controller,10.0,45.0,20,0.004357212179682178,0.008046191831644,0.0015931203627447023,0.00674453713014415,0.006915004356829845,0.006767452065533583
static_easy,left_controller,10.0,50.0,20,0.0023381940684740017,0.009729117806516547,-0.00523579786854389,0.0052657873592194485,0.005664639872806788,0.005456520581640266
static_easy,left_controller,10.0,55.0,20,-0.0010356181613462058,-0.0024522076915111865,-0.008157654158056077,0.005880350829604739,0.006191415108057499,0.006047050395108683
static_easy,left_controller,10.0,60.0,20,-0.0022438692312764653,-0.007665755031726684,-0.00544893530909376,0.003806367950132387,0.0038910743997050815,0.0038720270274305844
static_easy,left_controller,10.0,65.0,18,0.003940539234465138,-0.003785926839645695,-0.006600069692837592,0.00298732427188741,0.0030150701916374146,0.0029969865224518666
static_easy,left_controller,10.0,70.0,18,-0.004163490507821033,0.000367083186627341,-0.011681419885733992,0.004215134778047424,0.004351082172317729,0.004274207520059611
static_easy,left_controller,10.0,75.0,20,-0.0021575843823786888,-0.00022620467704987345,-0.006098425689723247,0.0068424799803725395,0.007142952940329849,0.00690315307748617
static_easy,left_controller,10.0,80.0,20,0.0010660870200206406,0.0016291973091086924,-0.009197345560754404,0.007155031623374343,0.0074737438709066364,0.00724851844031803
static_easy,left_controller,10.0,85.0,20,-0.0016509301989042556,0.003005996016593319,-0.014913269070916325,0.00569095704681073,0.005975582849310982,0.005719771167520148
static_easy,left_controller,10.0,90.0,19,0.0046171712439778525,-0.0028621805873048885,-0.004558894570162375,0.007655332156903682,0.007637271340732002,0.007426085189115279
static_easy,left_controller,10.0,95.0,19,0.006390395112728956,-0.0076746146675718465,-0.0035291301561246723,0.00886576713005664,0.008917305226125686,0.009091820698015644
static_easy,left_controller,10.0,100.0,20,0.000987752185290397,-0.010181431567900013,-0.0005681829744424889,0.0074037740207411416,0.007832416196218227,0.0078039549577372455
static_easy,left_controller,10.0,105.0,20,0.005543411862956998,-0.003341034812172416,-0.0024830167630871926,0.003990122078079973,0.0040151413278140275,0.00390874857890422
static_easy,left_controller,10.0,110.0,20,9.123048408657204e-05,0.004066923178374787,-0.007594931610700021,0.004393018949208874,0.004466552411640713,0.004356795899623562
static_easy,left_controller,10.0,115.0,20,0.0017446328256781579,0.0011334207531928002,-0.004407070548021403,0.0045064093948228795,0.004526369744994868,0.004437923391075117
static_easy,left_controller,20.0,10.0,40,0.0022161073486243834,-0.007018909449473053,-0.004799537468142875,0.0035965847771958575,0.003585300089046393,0.003491783772337117
static_easy,left_controller,20.0,20.0,40,0.0002739808086569516,-0.007987850327496071,-0.006264187434754997,0.004347742197273403,0.004325269409749556,0.004272979002390756
static_easy,left_controller,20.0,30.0,39,-0.002595411103859443,-0.0039930713314480625,-0.009441540416838114,0.0031296929865234956,0.00314656656768136,0.0031513982830883164
static_easy,left_controller,20.0,40.0,39,0.00026850641278061287,0.0004209247020743913,-0.0035527061127429756,0.0031814493613179637,0.003206824228783737,0.003137962428586894
static_easy,left_controller,20.0,50.0,40,0.0016107875491220027,0.002936574191798444,-0.0031815454514326127,0.0040134346987281445,0.004169402260355979,0.004076227019388034
static_easy,left_controller,20.0,60.0,38,0.0007193309026815457,-0.0021791172600116905,-0.004639415625669726,0.0027084992036756736,0.002824734194691213,0.0027809834075507335
static_easy,left_controller,20.0,70.0,38,-0.001518546785047617,-0.003886223788085459,-0.009208026093827922,0.0030139737762879294,0.0030802579835556335,0.003046269981577266
static_easy,left_controller,20.0,80.0,40,-0.0019366145707018633,0.0013393882780364363,-0.010491554997515737,0.00436111827943442,0.004565814135739361,0.004391369724465847
static_easy,left_controller,20.0,90.0,39,0.002262959536010655,-0.002193144946845833,-0.00955530093438116,0.00504899839509505,0.005194164793980999,0.005122698580793653
static_easy,left_controller,20.0,100.0,39,0.0016303384122797505,-0.006053989504618255,-0.0036436629905574505,0.004790720090475369,0.004900162048554525,0.004904300717802796
static_easy,left_controller,20.0,110.0,40,0.003480058657734573,-0.0009327068585364483,-0.0035629870586220747,0.002785135978133168,0.002800813719085029,0.0027360911359257346
static_easy,left_controller,40.0,20.0,79,-0.00023990991278003025,-0.005476955680313903,-0.007095255766388457,0.002469872730344502,0.0024727480553835878,0.002442001429704633
static_easy,left_controller,40.0,40.0,79,-0.0007683995640779666,0.00033553524655427925,-0.005790766109024881,0.002497508582197489,0.0025614741608101775,0.002528319765105344
static_easy,left_controller,40.0,60.0,78,0.0001886548166752942,0.0009493362748352716,-0.0038791656938377776,0.0024211269199540513,0.0025064604139565195,0.0024423392788503907
static_easy,left_controller,40.0,80.0,77,0.002422356523826996,-0.0026609734512806496,-0.007255868584168169,0.0027603024316608937,0.002831236446865211,0.002783341399674679
static_easy,left_controller,40.0,100.0,79,0.0017546363535654703,-0.002409609253937713,-0.006138276924382754,0.0028215033931236577,0.002884616196162251,0.0028391795369994526
static_medium,left_controller,10.0,5.0,18,-0.006259128835469012,-0.0058315929805371645,-0.0024515345068869985,0.005779137699497636,0.0057783819675003316,0.005306070141656201
static_medium,left_controller,10.0,10.0,18,-0.0053758878390822926,-0.007738645661995459,-0.005404308831097429,0.007170208798925093,0.007350550102601832,0.006758879547778341
static_medium,left_controller,10.0,15.0,20,-0.004441235866460613,-0.0031855693577749087,-0.005013028303346331,0.006703435144567611,0.007079920177351294,0.006930341838749621
static_medium,left_controller,10.0,20.0,20,-0.012144355459266959,-0.009001754600175814,-0.010589077810660971,0.006817972517760052,0.006960445364427421,0.006694578874314055
static_medium,left_controller,10.0,25.0,20,-0.00591034231992649,-0.005694002717989376,-0.009999086349727652,0.008711178864735006,0.008612792180641865,0.008310492799910982
static_medium,left_controller,10.0,30.0,20,0.006802706962323882,-0.004085264121474452,-0.0034645142764098574,0.007536994335541186,0.007525646351881018,0.00744945714380655
static_medium,left_controller,10.0,35.0,20,0.004807089781814778,-0.008918749081327578,-0.00616751459488997,0.009270745231167133,0.008952721809197173,0.00920816824073793
static_medium,left_controller,10.0,40.0,20,-0.001182759626655141,0.004220066765659237,-0.00740309104877925,0.0076046507114098,0.0075090459105861766,0.00729872636649258
static_medium,left_controller,10.0,45.0,18,-0.0071793113688123885,-0.003912781125260317,-0.005853484782354675,0.005920207552523866,0.005828616012110197,0.005579238544950109
static_medium,left_controller,10.0,50.0,18,-0.004085991672132753,-0.009525537303669908,-0.007111494848166521,0.007017889547060591,0.007147503654867521,0.0068349031344306175
static_medium,left_controller,10.0,55.0,20,-0.004862891652497923,-0.006615956291026104,-5.653112263712904e-05,0.009161626384737836,0.009272677750002596,0.009165286658679122
static_medium,left_controller,10.0,60.0,20,-0.010702187889648202,-0.0007727919994120403,0.0003902840756648698,0.009253286446374947,0.008274706856154702,0.009145574266146789
static_medium,left_controller,10.0,65.0,20,-0.0020185186100751917,-0.00031270726847563556,-0.009583942553629796,0.007706404814009084,0.006985991458200453,0.007377272085122197
static_medium,left_controller,10.0,70.0,19,-0.004487495699172037,-0.01050129428972741,-0.007179025271271948,0.00814497411102758,0.008277407610951755,0.007592938315284008
static_medium,left_controller,10.0,75.0,19,-0.014658899428330522,0.0022194693775905126,-0.012172013601498978,0.008930761238385418,0.008346451466044442,0.008490574210365833
static_medium,left_controller,10.0,80.0,19,0.002582117150185514,0.008642697604347278,-0.013291149313003719,0.009186030108988585,0.008231837946671958,0.00891751828796961
static_medium,left_controller,10.0,85.0,19,0.004449454955494892,0.007712932910483581,-0.00784212284875192,0.015323858505023668,0.014469872277408783,0.01497638153773579
static_medium,left_controller,10.0,90.0,20,-0.0063823031851791496,0.007951983869413768,-0.0054943452443478105,0.008752293058980197,0.009252998962519195,0.009925710386512016
static_medium,left_controller,10.0,95.0,20,0.0012245862328288076,-0.0018854979041723924,-0.002796149203514397,0.004733330787544253,0.004984753751774167,0.005306717298634005
static_medium,left_controller,10.0,100.0,20,0.006523366490356287,-0.008702752607110476,-0.0010531286157048252,0.004618071680906456,0.004422763424055747,0.004584718366950262
static_medium,left_controller,10.0,105.0,20,-0.00032999259606006956,-0.005023294963402012,-0.0044975382545580705,0.004288536569545565,0.004042155534023266,0.0042222508460812
static_medium,left_controller,10.0,110.0,20,-0.0010190832190922604,0.00010892790470918385,-0.006208033320559615,0.005391040799918054,0.005011213478562553,0.00524742661675816
static_medium,left_controller,10.0,115.0,20,0.0019571061118806984,0.002253389243179038,-0.0028807737914724654,0.007750789047370766,0.007364123129076947,0.008012363852498806
static_medium,left_controller,20.0,10.0,38,-0.005320907880616614,-0.004587082581860618,-0.003642264670689557,0.004410078472249345,0.004536627344696629,0.0042942330170760105
static_medium,left_controller,20.0,20.0,40,-0.005393578830557477,-0.004575475729424778,-0.007816360702254225,0.005303695089159325,0.005415589733146915,0.005257858900807614
static_medium,left_controller,20.0,30.0,40,-0.00024719386820911635,-0.0073763716224494215,-0.00791651732435314,0.006006701180457191,0.005865988562438961,0.005851137274183371
static_medium,left_controller,20.0,40.0,38,-0.0002321674983416193,-0.0026914032487018484,-0.0055300948298569125,0.005278831860641226,0.005220499306245163,0.005116227352951703
static_medium,left_controller,20.0,50.0,38,-0.006052478018671362,-0.005171734796248487,-0.0031841034709679116,0.005604025080437475,0.005591589443472713,0.005435268087070598
static_medium,left_controller,20.0,60.0,40,-0.003676313767579098,-0.0032259548011662744,-0.004806174146374844,0.005770690739581975,0.005528059723786827,0.005650257716629045
static_medium,left_controller,20.0,70.0,39,-0.007669747509211663,0.0008461356796591567,-0.010288435344404446,0.005759500412297663,0.005304079712992844,0.0054950694395163565
static_medium,left_controller,20.0,80.0,38,-0.004679588695107769,0.004874510824262706,-0.00980172446847465,0.007349849133957584,0.006906492877490981,0.007089216343110048
static_medium,left_controller,20.0,90.0,39,0.0021929115274867067,0.0023410236200125493,-0.005017059254334673,0.005008931858379794,0.005010655061684769,0.005288021791358067
static_medium,left_controller,20.0,100.0,40,0.0007893006350411056,-0.004381635166943963,-0.0031042391582686763,0.0031997914372898706,0.0031778878149665178,0.0033596220549317506
static_medium,left_controller,20.0,110.0,40,0.0009696093934580334,-0.0052117123761570025,-0.0029978549121305893,0.0036498793603215477,0.0035066500716367114,0.003680300731369768
static_medium,left_controller,40.0,20.0,78,-0.002476954774775113,-0.003924184573136519,-0.0056957992744388584,0.0036812428533788788,0.003712526861211537,0.003586059326635008
static_medium,left_controller,40.0,40.0,78,-0.0027688389126001647,-0.0042260763584465715,-0.005529592105587277,0.004140150129084152,0.004115310475201151,0.004023835477775864
static_medium,left_controller,40.0,60.0,77,-0.006825237864675614,-0.0022512639646282365,-0.0064398836022127,0.004067344014407678,0.0039059933127209715,0.003915137648002801
static_medium,left_controller,40.0,80.0,78,-0.0010937939729267312,0.0011794106563093702,-0.006906336416880739,0.0036877393587561543,0.003534484280932467,0.003699402113965493
static_medium,left_controller,40.0,100.0,79,0.0029059203985567516,-0.0030888969529362345,-0.002147005702549637,0.003053528306107134,0.002998329846502733,0.0031325881644102007
static_hard,left_controller,10.0,5.0,18,0.0019326705487856051,0.025930701665342663,-0.006331867122548067,0.017783724005654592,0.018787069793612474,0.018191304576444238
static_hard,left_controller,10.0,10.0,19,0.01884028724212128,0.01177669108513241,-0.005577116435684847,0.019382536022288985,0.019271028333971617,0.01979826275433653
static_hard,left_controller,10.0,15.0,19,0.004796327695283201,-0.013108828717218494,-0.006261728190021179,0.011065586716274061,0.010481668787958025,0.011358255314357276
static_hard,left_controller,10.0,20.0,20,-0.007850919059043176,-0.010819598577321045,-0.007966899617823096,0.011735068051853446,0.010512457001405793,0.011600957226324376
static_hard,left_controller,10.0,25.0,20,-0.015049197575491485,-0.016673871429736864,-0.013399437179812877,0.012439051317847886,0.011416683445966861,0.011725748483817876
static_hard,left_controller,10.0,30.0,19,-0.01388212757033498,-0.026383199425801356,-0.018705943797335606,0.010771040852490199,0.010442615433516602,0.009547026460870254
static_hard,left_controller,10.0,35.0,19,-0.004446840444998042,-0.01343595487983689,-0.01151312158227524,0.011494017343864009,0.011116192385266515,0.011156131446795328
static_hard,left_controller,10.0,40.0,20,0.0175576396371333,0.0007747144530730714,-0.015514805740372943,0.009327230755925868,0.009725892624395176,0.010470529712145873
static_hard,left_controller,10.0,45.0,20,0.01319764892200613,0.007638474527536437,-0.025090428999651273,0.011226257635677825,0.012118105090526674,0.012127707056706925
static_hard,left_controller,10.0,50.0,20,-0.013215649401354944,0.011324571810191596,-0.031577911907417294,0.014380766082871102,0.012862824562371205,0.013764650471052523
static_hard,left_controller,10.0,55.0,20,0.016781321799118024,0.00882922579681093,-0.020502890124669094,0.011225961663113479,0.009831914995012157,0.01083810118473157
static_hard,left_controller,10.0,60.0,20,0.01293895815963251,0.008534118228908271,-0.00981775045419217,0.010396768004947541,0.010051746358404568,0.0098315856306007
static_hard,left_controller,10.0,65.0,20,-0.0044504096662576105,-0.003949726523836914,0.005520138870225605,0.011990707602687771,0.010686800168677521,0.011252563548837404
static_hard,left_controller,10.0,70.0,19,0.006870716909606705,-0.004259602927932886,-0.003155918924031844,0.010863103068346739,0.010091505424725344,0.011169948648323236
static_hard,left_controller,10.0,75.0,19,0.01671245136220191,0.0010569558963196592,-0.009999340814768073,0.010240244617826907,0.009769865392979105,0.010396189298685245
static_hard,left_controller,10.0,80.0,20,0.008944969068021523,-0.00368539974508815,-0.00728971281689661,0.009410469086780223,0.009049340990536546,0.009357542202882747
static_hard,left_controller,10.0,85.0,20,-0.009477242713020965,-0.010371607960035424,-0.021946628500006976,0.011136399180981136,0.011401970318784233,0.011331154724816293
static_hard,left_controller,10.0,90.0,20,-0.0007851663895668797,-0.011448513895021894,-0.020063914737525078,0.012158962389458043,0.013830458990552285,0.013990804730674758
static_hard,left_controller,20.0,10.0,37,0.00745264861935192,-0.000990868148333865,-0.008980073670480513,0.00930885787376224,0.00926040422178161,0.009559632815705951
static_hard,left_controller,20.0,20.0,39,-0.004500607257339687,-0.01480042568465063,-0.010290358610156789,0.008300559832041868,0.007749047813365793,0.008171996141543035
static_hard,left_controller,20.0,30.0,39,-0.009342316420335044,-0.014978024854733773,-0.012416902491640926,0.008581826183995611,0.0080832589144188,0.008206452895130315
static_hard,left_controller,20.0,40.0,39,0.006012926331284456,-0.0019997975419467837,-0.01913301148827835,0.007827583173456845,0.008043850643368336,0.008060945334951181
static_hard,left_controller,20.0,50.0,40,0.014762547776185804,0.008373616807718677,-0.022847048432365895,0.00774220765885334,0.007560526529046927,0.007946382894298748
static_hard,left_controller,20.0,60.0,40,0.0066569822915922205,0.002741328831974643,-0.0077889156414705655,0.007995905528699679,0.007058971780413968,0.00761663919169871
static_hard,left_controller,20.0,70.0,39,0.007072771570621358,-0.0006193665204317447,-0.0022696248080499386,0.0071588718031479984,0.006609694695824101,0.006976456937933397
static_hard,left_controller,20.0,80.0,39,0.004580197014421478,-0.004767782694336472,-0.014912900430177813,0.007340697144323123,0.007233471672712488,0.0073929202752854705
static_hard,left_controller,40.0,20.0,76,0.0013978312424359311,-0.009664950349598456,-0.012717200943503478,0.005908937988522621,0.005718157909176853,0.005840957416247166
static_hard,left_controller,40.0,40.0,79,0.004478855216835166,-0.0018415504633135897,-0.018348313552824198,0.0054989265210322515,0.005280816760570052,0.005462481250671538
static_hard,left_controller,40.0,60.0,79,0.014703364438108836,0.003376129715817338,-0.013209338786090041,0.005325775089319077,0.005005205083597836,0.00527175747856254
walk_easy,left_controller,10.0,5.0,18,-0.006808853385243782,-0.00760132048549891,-0.003647857679203913,0.005358207683618577,0.005387879454287329,0.005389176887094056
walk_easy,left_controller,10.0,10.0,19,0.004626061132478174,-0.0011311603294338326,-0.0022699904949363063,0.0060094758379764445,0.006065795325848223,0.005972965602724967
walk_easy,left_controller,10.0,15.0,20,0.011540284985033617,-0.0027934783857659264,0.005903392292694936,0.006966419221757114,0.00716146724811966,0.006972849068721191
walk_easy,left_controller,10.0,20.0,15,0.008336300365928069,-0.008050982985987222,-0.010571937240232093,0.011103544284753963,0.01136798288000441,0.011182185903230437
walk_easy,left_controller,10.0,25.0,15,0.0016175155625008546,-0.006053737908135438,-0.021549939273412068,0.011213934946962807,0.011135460783987644,0.011251216013429018
walk_easy,left_controller,10.0,30.0,20,0.008065927839160323,-0.0020611674945159803,-0.004748363530590077,0.007760323049586832,0.007506623007053613,0.0076027893993013945
walk_easy,left_controller,10.0,35.0,20,-0.0002983331309308211,0.0016218925918611246,-0.00564840009387289,0.004802517039253893,0.004923857205133294,0.005013251916974077
walk_easy,left_controller,10.0,40.0,19,0.001418928751597555,0.0017240273719263599,-0.0056399613504379215,0.005239479623900757,0.005303855392566314,0.005403614798906884
walk_easy,left_controller,10.0,45.0,19,-0.00037657855294082076,-0.0038252397551622255,-0.012634597262898823,0.007401174151343758,0.007342440851729155,0.007356291120754922
walk_easy,left_controller,10.0,50.0,20,-0.0017208079147221652,-0.007565384123934458,-0.005487315225839005,0.006758336077135958,0.007060709303036616,0.007012390463633021
walk_easy,left_controller,10.0,55.0,20,0.0011069870289573465,-0.010885751673210396,-0.00025645334373429127,0.006342065560974303,0.006733603885982844,0.0068436041615856195
walk_easy,left_controller,10.0,60.0,17,0.0009082041550990271,-0.0056103860778885534,-0.007811280332128477,0.006143909824291444,0.0063385233923940925,0.006367439812723193
walk_easy,left_controller,10.0,65.0,17,-0.007502839288833614,-0.0027718228023345943,-0.002241423472043887,0.00622761740254835,0.006306963413124793,0.006157223587442718
walk_easy,left_controller,10.0,70.0,20,-0.013928913985179715,-0.005385291358437606,-0.008087370179356105,0.0065797625099199035,0.0067507383391552265,0.00659920203123955
walk_easy,left_controller,10.0,75.0,20,-0.012806153090618095,-0.004782431054594422,-0.004253246577658559,0.006369199278153071,0.006398692042786611,0.00638569706669755
walk_easy,left_controller,10.0,80.0,20,-0.004397980595675688,-0.004090400760479169,-0.005203262796622879,0.005473421661408545,0.0053306870174848,0.0055684558950038245
walk_easy,left_controller,10.0,85.0,20,-0.003932489218332731,-0.0030741222833022205,-0.010215754734111248,0.004423107991896473,0.004391169927150999,0.004471583719808262
walk_easy,left_controller,10.0,90.0,20,-0.0017658180774660116,-0.004775518063710174,-0.00842089122532831,0.004569159004014788,0.004537864797781417,0.004746392231296147
walk_easy,left_controller,10.0,95.0,20,-0.0017951858431129882,-0.006305678157721816,0.0040501542832216695,0.00594371240370553,0.0058711382492226735,0.00599471278483761
walk_easy,left_controller,10.0,100.0,18,-0.0024354557588193433,0.0029709239176270007,0.0025357004146011027,0.006099800935263376,0.0062629304292648015,0.006152589702074991
walk_easy,left_controller,10.0,105.0,18,0.0004675380957135501,-0.0009472950172944188,-0.005333919279889398,0.004891154846885704,0.004816210339449506,0.004960050412936626
walk_easy,left_controller,10.0,110.0,20,-0.0009815765825331108,-0.005471601087456174,-0.008106822875069543,0.005066055462772596,0.005132925301449273,0.00525990328212839
walk_easy,left_controller,20.0,10.0,38,0.008505969044696058,-0.005019646859163332,0.0037124533974942356,0.0037317236490494662,0.0037492977443889667,0.003667811769852425
walk_easy,left_controller,20.0,20.0,35,0.012376967400914238,-0.0040897452119722484,-0.005328549076406369,0.0061849119169529836,0.006158174333435299,0.006098317828706211
walk_easy,left_controller,20.0,30.0,35,-0.0015436561166613533,0.0020055197400083483,-0.007259394401405247,0.004654386215838312,0.004618293828810601,0.004638038647406373
walk_easy,left_controller,20.0,40.0,39,-0.0004135151185118287,-0.0009693570082284098,-0.009019646293629472,0.004152548448729881,0.004193350021382265,0.004236623181577222
walk_easy,left_controller,20.0,50.0,39,0.00024502655249237566,-0.00748321731773186,-0.006584216194890587,0.004588132378861716,0.0047099619384657464,0.004750001491438301
walk_easy,left_controller,20.0,60.0,37,-0.0026206191680332776,-0.007202457355525068,-0.0010651581111772463,0.004265478195343143,0.004432542749555125,0.004421428389773714
walk_easy,left_controller,20.0,70.0,37,-0.00943370786983489,-0.0035603345017738517,-0.006401280524107868,0.004605561664352748,0.00463602593418674,0.004640202971615722
walk_easy,left_controller,20.0,80.0,40,-0.007188110853081705,-0.0036550561896854013,-0.01004224166799569,0.003888221781806656,0.003874643293425187,0.003952766601441096
walk_easy,left_controller,20.0,90.0,40,-0.0024834005527259034,-0.0031454415131915523,-0.0054380497018326705,0.003691168217650385,0.0036672280578791956,0.0037483483391635695
walk_easy,left_controller,20.0,100.0,38,-0.00012118099445293913,-0.002132678639439653,-0.002541389388012409,0.003735558789693247,0.0036955016630171853,0.003799559455674033
walk_easy,left_controller,40.0,20.0,73,0.002007088959731667,-0.0011734485389011426,-0.0024855316018137243,0.0028629471937222806,0.002846286808706828,0.0028410966581704717
walk_easy,left_controller,40.0,40.0,74,0.001249456078337018,-0.002452312187531393,-0.008463915732030283,0.0032918476543782136,0.0033234337638016562,0.0033446642228108095
walk_easy,left_controller,40.0,60.0,76,-0.004347066559326328,-0.00557309722237225,-0.006520908087732142,0.003235313648955297,0.0032902267901092843,0.003305975129130861
walk_easy,left_controller,40.0,80.0,77,-0.0057426946272075225,-0.0032907949408317264,-0.005890317421701203,0.002859801067849725,0.002857741672591369,0.002892597862125848
walk_medium,left_controller,10.0,5.0,20,-0.0007923496686230872,-0.013917402305372062,-0.003362157145301286,0.007467585914246605,0.007800297303888354,0.00792302181552546
walk_medium,left_controller,10.0,10.0,20,0.0012456321739739015,-0.019165008011605957,0.0014667267820121302,0.00880417056789951,0.00889000065448457,0.008965576804717535
walk_medium,left_controller,10.0,15.0,20,-0.0027328919239656586,-0.0284636943531057,0.00448264540631849,0.011452358169190985,0.011160118050947654,0.01106770517588171
walk_medium,left_controller,10.0,20.0,20,-0.011881417980654046,-0.0033923361565464695,-0.014646993026549973,0.013837992314233546,0.013770694725288734,0.01258545785075345
walk_medium,left_controller,10.0,25.0,18,0.0009933896506469436,0.033642270506800374,-0.016576641417387288,0.012461697683044835,0.01244709256312173,0.011762372090185151
walk_medium,left_controller,10.0,30.0,18,-0.005238367975792106,-0.00023670112311471002,0.004240335206462739,0.009316803942507192,0.00926689076578215,0.009443462058702407
walk_medium,left_controller,10.0,35.0,20,-0.014881247777948367,-0.01284435505949267,-0.0012046692834591002,0.008134683082954838,0.008407531860106142,0.00790923597939992
walk_medium,left_controller,10.0,40.0,20,-0.010427461973784113,-0.009613820973078096,-0.011694872303695229,0.007816928978331342,0.009644583713220632,0.009057970582422517
walk_medium,left_controller,10.0,45.0,20,-0.004746691686517686,-0.008484009217882173,-0.01888185697501342,0.007666904020826895,0.009446976742138865,0.011263900891579108
walk_medium,left_controller,10.0,50.0,20,-0.002537763042172981,-0.008963909542147057,-0.027488779578467043,0.009497217509538301,0.009580604186813677,0.011085155708612541
walk_medium,left_controller,10.0,55.0,20,-0.0018979212702609106,-0.006859830588407062,-0.018625482820722555,0.0072685015871344506,0.00711578814018318,0.0072882950146529
walk_medium,left_controller,10.0,60.0,19,-0.0001433204928394726,-0.0019602066595912236,-0.007793628956702329,0.00494386879094812,0.004977138111987019,0.004843606896719806
walk_medium,left_controller,10.0,65.0,17,-0.00289011242346342,-0.005531625153924973,-0.004975668915724032,0.00682010020783593,0.0066616827950572235,0.006673744230634878
walk_medium,left_controller,10.0,70.0,18,-0.006483158820891079,-0.010893603816218646,-0.003960210665788069,0.009833571748241524,0.010069706298680625,0.010771463268366022
walk_medium,left_controller,10.0,75.0,20,-0.0005807581622508035,-0.005468732791096418,6.319466202841986e-05,0.0077411830633189885,0.008257835721650496,0.008584055437107295
walk_medium,left_controller,10.0,80.0,20,-0.0007452595814095235,0.003321404747528519,-0.005790151627247428,0.0051025856796922875,0.005329369161831849,0.005255680546537973
walk_medium,left_controller,10.0,85.0,20,-0.0020151565980149853,0.0002960622608595099,-0.0068274837119628486,0.004819236029150902,0.005013001882005921,0.004984143739636914
walk_medium,left_controller,10.0,90.0,20,-0.00622845379866423,0.0065166490099273725,-0.005197868350023254,0.006415871302224995,0.006310024509354405,0.006704513958455484
walk_medium,left_controller,10.0,95.0,20,-0.024676322869928897,-0.003973723270452471,-0.019958896248060663,0.008208525758678822,0.009049939503471858,0.00959016651844174
walk_medium,left_controller,10.0,100.0,19,-0.021447187054980752,-0.006091296379403935,-0.02319112566116513,0.008913986619960948,0.010086875873542685,0.0104366834601674
walk_medium,left_controller,10.0,105.0,19,-0.0135565001832875,-0.00715610724712168,-0.01605031930169905,0.007627563878944851,0.00800263644713784,0.007670470726322336
walk_medium,left_controller,10.0,110.0,20,-0.008552266455998084,-0.008040548519649743,-0.006991511262169268,0.007367614986302238,0.007363665156066601,0.006856935659232978
walk_medium,left_controller,10.0,115.0,20,-0.008597143131890023,-0.0076399055625647055,0.00048301352977238483,0.006410307115649794,0.006984076944082288,0.006687314637979247
walk_medium,left_controller,20.0,10.0,40,-0.0017862851238622268,-0.021504340795414918,0.0010795570064339455,0.006487943293166239,0.006544524755815412,0.006561464187384516
walk_medium,left_controller,20.0,20.0,38,1.6894315207103424e-05,-0.003930762266209596,-0.0037481058427663214,0.008765102642212329,0.008631018923424839,0.008385790162548043
walk_medium,left_controller,20.0,30.0,38,-0.0077885327551885705,0.007508107647873153,-0.008025825472404031,0.007184853094106194,0.007320823689906437,0.00689481652746929
walk_medium,left_controller,20.0,40.0,40,-0.008805894926148968,-0.010225235452307973,-0.0070176372666707326,0.0051585323970416205,0.005821248981332747,0.006014534979236103
walk_medium,left_controller,20.0,50.0,40,-0.0033532880857388633,-0.007523781282731885,-0.018621247239744423,0.0052651482049672965,0.005731822897638607,0.0061870857804947246
walk_medium,left_controller,20.0,60.0,37,-0.0019164679325992038,-0.006335080066586401,-0.012022930197493903,0.005094451071677095,0.004993329848604765,0.005051842519166112
walk_medium,left_controller,20.0,70.0,37,-0.001985015052118006,-0.005380012801702987,-0.0028329352437923725,0.0054425066258802285,0.005587743407647261,0.005673748727637002
walk_medium,left_controller,20.0,80.0,40,-0.0015471705739490492,-0.0012757563834669785,-0.005214040253832277,0.004241963780168456,0.0043796651473263564,0.004450760097158879
walk_medium,left_controller,20.0,90.0,40,-0.010929185829244927,0.0013221246111789044,-0.009786930727395575,0.004243653412505601,0.00452035563680285,0.004688595643051303
walk_medium,left_controller,20.0,100.0,39,-0.019371648652402276,-0.00530862454317808,-0.017677814621606436,0.0053308490734367735,0.005743511797816714,0.005774961809663876
walk_medium,left_controller,20.0,110.0,39,-0.011031076101809858,-0.0072039915084886885,-0.007823252924455279,0.005165581000976887,0.005520673600998819,0.005293332029338348
walk_medium,left_controller,40.0,20.0,78,-0.003997039822661661,-0.008978209020110924,-0.0030403891427059036,0.005018291608991779,0.005086372646296132,0.004955453373943321
walk_medium,left_controller,40.0,40.0,78,-0.005781485110065361,0.0005674066434660958,-0.01175228602824123,0.004166593527626667,0.004398133049154847,0.004436172132622744
walk_medium,left_controller,40.0,60.0,77,-0.002355717557580687,-0.006476506294618692,-0.010035064470347587,0.0035413475316998805,0.003748829069683949,0.003915730799358743
walk_medium,left_controller,40.0,80.0,77,-0.0075860695413541976,-0.001062829071378871,-0.006561215184392309,0.003187444037356578,0.0032960255423123896,0.003377332970811437
walk_medium,left_controller,40.0,100.0,79,-0.011051514594550265,-0.0027802391015495746,-0.008821887710292253,0.0032300331320001324,0.003446259228198925,0.0034368441784540793
walk_hard,left_controller,10.0,5.0,20,-0.05467859098778994,0.011147973197727382,-0.01367726054159891,0.016408949452834075,0.01783318116261544,0.01620019596514929
walk_hard,left_controller,10.0,10.0,19,-0.02336445111456033,0.019317308431197274,-0.02598881581930564,0.01764170542340443,0.01854427572947895,0.019392603191792805
walk_hard,left_controller,10.0,15.0,19,-0.01589628497284869,0.026829442427960284,-0.030205723818006586,0.01462078830175512,0.01461489099410413,0.01522262899457434
walk_hard,left_controller,10.0,20.0,20,-0.015437751789398654,0.00016141199346047554,-0.01149410078156143,0.012763877975513878,0.01312256946556054,0.012301607931412821
walk_hard,left_controller,10.0,25.0,20,0.013574427903669539,0.002209657787228649,-0.016812834502108794,0.012111385837748286,0.012836925592344702,0.012149141855375162
walk_hard,left_controller,10.0,30.0,20,0.021684079914530825,0.0014636053213391287,-0.040543313931070316,0.013439412957174596,0.013574957285673766,0.01392434884235472
walk_hard,left_controller,10.0,35.0,20,-0.012479311706581548,-0.02443488929646751,-0.03233614832342527,0.011572201752396061,0.010526949757145344,0.010361875122307032
walk_hard,left_controller,10.0,40.0,18,0.004017990043823367,-0.00934769823481938,-0.01659264546619932,0.009407950344459863,0.009368024915269803,0.00859150936064373
walk_hard,left_controller,10.0,45.0,16,0.0006507379595324383,-0.005924198830086878,-0.007302744595293175,0.007963212989393979,0.00896705072474362,0.008889859015540005
walk_hard,left_controller,10.0,50.0,18,0.003810057942962226,-0.003376632060615368,-0.003116937564075807,0.005286014712620638,0.006534462843096873,0.006944805016840092
walk_hard,left_controller,10.0,55.0,18,-0.001750867997511006,0.026562843340952193,-0.005443510173467732,0.00851256676870905,0.009420396042015312,0.010560052628676625
walk_hard,left_controller,10.0,60.0,18,-0.00164472713151735,0.026407151175377612,-0.012695202192323648,0.011326255106981332,0.01065397604944253,0.013127243764506904
walk_hard,left_controller,10.0,65.0,20,-0.007888882215338608,0.011904634785810561,-0.010370283050463974,0.013201195421336125,0.013781427495365811,0.016843398687589953
walk_hard,left_controller,10.0,70.0,20,-0.0036981790639830903,0.005268839552434377,-0.010266569350768463,0.015275439848165179,0.0189437932170463,0.015768139553783745
walk_hard,left_controller,10.0,75.0,20,0.01205505365311617,-0.010523182789982186,-0.010539988431494455,0.010397494224987798,0.011199430531156806,0.009361265772969536
walk_hard,left_controller,10.0,80.0,20,0.01753355140606414,-0.002614919409684904,0.000705733200383943,0.011360921695931971,0.011094789842853569,0.009994783216635467
walk_hard,left_controller,10.0,85.0,20,-0.018175554027432837,-0.01490204308269715,-0.006596799542445716,0.017396163550577225,0.0176324653969396,0.017076373005346902
walk_hard,left_controller,10.0,90.0,20,-0.014681458271975433,0.013228962618721737,-0.0007524540711924309,0.01687969087788603,0.01668491255142953,0.018950847553228234
walk_hard,left_controller,10.0,95.0,18,0.004667115868617372,0.015433627427419697,-0.0004626241774542718,0.011367796169279012,0.011436697997730167,0.01276447871397584
walk_hard,left_controller,20.0,10.0,39,-0.028064226079560915,0.017207667647587258,-0.023329134232703018,0.010673005630379739,0.01110955870955116,0.010809109436690152
walk_hard,left_controller,20.0,20.0,39,0.0006569715537555315,0.013902861683947438,-0.02201112816312549,0.010794595004001288,0.011144344291351941,0.011002680769928237
walk_hard,left_controller,20.0,30.0,40,0.006812701308306281,-0.007152579792097557,-0.02125140901921327,0.009474138964234876,0.009607121740992897,0.009155415605612883
walk_hard,left_controller,20.0,40.0,36,0.004657816286887218,-0.012922223811143963,-0.01690282582115146,0.006157302651689125,0.006381944524401397,0.006211093938020992
walk_hard,left_controller,20.0,50.0,34,-0.0011638915890487594,0.010273004760308535,-0.0061120046564705575,0.006005288932984367,0.006704226261781199,0.007042935324223636
walk_hard,left_controller,20.0,60.0,38,-0.004128434839732447,0.019607730912467435,-0.007526953578761092,0.0073675256675504565,0.007930667074684476,0.009273488263432317
walk_hard,left_controller,20.0,70.0,40,0.0013124341992770355,0.0019496840293380345,-0.01018944833397954,0.008028637187449408,0.00849015644755002,0.00839234552444419
walk_hard,left_controller,20.0,80.0,40,-0.0012339626757502532,-0.01250079607224148,-0.009201941440297066,0.00865964042285488,0.009071572603184608,0.008082477162138354
walk_hard,left_controller,20.0,90.0,38,-0.004713004130461542,0.0032728615742342627,-0.002890403866012882,0.010023590315427074,0.010104329860802562,0.01059289726492587
walk_hard,left_controller,40.0,20.0,79,-0.010872239405210463,0.005418805782682891,-0.022708336383010452,0.007350798794083296,0.007483340682648117,0.007202800191400173
walk_hard,left_controller,40.0,40.0,74,0.0034565085166122634,0.0015834860310009677,-0.014808714242835553,0.004410292129112325,0.004733951635142983,0.004714500302824849
walk_hard,left_controller,40.0,60.0,74,0.00023974779595744463,0.006322275723690028,-0.008100032101316691,0.004715800223843269,0.005136740870421999,0.005246939560461612
walk_hard,left_controller,40.0,80.0,78,-0.001576069877291573,0.0026263001371603445,-0.006687690792672216,0.005962006160159759,0.00615691699066315,0.006265381192065463
static_dark,right_controller,10.0,5.0,20,0.002488308433928276,0.0036696831469847624,-0.0035477018823960125,0.003756118391994403,0.0037133033123155916,0.0036876379504633934
static_dark,right_controller,10.0,10.0,20,0.0013175921070836235,-0.00047496637459236695,-0.0017583749920105337,0.003947365258952328,0.003910550935922898,0.003865310589524333
static_dark,right_controller,10.0,15.0,20,0.001512079638153524,0.003401654752585495,-0.0045231640205825215,0.004994832594573434,0.004975662222164168,0.004818312457761026
static_dark,right_controller,10.0,20.0,20,-0.0024725898953779236,0.008827686552576373,-0.007873754364020692,0.004835442082207167,0.004882129268872541,0.004735128896592134
static_dark,right_controller,10.0,25.0,20,-0.002155679186542643,0.010496354987858423,-0.00893891670839536,0.004483850226085353,0.004557445092046971,0.004503920357089036
static_dark,right_controller,10.0,30.0,20,0.00399820940356843,0.005954666647246781,-0.012081865564628449,0.004581684326334847,0.0046377437493626975,0.004589415003475648
static_dark,right_controller,10.0,35.0,20,0.006525743350760659,0.004724869770290934,-0.014085728189919024,0.0048368230870736335,0.004797295824124983,0.0047465042914383
static_dark,right_controller,10.0,40.0,20,0.002742132550046791,0.010024451987293365,-0.007012592846338409,0.003740247131833557,0.003643835965031493,0.003669481825318355
static_dark,right_controller,10.0,45.0,20,0.0017785841278144864,0.005925628612637724,-0.0026279387833341296,0.002682326307970068,0.0026711311208932435,0.002669293369719205
static_dark,right_controller,10.0,50.0,20,0.00190053367272491,-0.0008156048375668724,-0.0037269823861198832,0.0026207077544220603,0.0026521384760353956,0.00255985376464126
static_dark,right_controller,10.0,55.0,20,-0.0018510147482158372,0.0010410337775209584,-0.004637501318128821,0.0024799845002044458,0.0023660569342827155,0.0023045910022429007
static_dark,right_controller,10.0,60.0,20,0.0021535879185178575,0.007579351213770803,-0.007603404932632248,0.0038087580406702794,0.003859018858381888,0.0038135866286135374
static_dark,right_controller,10.0,65.0,20,0.004962854361528618,0.009639898859855387,-0.011271750077409347,0.0033048842246239272,0.0033839173235927582,0.0033563493417432103
static_dark,right_controller,10.0,70.0,20,0.0022654288234108533,0.008467966585601111,-0.005981238693206908,0.0029200583205590594,0.002987351534434211,0.0029715128536071424
static_dark,right_controller,10.0,75.0,20,-0.0014709953360552315,0.006286309217347347,-0.002430980644814826,0.004301263362947473,0.004258138883645937,0.004197473160517311
static_dark,right_controller,10.0,80.0,20,-0.0026698174959463128,0.004991178751974428,-0.005538916399909379,0.003879707530304124,0.0037947746570686195,0.0037520977952053805
static_dark,right_controller,10.0,85.0,20,0.003089551338549803,0.006127388810920021,-0.007540551175244551,0.00422818477870266,0.00405454665424727,0.004192034003787255
static_dark,right_controller,10.0,90.0,20,0.004959316039099816,0.005587162021733538,-0.005987817115668842,0.004443759169318542,0.004112460441041589,0.004464100328612382
static_dark,right_controller,10.0,95.0,20,-0.0005112177167683132,0.011188462182053723,-0.00967968811199146,0.004440071855870736,0.0042025511387609365,0.00451384131938838
static_dark,right_controller,10.0,100.0,20,0.0006870316079131758,0.014731121816920411,-0.010918012086847603,0.00461868440363664,0.0047648042346461585,0.004795951395686899
static_dark,right_controller,10.0,105.0,20,0.004849037744255792,0.013641409539058721,-0.004563921317031748,0.004589228187718338,0.004743457814651443,0.004802431654114059
static_dark,right_controller,10.0,110.0,20,0.0017521230891006836,0.009267258483429675,-0.00281572024972748,0.00468113538448101,0.0046739002003448995,0.004900104450995683
static_dark,right_controller,10.0,115.0,19,0.0012947235153830015,0.00943455617717575,-0.004513002564762308,0.0048797099891471985,0.004847142197737541,0.005062672974798351
static_dark,right_controller,20.0,10.0,40,0.0020079289163774825,0.0035429707210637325,-0.004035977935891671,0.0029198070347180253,0.002897276769364872,0.0028417669944335944
static_dark,right_controller,20.0,20.0,40,-0.0003370978751864995,0.006854578165402346,-0.006636244375898093,0.0031487006118042483,0.0031681213284811887,0.0030981492454656393
static_dark,right_controller,20.0,30.0,40,0.0016858650297200415,0.0078050174448802715,-0.011298040121498305,0.0033301011713450217,0.0033468765884002534,0.0033084713564454763
static_dark,right_controller,20.0,40.0,40,0.0036469559564633034,0.005219128294207058,-0.007831415324179292,0.0027844187724552234,0.0027687789239798518,0.0027520568532719857
static_dark,right_controller,20.0,50.0,40,3.5195500341906644e-05,0.0034930765164745605,-0.003675610620552896,0.002002061415570219,0.001952808721828076,0.001926457927243074
static_dark,right_controller,20.0,60.0,40,0.0014591447717369082,0.006535697335516671,-0.007546138207981732,0.0020228452281566343,0.0019763152295550327,0.0019662858162360465
static_dark,right_controller,20.0,70.0,40,0.0018549002577943961,0.00803883566530079,-0.006860808023394531,0.002475885878026088,0.0024936753770525804,0.0024657462536498563
static_dark,right_controller,20.0,80.0,40,0.0008414109870390486,0.00622741807084378,-0.0049779885549182945,0.003007169143369419,0.0029287916753510915,0.002957821655381649
static_dark,right_controller,20.0,90.0,40,0.0014731526686827948,0.008425194992100005,-0.008471819095043638,0.0030739307022402246,0.0029297836274749076,0.0030823418566080507
static_dark,right_controller,20.0,100.0,40,0.0022006540715161543,0.0122835525944354,-0.007151004640584575,0.003359309552752335,0.0033187072101689137,0.003465211062079442
static_dark,right_controller,20.0,110.0,39,0.0030300653938996076,0.011403457008588032,-0.004453928365487041,0.0034138678451009806,0.00345516025782858,0.0035553432884473076
static_dark,right_controller,40.0,20.0,80,0.0017747267107310204,0.005470833750312572,-0.007377001779466493,0.002103564655668873,0.0021004434456092062,0.002067056633141486
static_dark,right_controller,40.0,40.0,80,0.0019572045904904254,0.005427609161507615,-0.007300006379562266,0.0018313734113644285,0.0018410306612457374,0.0018212829323984757
static_dark,right_controller,40.0,60.0,80,7.552396344199346e-05,0.006261415678965453,-0.004966067192639093,0.0015973158331284954,0.0015841208122843182,0.0015741203810549567
static_dark,right_controller,40.0,80.0,80,0.00167701080004654,0.008223698774731586,-0.0076163814460768545,0.0019513991765439896,0.0019132040891051548,0.0019497197160226072
static_dark,right_controller,40.0,100.0,79,0.002240907059547139,0.009792711108681965,-0.006572104380152953,0.0023167915314612677,0.0022724179987472955,0.0023660590100164957
walk_dark,right_controller,10.0,5.0,19,0.002765316875309723,0.008707987888907635,-0.005924009228723229,0.00350073035279708,0.003743371358999309,0.0034307023147362335
walk_dark,right_controller,10.0,10.0,20,-0.0009284572779933505,0.0033790424885603845,-0.007588340460970425,0.004331770554237637,0.0045851354038774685,0.004232061522832865
walk_dark,right_controller,10.0,15.0,20,0.0022826630761669108,-0.005044983299599116,-0.011111992981685206,0.005055809047486185,0.00515365398745017,0.005219733155722128
walk_dark,right_controller,10.0,20.0,20,0.010596749173171311,-0.0012335282268244744,-0.007013322360931657,0.0065312640617228475,0.006580915657454302,0.006727194987541272
walk_dark,right_controller,10.0,25.0,20,0.006112946398014951,0.0025829292125088537,-0.013561721176611082,0.006851747483490162,0.007144055425306874,0.007127588871474083
walk_dark,right_controller,10.0,30.0,20,0.0057964760488032965,0.0040514522197651285,-0.011009362617102184,0.005852184651177026,0.005871173706164186,0.006041528628491511
walk_dark,right_controller,10.0,35.0,20,0.007310023682893774,0.005414218995194786,-0.006189218266022387,0.005843905074349806,0.005729088172001433,0.0058362432046783035
walk_dark,right_controller,10.0,40.0,20,0.0009191588949158357,0.009935225769028683,-0.010340158158923607,0.006357693016429729,0.0064654001410826625,0.006434021742045756
walk_dark,right_controller,10.0,45.0,18,-0.007546943295274409,0.006037977608767288,-0.014059095324342429,0.004092135951041012,0.004260300590476472,0.004329387141530863
walk_dark,right_controller,10.0,50.0,17,-0.0057614824286437,0.002862524269036922,-0.011024954017277386,0.005175648102930656,0.005281289934424943,0.005461408319166248
walk_dark,right_controller,10.0,55.0,19,0.0006156143248641612,0.008073024423006366,-0.011973026565969751,0.005451340312372027,0.005346773107867426,0.005640913622515101
walk_dark,right_controller,10.0,60.0,20,0.0035570686094003583,0.0010772821171539486,-0.013595726328012654,0.005595957824767788,0.005458257416020002,0.005714782624182406
walk_dark,right_controller,10.0,65.0,20,0.0025256777809283815,0.00027268385363880647,-0.009996323636971567,0.00564793447036125,0.005637064262540299,0.005854179796983331
walk_dark,right_controller,10.0,70.0,20,0.0051911024724192525,-0.0032956011367028257,0.0036334511588223834,0.006588779937057879,0.0063923945031631796,0.006529757888266629
walk_dark,right_controller,10.0,75.0,20,0.0013965208854225168,-0.0030103475917959924,-0.0015772422854447312,0.005524535574648149,0.005350920588522948,0.005351264270454543
walk_dark,right_controller,10.0,80.0,17,0.0003831508018019526,0.005177363064589196,-0.012730280617855583,0.007464442561647719,0.0075707182155782295,0.0075738561205755
walk_dark,right_controller,10.0,85.0,17,0.006364698803879101,0.004451242261920513,-0.014043914662171909,0.007298570814596687,0.007260483033777937,0.007336568589188384
walk_dark,right_controller,10.0,90.0,17,0.004984785165197539,0.0034142132996364616,-0.004912045566198377,0.006969241341668861,0.006942797910488235,0.006730707830220551
walk_dark,right_controller,10.0,95.0,17,0.00016345087725163195,0.007637408281485911,-0.006915888263604535,0.005912072957894122,0.005956177401634829,0.005635216131474102
walk_dark,right_controller,10.0,100.0,20,0.0012857979820143624,0.007043453440056522,-0.008035253730707785,0.004783473851418463,0.004778463115922562,0.0047277091311463924
walk_dark,right_controller,10.0,105.0,20,0.0053177588256327285,0.003839469022534065,-0.005755834649397095,0.0026689028791685664,0.002811316545682883,0.002666561832898099
walk_dark,right_controller,10.0,110.0,17,0.001312945322834929,0.00018078447336350792,-0.0052005881223371065,0.0024537940526543718,0.002447285544331589,0.002392714820229566
walk_dark,right_controller,10.0,115.0,17,0.0007878360601148053,0.005753236572263652,-0.0004241650092498264,0.00482472251039838,0.004870530302315254,0.004858938796812594
walk_dark,right_controller,20.0,10.0,39,0.002219699865750963,0.0025251534038109296,-0.006088453641572513,0.002974030793731804,0.0030606200542267247,0.002983255382360834
walk_dark,right_controller,20.0,20.0,40,0.0047428656799695205,-0.0007491449572224404,-0.009346896298018114,0.004574689331198555,0.004715890723461606,0.0046846671287412425
walk_dark,right_controller,20.0,30.0,40,0.006559405343310238,0.004022088959354134,-0.009554784617065803,0.004347179453349834,0.004381756064333202,0.004422134824398483
walk_dark,right_controller,20.0,40.0,38,0.0006625388314171008,0.005191221311994834,-0.009772403432227827,0.004319153020108197,0.004344968787555541,0.004419343790551946
walk_dark,right_controller,20.0,50.0,37,-0.0032905908074218337,0.007086624134225241,-0.013291178119301575,0.0034045077729648395,0.0034341761935564345,0.003554047756902257
walk_dark,right_controller,20.0,60.0,39,0.001706957887484983,0.004229185404118255,-0.01100286632579739,0.003869822346602934,0.0038302875138368957,0.004008916775186103
walk_dark,right_controller,20.0,70.0,40,0.001955403024558762,-0.0014543966118501324,-0.005389883311799245,0.003928882556668661,0.0038604207062643138,0.00392849495513436
walk_dark,right_controller,20.0,80.0,37,0.004059165781983358,0.0006347332527517338,-0.00769733427606282,0.005059919431397825,0.004969051594743263,0.0049914182654300105
walk_dark,right_controller,20.0,90.0,34,0.0037056871820234875,0.005886002976817505,-0.010749923394081292,0.004532166408453959,0.004539954746346602,0.004442882862615389
walk_dark,right_controller,20.0,100.0,37,0.0029002491655921244,0.0053990208789773085,-0.006458727252713067,0.0027555963410622305,0.0027675734637932184,0.0026999241267602566
walk_dark,right_controller,20.0,110.0,37,0.002384354008079485,0.006429255700251486,-0.0038609473246100476,0.0026141856711307527,0.0026476125535529766,0.0026182760644200974
walk_dark,right_controller,40.0,20.0,79,0.004295956733393288,0.0015910094435943054,-0.00836541193523451,0.0028243556080573347,0.0028475955979956457,0.00285705768592431
walk_dark,right_controller,40.0,40.0,77,0.0019967464530163716,0.005348110123621112,-0.01125013365526512,0.0029406389549297236,0.0029650686726972308,0.0030277925941433106
walk_dark,right_controller,40.0,60.0,77,-0.0004246710626263016,0.002405249430430857,-0.008933608909057584,0.002775902950415355,0.0027613630982051616,0.0028327848597718168
walk_dark,right_controller,40.0,80.0,74,0.0028093307788653325,0.002062330780408338,-0.008076025688866933,0.003094099896236311,0.0030687233628670803,0.0030638119039342855
walk_dark,right_controller,40.0,100.0,71,0.0033005278025862246,0.005248598874002412,-0.006893090882725241,0.0024260087448078264,0.002434067225725995,0.002407536234649556
static_easy,right_controller,10.0,5.0,20,-0.006457197100723298,-0.0014292935176004335,-0.0008686360273600567,0.004574740952096013,0.004559306290979901,0.004487091650750934
static_easy,right_controller,10.0,10.0,19,0.0002720392797092123,0.009800502486508732,-0.007941823477708942,0.005208524422422626,0.005161809355480967,0.005046200738792709
static_easy,right_controller,10.0,15.0,18,0.004643188130259623,0.008148248173357752,-0.00855474918625583,0.006701556774297325,0.006667636110704856,0.006439140077567728
static_easy,right_controller,10.0,20.0,18,0.0051220007504659834,-0.0031859522432194786,0.0010299519337235033,0.006745100248395189,0.006746030148320717,0.006684629451835904
static_easy,right_controller,10.0,25.0,19,0.003966226346385631,0.0025173923510036665,0.0008306649336375864,0.005845047662188868,0.00591351418760865,0.006008674632864785
static_easy,right_controller,10.0,30.0,20,0.0032195164576637536,0.00836145530733364,-0.007972082316166019,0.004931331821179144,0.00500892942156835,0.005043427723777345
static_easy,right_controller,10.0,35.0,19,0.008390630921122817,0.005036112249903768,-0.012287175378338597,0.004243139378697529,0.00430408877034558,0.004330146494577539
static_easy,right_controller,10.0,40.0,19,0.009405129477398478,0.005320535743412616,-0.011856434782008216,0.005249021902020918,0.00529117562832243,0.005322489838407493
static_easy,right_controller,10.0,45.0,20,0.0026226085646673283,0.010015521259852483,-0.007475509905826511,0.005689129573531492,0.005795659251010362,0.005761924067819253
static_easy,right_controller,10.0,50.0,18,-0.0020931761329828734,0.01038861007124824,-0.011494652055632697,0.0049175124818671805,0.005218261021118957,0.005367125065279656
static_easy,right_controller,10.0,55.0,16,0.004622203985882609,0.006040216307148932,-0.004641375998745295,0.003934134732392593,0.004152413083657219,0.004099997931941714
static_easy,right_controller,10.0,60.0,18,0.007174735562539425,0.004594897358278463,-0.011242186270161204,0.00413776074727264,0.004253411494136136,0.004154065385152638
static_easy,right_controller,10.0,65.0,20,0.004762202053395845,0.011109254124417926,-0.016258907521006238,0.004517206960906299,0.004686998492459206,0.004697027896835117
static_easy,right_controller,10.0,70.0,20,0.0015373225513811428,0.009555566567244062,-0.00518765394234132,0.00535361258656638,0.0054684241157665035,0.005479317090741072
static_easy,right_controller,10.0,75.0,20,0.006294361113838601,0.00016095522752165685,-0.005382746958241844,0.006360722142928092,0.006431168347910575,0.006343505715671945
static_easy,right_controller,10.0,80.0,16,0.009042579582183892,0.0063553541223943496,-0.013483025661320716,0.006706753842576148,0.007115210021713109,0.007065137181407004
static_easy,right_controller,10.0,85.0,16,0.002725304268661802,0.02232764459713366,-0.011244845211727764,0.0073017313161329415,0.007557050210158224,0.00773612884541864
static_easy,right_controller,10.0,90.0,20,-0.0009225374672758614,0.018184651764325543,-0.012210930541651895,0.009234832916472731,0.00885223542253286,0.009113034325587131
static_easy,right_controller,10.0,95.0,20,0.0004447206682337614,0.019478881871722073,-0.012729318607629169,0.008964748303743445,0.008825337552347112,0.008913665477576455
static_easy,right_controller,10.0,100.0,20,0.002180692980775042,0.016510986450615044,0.0010975296560432266,0.0071503630422379335,0.007448688971523212,0.007416708584118957
static_easy,right_controller,10.0,105.0,20,0.0004187734357906967,0.00888765230527585,0.004953042892990382,0.005912676330440862,0.0060642269984335275,0.006081922188536865
static_easy,right_controller,10.0,110.0,20,0.0047871495773352535,0.007992000138178532,-0.0049999492793915455,0.0036908992355287333,0.0038052807664868227,0.0036760947848316094
static_easy,right_controller,10.0,115.0,15,0.012390232982920383,0.005975925522337457,-0.007744298486463886,0.004894394852247754,0.0049100278693418545,0.0048334734566131965
static_easy,right_controller,20.0,10.0,38,-0.00131638187955993,0.0029627924645066386,-0.004605268846684903,0.004115229507602898,0.0040989089008358695,0.003998025926251081
static_easy,right_controller,20.0,20.0,37,0.004317385048385855,0.005153071368415895,-0.003834219880589318,0.004805086345780496,0.004823368447220335,0.004781140810978551
static_easy,right_controller,20.0,30.0,38,0.006271793830471229,0.0038578840290755673,-0.00592973611356907,0.003736970848656382,0.003785760361784039,0.0038271486610188922
static_easy,right_controller,20.0,40.0,39,0.005114081839078904,0.007720529018770209,-0.012605437383911186,0.0033725838709714267,0.003426828712600108,0.0034735108592034818
static_easy,right_controller,20.0,50.0,36,0.0010303958628860796,0.00718059343942551,-0.008584498569997767,0.0035216267500282807,0.0036270856113038157,0.003638933969421456
static_easy,right_controller,20.0,60.0,36,0.0027412624297854433,0.010099640979208482,-0.011823184345206477,0.003194267652695884,0.0033151243533452246,0.00329288439114161
static_easy,right_controller,20.0,70.0,40,0.005479630712209301,0.005377054790355409,-0.010485471811897459,0.003761435156733713,0.0038513131728231216,0.003827517335777066
static_easy,right_controller,20.0,80.0,36,0.004864329465134434,0.009174612431688533,-0.00744632770271008,0.004495965993355499,0.004588911821784931,0.004594395893616983
static_easy,right_controller,20.0,90.0,36,0.0015265734767787083,0.0207513782094517,-0.012084555428603552,0.005600846481670085,0.005643449119485377,0.005734746466802712
static_easy,right_controller,20.0,100.0,40,0.0005485025186337827,0.013885863935273742,-0.0034233249089923364,0.004684736216236438,0.004713055609018768,0.004743123490527345
static_easy,right_controller,20.0,110.0,35,0.002255027536664528,0.007184558923266691,-0.0024881945481498233,0.0033057740608210032,0.0033455480696393948,0.0033195053854821062
static_easy,right_controller,40.0,20.0,76,0.002619204699308433,0.003417418095177606,-0.0052912796125187,0.002900594246678807,0.002914146902724711,0.002893733819754233
static_easy,right_controller,40.0,40.0,74,0.004747082725183711,0.006009887846657017,-0.007459212018612646,0.002637558193548912,0.0026973069344651507,0.0027215593869996165
static_easy,right_controller,40.0,60.0,76,0.0034001456137304703,0.006222785128108813,-0.00960648874547799,0.002466156676905846,0.0025319389842841772,0.0025273359571131955
static_easy,right_controller,40.0,80.0,76,0.00384549812669424,0.0121547665424317,-0.010976126686986172,0.00326820629484519,0.0033218183083790222,0.003333801540238499
static_easy,right_controller,40.0,100.0,71,0.003894076668482809,0.01379753393724936,-0.005962541535384615,0.003247180429081634,0.003282762806312509,0.0032979400970699815
static_medium,right_controller,10.0,5.0,20,0.004017262606692327,0.004641026130289436,4.318042112950353e-05,0.0071178416938061,0.006683553634486976,0.006406477505052069
static_medium,right_controller,10.0,10.0,20,0.008286407686777242,0.007005062352375662,-0.005782118200590065,0.007697929770081977,0.0071318023100750555,0.006741285123020455
static_medium,right_controller,10.0,15.0,20,0.008287233891662905,0.01121802504441199,-0.008024244897424308,0.007143826895614253,0.006937757012355951,0.006706707319932889
static_medium,right_controller,10.0,20.0,20,0.002949264878615169,0.011296341632206056,-0.003674176818348817,0.007701052947023332,0.007336756766125234,0.007512717023977309
static_medium,right_controller,10.0,25.0,20,-0.000752420074671559,0.010817471255517849,-0.0077660561330705116,0.00674246889034531,0.006220597019965764,0.006421931958002934
static_medium,right_controller,10.0,30.0,20,0.0008267734598708802,0.009381611337511574,-0.010776225373774049,0.00966315636390375,0.008697568886356177,0.009134013226984566
static_medium,right_controller,10.0,35.0,20,0.0063298029101419,0.005979964057703484,-0.0063288827122341814,0.006695594169495799,0.005904370322528793,0.00654171544862781
static_medium,right_controller,10.0,40.0,20,0.00439259893247714,0.004509456777107429,-0.003260873315019685,0.004701232225158056,0.004186883649609007,0.004519214637894963
static_medium,right_controller,10.0,45.0,20,0.005150513555462572,0.0023307790196951204,-0.0023686357462544714,0.004815949153000869,0.004563278544219154,0.004518575797926929
static_medium,right_controller,10.0,50.0,20,-0.007248445435414181,0.004609646022862615,0.0068637761776378725,0.007191059712444593,0.006813354325510598,0.007025423442265335
static_medium,right_controller,10.0,55.0,20,-0.0054307037331993565,0.001615728420109054,-0.0007356461531937095,0.006030739139136609,0.005531471620075846,0.005938754172412095
static_medium,right_controller,10.0,60.0,20,0.005728262691921499,0.0029206777568031887,-0.01309507306842043,0.004955511416781968,0.0039055710834218667,0.004948114566723728
static_medium,right_controller,10.0,65.0,20,0.00785565264908748,-0.0003359382991977664,-0.007969482404323682,0.004589726243042009,0.0035291942198887563,0.004562057147557462
static_medium,right_controller,10.0,70.0,20,0.011378916741029544,-0.0070949735099759825,0.00015573504510681992,0.0055975284246779795,0.005018189115887491,0.005478867553543741
static_medium,right_controller,10.0,75.0,20,0.0010504733602526108,-0.0025939836289167345,0.011183351874826289,0.00801402709531461,0.007204630665285075,0.008167057536058082
static_medium,right_controller,10.0,80.0,20,5.3134504632677154e-05,0.0027868737876414196,0.006167816997535687,0.007558175586565048,0.0064505449343593285,0.00765160425064635
static_medium,right_controller,10.0,85.0,20,-0.001597210586121414,0.004593985010211431,-0.001224158784599392,0.008497333306984857,0.007079994279301842,0.00828848286516901
static_medium,right_controller,10.0,90.0,20,-0.0012361012233059895,0.004848803300872142,-0.0006359069035879196,0.0072685231998359835,0.007652661171344444,0.009074413689204723
static_medium,right_controller,10.0,95.0,20,0.0040393242981478245,0.00459895344476726,-0.0020105787272471937,0.005333615453308466,0.005412996691776102,0.006564775523573593
static_medium,right_controller,10.0,100.0,20,0.004139246129914822,0.004033489189312265,-0.004169170192082276,0.0062192079051732385,0.005509220948515286,0.006298566274425791
static_medium,right_controller,10.0,105.0,20,0.0030392281915136337,0.004254120139020224,-0.007474534149613318,0.005281913276400956,0.005134398015025179,0.005455806624980218
static_medium,right_controller,10.0,110.0,20,0.002846556370350395,0.0035448881242220436,-0.007728340608229233,0.004378130064611921,0.004290291920243251,0.004383872020488485
static_medium,right_controller,10.0,115.0,18,0.005954568945763289,0.004817160842137925,-0.0046530297793354975,0.0073457045442154485,0.006228313905880339,0.006957530790363705
static_medium,right_controller,20.0,10.0,40,0.005840471067199276,0.007423376864097148,-0.003263524894622561,0.00491485820875835,0.004688204694409033,0.004507592787120587
static_medium,right_controller,20.0,20.0,40,0.00328637012714953,0.011235635403160842,-0.007639837731641825,0.004978076014443703,0.004694539782214688,0.004709943269328252
static_medium,right_controller,20.0,30.0,40,0.0027161576193185113,0.00837007090201111,-0.007069640456219332,0.0046026905436535185,0.004149379916357175,0.0044402273200840085
static_medium,right_controller,20.0,40.0,40,0.00625049782644929,0.003448990724579994,-0.0023443712660476974,0.0038448109514946254,0.0034993466188923236,0.0036759775661855468
static_medium,right_controller,20.0,50.0,40,-0.0015696977750905075,0.0013403786804759739,-0.0007854375079056445,0.003929313941323017,0.0036971915879495457,0.0037934822952392917
static_medium,right_controller,20.0,60.0,40,0.003234283869277094,0.0007324616808617371,-0.004967231113767558,0.003707029712094183,0.0030748285180965964,0.0036285373019437806
static_medium,right_controller,20.0,70.0,40,0.00538344931142614,-0.0009322520001319356,0.0006156875927205427,0.0044928294353402684,0.003715976814500998,0.004515871015446626
static_medium,right_controller,20.0,80.0,40,-0.00020588080747919194,0.0011113383499931585,0.004985376857522377,0.005957788533647229,0.005162561352042604,0.005952423124606296
static_medium,right_controller,20.0,90.0,40,0.0019269003015827085,0.004315581738028976,-0.0018634369286768156,0.0045580722848593555,0.0042553615720675505,0.0050929971148673805
static_medium,right_controller,20.0,100.0,40,0.003513222481292856,0.004478963044214944,-0.005280314645388581,0.0037132612651604446,0.003682401676463035,0.004146461074836198
static_medium,right_controller,20.0,110.0,38,0.0042022745103201,0.004552399049706706,-0.00622463691037527,0.00437078041873127,0.0039980486381011775,0.004347164181672745
static_medium,right_controller,40.0,20.0,80,0.00480982532549128,0.008054751142737846,-0.005770921272997558,0.003248472844823844,0.0030007781923010513,0.0030559599803865202
static_medium,right_controller,40.0,40.0,80,0.0004089059244906524,0.006394728115502734,-0.004562753661617087,0.0030015928954682993,0.0027399068652627554,0.002896782296495921
static_medium,right_controller,40.0,60.0,80,0.0014849721118464162,0.0003545693328776715,-0.00019048282092008864,0.0030178427056685516,0.0026686417420159485,0.002965661095061571
static_medium,right_controller,40.0,80.0,80,0.004387917608939022,0.0005543994544776312,-0.000916674438297989,0.003206019942993125,0.002823193261212797,0.0034031218636576856
static_medium,right_controller,40.0,100.0,78,0.0032154866579723264,0.004541348392969722,-0.004449687854759691,0.0031289931979561953,0.0028874412688418604,0.00327430108383899
static_hard,right_controller,10.0,5.0,20,-0.0016976325447329087,-0.010354150022063063,-0.01615407133366363,0.011786842571258293,0.008799220506830453,0.01129341099804324
static_hard,right_controller,10.0,10.0,20,-0.020425786683098676,-0.008498468838370627,0.008946303423037403,0.012848711782559096,0.00983412105793794,0.011801491298789008
static_hard,right_controller,10.0,15.0,20,-0.01954602892004608,0.005143058097474848,0.005779611916296057,0.013648667295026994,0.010353026238036115,0.012623478417188597
static_hard,right_controller,10.0,20.0,20,-0.005578242600426098,0.011601797826853884,-0.005819096068619832,0.013555357022031776,0.009666255423984027,0.013606855548129192
static_hard,right_controller,10.0,25.0,20,0.004252439505590205,0.006395804332788238,0.010543940039848161,0.013899839303690003,0.010599917237371723,0.013724576933922228
static_hard,right_controller,10.0,30.0,20,-0.0012037950363168034,-0.0023070827731048165,0.010824920742463842,0.01266295618277512,0.009731936027947034,0.012097797360928919
static_hard,right_controller,10.0,35.0,20,0.002440827587866764,-0.011174799709860262,0.005827015084004962,0.014937543620703826,0.012634647473908084,0.01641176953382793
static_hard,right_controller,10.0,40.0,20,-0.010676638646569878,-0.002302136902833903,0.01427881644236969,0.015043615484417525,0.015065328252694087,0.01784367064887828
static_hard,right_controller,10.0,45.0,20,-0.041342213784677055,0.006669658152926913,0.01073597633878546,0.01344286968841642,0.01418825937210907,0.015597586818321598
static_hard,right_controller,10.0,50.0,20,-0.03887046319319027,0.014069358903553212,-0.0015188154677614456,0.013686706619155876,0.012596124554949002,0.014586048918448799
static_hard,right_controller,10.0,55.0,18,3.3766484324950074e-05,0.005342715702379616,2.519432701469579e-05,0.007851734758834269,0.007001790343525946,0.007967565665001789
static_hard,right_controller,10.0,60.0,18,0.008830196737021517,-0.003062317456391516,0.0010538562591949666,0.013082770922888919,0.011152588973422386,0.013500986157527976
static_hard,right_controller,10.0,65.0,20,0.019847990826174458,-0.006105575450229738,-0.01178996440235973,0.01639140705407706,0.011760468822997182,0.018375298053048546
static_hard,right_controller,10.0,70.0,20,0.008914571608190678,0.0016086443868557647,-0.014281266662436775,0.009936058340874663,0.007828499067715152,0.011653965535863946
static_hard,right_controller,10.0,75.0,18,0.007882234262636508,0.0033929906250285457,-0.008090183244196966,0.008258305693144338,0.006998340513619999,0.009099203631581454
static_hard,right_controller,10.0,80.0,18,-0.00635983460807802,-0.001104937127461872,0.012213373936267388,0.01238572603190198,0.010238913765722068,0.012408295769370224
static_hard,right_controller,10.0,85.0,20,-0.010649957303098449,-0.007062401894523125,0.02924801273508672,0.01494044499191179,0.013487148418286571,0.015394958918874331
static_hard,right_controller,10.0,90.0,19,0.006268228299189411,-0.009137855781432268,0.014888427379301817,0.017252251910488858,0.01687961431170144,0.019022181751572987
static_hard,right_controller,20.0,10.0,40,-0.006594000499504162,0.0003340892192405477,-0.004988456917530006,0.008321528849978726,0.00617347759655573,0.00780519230084827
static_hard,right_controller,20.0,20.0,40,-0.00821938657476661,0.006251120556411636,0.008019380444093767,0.008549125382223204,0.006488243009535008,0.008143433214426269
static_hard,right_controller,20.0,30.0,40,0.002868353319581758,-0.0023956406166447545,0.008819271352878981,0.009667312064206564,0.007784263085118068,0.010096660472214775
static_hard,right_controller,20.0,40.0,40,-0.023902966722337833,-0.0023212208589927777,0.007683688852690268,0.009090558510023695,0.008669147877228658,0.01030730967352098
static_hard,right_controller,20.0,50.0,38,-0.023513703868425353,0.006094462648866827,0.0052793042108835175,0.008697668045136366,0.008480806687706318,0.009486889791028512
static_hard,right_controller,20.0,60.0,38,0.007800886229720533,-0.00012453010914940943,-0.004863405340083808,0.008728940516286313,0.007043673026026057,0.009197372801585866
static_hard,right_controller,20.0,70.0,38,0.012111630253661819,-0.0018963844147129021,-0.015826868042870524,0.008274417890085903,0.006409763984988015,0.008938447844153347
static_hard,right_controller,20.0,80.0,38,0.00020940376789373163,0.0010001469286784297,0.006166353654116468,0.008683330063086048,0.0075859166789959,0.009037094536232573
static_hard,right_controller,40.0,20.0,80,-0.001244807714077466,-0.00038384822475348666,0.003268499497113013,0.0065824630675733456,0.005049691778157243,0.0064446469761166815
static_hard,right_controller,40.0,40.0,78,-0.012899511461691318,0.0019161719242202354,0.006334785071892404,0.006141683146550196,0.00547615896481641,0.0065669863485366756
static_hard,right_controller,40.0,60.0,76,-0.0053724552155147735,0.003614885074940801,-0.00422563526168536,0.005655222352531112,0.00491735136197426,0.006078955837045355
walk_easy,right_controller,10.0,5.0,13,0.0030972171191605523,0.0012109307681173872,-0.0065132502508479986,0.0048671120528266726,0.004905401747870809,0.004815510765515143
walk_easy,right_controller,10.0,10.0,18,0.005799232528185882,0.007189323606001325,-0.00989105750343672,0.005727280230538198,0.0057292228301596936,0.005730943152829987
walk_easy,right_controller,10.0,15.0,20,0.004476850063332441,0.0023354106862484504,-0.009996401789112529,0.006794921751354614,0.006837297691640975,0.006848566436101486
walk_easy,right_controller,10.0,20.0,13,0.008460441085942327,0.00020304920164293527,-0.010311908198792791,0.00999558932276442,0.009992422857271529,0.010046657345771448
walk_easy,right_controller,10.0,25.0,11,0.0021731024625143446,0.01070501612577151,-0.003345776564652232,0.008114508359582067,0.008002640894077765,0.008092298909862832
walk_easy,right_controller,10.0,30.0,18,-0.0020011338199239256,0.002632919633419991,-0.009078712611016846,0.004440007784002653,0.004546063861978561,0.004502013634273308
walk_easy,right_controller,10.0,35.0,20,-0.001289197626548116,-0.00043190254667428186,-0.016441158443917674,0.00567614551146735,0.005725167058184772,0.00576248112470967
walk_easy,right_controller,10.0,40.0,19,-0.0007361568504887908,-0.00013148546231264366,-0.013784544232213043,0.00643342869698625,0.006360678440860546,0.006646459194008944
walk_easy,right_controller,10.0,45.0,19,0.004059715267725253,0.008668847966140222,-0.009796830416928755,0.008146598354895547,0.008003625481880845,0.008379635894746343
walk_easy,right_controller,10.0,50.0,20,0.014272740669484654,0.017166612531094864,-0.004226491139715394,0.007666394007700224,0.007890328629734525,0.007891913758476577
walk_easy,right_controller,10.0,55.0,19,0.015782546626565593,0.004077929367180245,0.0037128741631159857,0.00747462974747321,0.007777603103484526,0.007628462274117762
walk_easy,right_controller,10.0,60.0,17,0.01491813460902624,0.0002384351261411682,-0.00448032462633489,0.007892077957632167,0.008103549797353012,0.008091928841237224
walk_easy,right_controller,10.0,65.0,18,-0.002209459286841642,0.009837801330185839,-0.005468573992042491,0.008072241395512953,0.00852406363530332,0.008584599463028619
walk_easy,right_controller,10.0,70.0,17,-0.005001775097051592,0.013623567948026898,-0.0015346796933708856,0.006118131921292893,0.006626406503462046,0.006412485661813638
walk_easy,right_controller,10.0,75.0,15,0.005704008479036937,0.006363395262184388,0.00030617656403455346,0.003369910580080948,0.0033866093351406753,0.0034170061583828023
walk_easy,right_controller,10.0,80.0,18,0.006383905959859542,0.004602338636398043,-0.0030396956389281463,0.0031420751462690605,0.0031224571577532787,0.0031491438266203096
walk_easy,right_controller,10.0,85.0,16,0.003040086663221966,0.006447087872256774,-0.0091697325118717,0.003398139541436779,0.0034596962871316196,0.0034153326752930165
walk_easy,right_controller,10.0,90.0,16,0.007365507218013388,0.003637285408929331,-0.007191783483637696,0.003422061928971144,0.0032665360648893517,0.003468263420122051
walk_easy,right_controller,10.0,95.0,20,0.004586199444501659,0.007793518482558083,-0.00475302182441162,0.005284189408777762,0.005202155400437032,0.005209851670877265
walk_easy,right_controller,10.0,100.0,19,0.0014435276512464225,0.012187463506958051,-0.0016750084537695813,0.0048226825248140716,0.004804496929787695,0.0047962738155498735
walk_easy,right_controller,10.0,105.0,18,0.005985200951603521,0.005948516403274,-0.013253720687915844,0.005063909595249251,0.0049222452726940345,0.005208384650669266
walk_easy,right_controller,10.0,110.0,18,0.006159665983688973,-0.0002118692395161794,-0.0178331017690242,0.005388654855969869,0.0055273083466929555,0.005741604832331142
walk_easy,right_controller,20.0,10.0,33,0.004428770552993758,0.00438655703734284,-0.009609499219662261,0.0036403072920751308,0.0037078095945700653,0.003647635906655969
walk_easy,right_controller,20.0,20.0,31,0.003629782865591564,0.005410946581507597,-0.0075738447420515016,0.005774877850023736,0.005768879165845998,0.0057983100074817315
walk_easy,right_controller,20.0,30.0,31,-0.00014199376880272836,0.0036426667475280743,-0.011712507871207372,0.00471404538302987,0.004716964895641692,0.004755366775442356
walk_easy,right_controller,20.0,40.0,39,0.0012403976443113077,0.00391940095250284,-0.013396069086811945,0.004395420524160187,0.004379416820421926,0.004489264604639968
walk_easy,right_controller,20.0,50.0,38,0.010782585505459763,0.011149558033077494,-0.004019256625767785,0.005051848592102864,0.005107147152221055,0.005157278837278044
walk_easy,right_controller,20.0,60.0,37,0.008204810377013568,0.011896992727983625,-0.0016408479931118696,0.004926714437404254,0.0051755174874046,0.005128581219059549
walk_easy,right_controller,20.0,70.0,33,0.00012195314366694367,0.01058467793749108,-0.0004460574964605703,0.004114062840591389,0.0042630615095776,0.004283038184201815
walk_easy,right_controller,20.0,80.0,31,0.004359244572919074,0.0063390309479951345,-0.0047679391375150485,0.002519008759103676,0.0025491321702107027,0.002541969624742893
walk_easy,right_controller,20.0,90.0,36,0.003887802068127146,0.007195305503031053,-0.006809821648327652,0.002897353299510963,0.0028981478063972417,0.002882841989880523
walk_easy,right_controller,20.0,100.0,38,0.005326853325758606,0.006971227254711858,-0.0086942791898229,0.0035299436023533315,0.0034531099898377463,0.0035500405250267993
walk_easy,right_controller,40.0,20.0,64,0.0019595099205780655,0.0027527137086047516,-0.010093734666777474,0.0029364583777611772,0.002947755435917997,0.002949559636426108
walk_easy,right_controller,40.0,40.0,69,0.005538788331076705,0.009801159911710258,-0.007385698700596963,0.0033617193606030344,0.003399511077539683,0.0034149182128067643
walk_easy,right_controller,40.0,60.0,71,0.003961105657987478,0.013848867912934913,-0.00222280521610628,0.003145520219377188,0.0032085372635485884,0.0032158129139326806
walk_easy,right_controller,40.0,80.0,69,0.0021569137094675965,0.00871885111944495,-0.003989966582034197,0.002521086066870786,0.0025632321611863485,0.0025610201179720057
walk_medium,right_controller,10.0,5.0,20,-0.006536045471543995,0.0008899527861630126,0.005559978679212715,0.008565352558294001,0.0089229205215189,0.008870089169359014
walk_medium,right_controller,10.0,10.0,20,0.013070497902766015,-0.003931126776320288,0.0057155744516055335,0.007400383494801154,0.0074164571321042,0.008038042132725557
walk_medium,right_controller,10.0,15.0,20,0.010254045357592055,0.0007987498178103928,0.005126087549819701,0.007003741986654279,0.00700823743083181,0.006916174521810469
walk_medium,right_controller,10.0,20.0,19,0.003598443864403871,-0.00015325531901474098,-0.0020720753187772538,0.009145047739533176,0.008406480776021338,0.008306690239257996
walk_medium,right_controller,10.0,25.0,18,-0.020588134625038175,0.022065070879849873,-0.00494241471894373,0.011896261448280423,0.01079112972501726,0.011673050341829059
walk_medium,right_controller,10.0,30.0,18,0.004713140350093327,0.019025313435166814,0.0003059524078353332,0.011645838765032671,0.01185144232463776,0.011849183361236033
walk_medium,right_controller,10.0,35.0,19,0.008140789305164469,0.004109481251200876,0.004830436015828886,0.008401490515425655,0.009078962439261484,0.009022216554700164
walk_medium,right_controller,10.0,40.0,19,-0.007367325435890237,0.01300347209672487,0.0042841258352458314,0.00549265899653958,0.007468711799548896,0.0075506012132113285
walk_medium,right_controller,10.0,45.0,19,0.004046588166580816,0.006482139703180725,-0.005440615953889857,0.0045288493990642545,0.005469352498988473,0.006707817390668391
walk_medium,right_controller,10.0,50.0,20,0.0028632415632694223,-0.0018375741583595607,0.005031375077381048,0.006067252982003492,0.005843450818639783,0.0065336160449440414
walk_medium,right_controller,10.0,55.0,19,0.004283084544600705,0.002010881802141427,0.001887756556473341,0.007538709926454997,0.00684237419462756,0.007453908138630121
walk_medium,right_controller,10.0,60.0,11,0.001328762854928644,0.002093416233010594,-0.0041508601394229655,0.009217531939571354,0.008305048960005406,0.009177952163625182
walk_medium,right_controller,10.0,65.0,10,0.006168231730075554,0.015748150417500335,-0.005194690788304642,0.01177593997689269,0.010493620278151365,0.013060220230945765
walk_medium,right_controller,10.0,70.0,18,0.00937547488332273,0.014617724810923452,-0.02135067653830919,0.01249352401972319,0.011823840657794243,0.014735897302068314
walk_medium,right_controller,10.0,75.0,20,0.002148835275490845,0.009839252978052796,-0.011493747267951132,0.009237809475513002,0.010057342063032378,0.0112242960862518
walk_medium,right_controller,10.0,80.0,16,-0.004021648888275988,0.00790337108632593,0.0002949960977719551,0.007501471489027462,0.007823800963088327,0.008658307828870329
walk_medium,right_controller,10.0,85.0,16,0.006027127813819304,-3.432788618186828e-05,0.00018509603266160876,0.006548654255368045,0.005874159245331546,0.006915752710471053
walk_medium,right_controller,10.0,90.0,20,0.007722206914549576,0.0067082008233096775,-0.007502422265645762,0.005088143387606379,0.004721615926063641,0.005452569499776628
walk_medium,right_controller,10.0,95.0,20,0.005445818475753974,0.02126645677733841,-0.010108129360656023,0.005745057220055489,0.0056008250639309086,0.00623856090230159
walk_medium,right_controller,10.0,100.0,20,0.015159743507341655,0.015350813242688867,-0.0025955138194943828,0.008183578366969506,0.008291938897461458,0.008814300413352237
walk_medium,right_controller,10.0,105.0,20,0.012106614023092967,0.004245946666353555,0.004730055139840527,0.009500356217502172,0.008924344237834798,0.009840228505212833
walk_medium,right_controller,10.0,110.0,20,0.00010636383143818063,0.009336657752979967,-0.005817178264545901,0.00890148955279097,0.007374897335056885,0.008556840380480431
walk_medium,right_controller,20.0,10.0,40,0.0045902655266742715,0.0015520680183251393,0.007455952848086975,0.005644574062920667,0.005719911683255973,0.005682548425926315
walk_medium,right_controller,20.0,20.0,38,-0.002293066304096548,0.009624859474131393,0.00023875079015565036,0.006899329322286226,0.006628408115142377,0.006799546032356129
walk_medium,right_controller,20.0,30.0,37,-0.003394009113005714,0.011902572911400448,-0.00033581888854120404,0.007399480631060529,0.007386683228447073,0.007655326970638003
walk_medium,right_controller,20.0,40.0,38,0.005815082023083372,0.004588594335117541,0.0013541478046454228,0.004410846848001275,0.005040028671487921,0.005466089761041198
walk_medium,right_controller,20.0,50.0,38,0.004215349681447833,-0.0005371776445867377,4.8050705963683835e-05,0.00408549300740063,0.004297932524316592,0.004755421570544032
walk_medium,right_controller,20.0,60.0,29,0.004617619765451395,0.006528944418802733,-0.00011124816246917916,0.006866278042485192,0.006194833717382121,0.00703264180595398
walk_medium,right_controller,20.0,70.0,30,0.003535923719882849,0.012552838002792848,-0.00900723389110632,0.00769482965833304,0.007731875804018743,0.009036410715089888
walk_medium,right_controller,20.0,80.0,36,0.002834351321790642,0.005678314200888032,-0.000961596170807565,0.0054637850061659025,0.005367931796425634,0.006081978567122905
walk_medium,right_controller,20.0,90.0,36,0.003746114277668682,0.014420669537788255,-0.007015811111633101,0.003937301336895765,0.0037320037247578746,0.004215619106867709
walk_medium,right_controller,20.0,100.0,40,0.010948644006137046,0.011319804897318902,-0.006281469362455541,0.005489773735478017,0.005259544403973636,0.005817565024145652
walk_medium,right_controller,40.0,20.0,77,0.0009864412570032546,0.00596733881077836,0.004095255509561427,0.004479777244367115,0.0045135067105327616,0.004562315809993886
walk_medium,right_controller,40.0,40.0,75,0.00038979688477605047,0.0076518946528092244,-0.0002833177318945588,0.004106002343561303,0.004165443988128045,0.004518045614165871
walk_medium,right_controller,40.0,60.0,68,0.0036259936513627733,0.0073386021988898886,-0.003845006538353714,0.0036524618867723032,0.0037224790842603816,0.004278398131183272
walk_medium,right_controller,40.0,80.0,66,0.004310880024143158,0.012675236053645716,-0.004789270813536183,0.003833364667066385,0.003698833166859114,0.0042300639049081224
walk_hard,right_controller,10.0,5.0,20,-0.08589765981676643,-0.02304071339935231,0.00733627400495694,0.025248547255969315,0.025738322185401046,0.02689249196713593
walk_hard,right_controller,10.0,10.0,20,-0.11416083983050465,0.020318376207005804,-0.02742673161801528,0.034516983969536896,0.03309225881054018,0.036435921075522626
walk_hard,right_controller,10.0,15.0,19,0.00542474596086832,0.02439610547027721,-0.0037041528558844974,0.02213635064471573,0.020611304375492048,0.024162492750419994
walk_hard,right_controller,10.0,20.0,19,-0.004336926714672308,0.032402823932950964,-0.021805499752967625,0.015462556429495053,0.014834582282761133,0.015391612655644921
walk_hard,right_controller,10.0,25.0,19,-0.051271938553904786,0.007298791818427826,-0.006991924365056979,0.024230598010969252,0.024418862231002727,0.02558636754062611
walk_hard,right_controller,10.0,30.0,19,-0.03193319486934821,-0.02140546789822699,0.0010817298541913288,0.017155945781007043,0.019135641288137856,0.019719113285885822
walk_hard,right_controller,10.0,35.0,20,0.011636967092190349,-0.023129705420017976,-0.004397226410272912,0.014656402868182159,0.014758584072680738,0.01608685676669045
walk_hard,right_controller,10.0,40.0,17,0.050940532067007105,-0.02288561169775181,-0.012906090069068888,0.031099495810655752,0.02651530676012455,0.03352894842230128
walk_hard,right_controller,10.0,45.0,16,0.025448375592434475,0.048680269651995886,-0.019800011472409916,0.014993715608007687,0.017807055327835202,0.020038204929165207
walk_hard,right_controller,10.0,50.0,19,0.0009632946014065824,0.004379200570004834,-0.007485982708243005,0.008039468444310294,0.011089659259255815,0.01161055101429911
walk_hard,right_controller,10.0,55.0,20,-0.011727388204911447,-0.0014936863819517386,-0.016889007627239116,0.011042882111277522,0.013633587562060484,0.014538015116470024
walk_hard,right_controller,10.0,60.0,20,-0.013545394591504027,0.002618528223180032,-0.004972167132224883,0.011875791536841155,0.011396673697403738,0.013544416773252866
walk_hard,right_controller,10.0,65.0,20,-0.003445527064461774,0.011878827667859847,0.006368444413821179,0.011721291017300357,0.010851608199801516,0.014014170862319387
walk_hard,right_controller,10.0,70.0,20,-0.01951553823468707,0.014235720658298567,-0.004642469053237579,0.013654975302874442,0.01382098502514444,0.01715167112882807
walk_hard,right_controller,10.0,75.0,18,-0.01872356598411046,0.002712402755706391,-0.0015311194282654457,0.00966766048596308,0.009961393520577365,0.010710922444951566
walk_hard,right_controller,10.0,80.0,16,-0.010371057425787717,0.002176164856172209,-0.003070244133331801,0.015652796727478727,0.016324057855964844,0.01672354670640146
walk_hard,right_controller,10.0,85.0,18,-0.004032606851588385,0.03741109649891156,-0.01562845606690036,0.013833830713684757,0.01504389167388677,0.016449390008996756
walk_hard,right_controller,10.0,90.0,20,0.0022334534794381236,0.024661146342305464,-0.005990853596198888,0.01002483448296093,0.011022737062643303,0.012451054162458813
walk_hard,right_controller,20.0,10.0,39,-0.04058574666420349,-0.005365515194331278,0.005024776463294222,0.01602206614290719,0.015417674938541936,0.016937163322266385
walk_hard,right_controller,20.0,20.0,38,-0.026983690737332644,0.015902126269083643,-0.006397668878333306,0.013537074042562073,0.01298664636049123,0.014314319868676114
walk_hard,right_controller,20.0,30.0,39,-0.012733577059159276,-0.008092671385310038,-0.010804149698573101,0.012202294725151466,0.01213576783438041,0.012951470034661638
walk_hard,right_controller,20.0,40.0,36,0.014979057630643737,0.0038399785039479016,-0.015363479059804725,0.010351650485248482,0.011304889833577043,0.012688716805572924
walk_hard,right_controller,20.0,50.0,36,0.0028392917225133407,0.013288375061301856,-0.018866826552833938,0.010330311222353825,0.012533266828963729,0.013733195369101921
walk_hard,right_controller,20.0,60.0,40,-0.006728304016061906,0.005651012191467382,-0.00897203581443351,0.00821898081208395,0.008818696661573066,0.010368000854107393
walk_hard,right_controller,20.0,70.0,38,-0.009129197942958004,0.004979182048044999,0.0017988878027675285,0.007566446157249699,0.00731129678371369,0.008731334680823783
walk_hard,right_controller,20.0,80.0,36,-0.009115713772609337,0.010235331163903119,-0.00758009314829293,0.008022257968962391,0.008520207806336779,0.009254752893575066
walk_hard,right_controller,40.0,20.0,78,-0.02595375552371558,-0.0004966731389212467,-0.0017719610741888916,0.009333499115770208,0.009134832342457891,0.009870909498736168
walk_hard,right_controller,40.0,40.0,75,-0.0019373644166954872,0.000958326093081531,-0.01182639310234917,0.007255648164860273,0.007948370046106159,0.008666129635890609
walk_hard,right_controller,40.0,60.0,74,-0.0028849069752058727,0.008720709403095144,-0.007957530819959204,0.006239662081229587,0.006775011592626536,0.007759311727757319
