rec,ctrl,gap_s,t_start_s,V0_factory,V2_const_bias+K,V3_K_only,V4_timevarying_bias+K(10s)
static_dark,left_controller,0.554750695,3.218644744,3.1684559358105013,3.141244524477872,3.093615333788705,3.297786226491132
static_dark,left_controller,0.233087773,23.957827683,0.4095637217049008,0.19506665374306809,0.13607587071319602,0.13122231038429022
static_dark,left_controller,0.166383388,32.879400752,0.37458585024078006,0.3790724726590148,0.40493626700166124,0.30747940409623303
static_dark,left_controller,0.288563205,33.04578414,0.5735014636582988,0.618018421299464,0.5932042918160464,0.7078322617720932
static_dark,left_controller,0.466097125,40.59145309,0.3675881623932571,0.5197475292872107,0.617037646424148,0.4735780835035303
static_dark,left_controller,0.832154897,41.601213265,1.0792254215066321,1.2780289471338748,1.048231727172819,1.121636000014095
static_dark,left_controller,1.0319847,43.221309607,1.4111175853627147,0.8507250456265326,0.5161115610455707,0.7997583097569116
static_dark,left_controller,0.188592557,67.067538148,1.0444143065862015,0.8516478485976763,0.8727538525068314,0.8776691835578647
static_dark,left_controller,0.155385101,71.794586169,1.5333772719412202,1.4608105827668378,1.4712165110075504,1.502833055308049
static_dark,left_controller,0.321698493,85.210234174,0.8591242776062737,0.8043349437262858,0.8854747008068573,0.7826437986760818
static_dark,left_controller,0.843388511,96.484138327,0.7491047339583716,0.68073108192924,0.7615204780812537,0.6797942520438242
static_dark,left_controller,0.832196969,101.189046332,1.3830422713283475,1.0411542523612187,1.2590936546798908,0.9979022607023286
static_dark,left_controller,0.499394871,107.070137449,2.067316357223985,1.8611239192907219,1.9563356642674332,1.633702133139895
static_dark,left_controller,0.288372572,108.512805316,1.3674489404245502,1.6143808865799343,1.510972978255374,1.8319918595947702
static_dark,left_controller,0.255240678,110.243833669,2.505724003404719,2.137714172545537,2.233745889584452,1.8819019785364053
static_dark,left_controller,0.266206385,112.041477493,3.0051651024636996,2.6164141965551497,2.692872014811165,2.404861602948982
static_dark,left_controller,0.687973864,119.498215948,0.42465820466106297,0.35604193988746174,0.5068030160320378,0.3942288856268743
walk_dark,left_controller,0.454916847,2.841826916,0.4834726287162708,0.5237002394828384,0.5684273061597822,0.4916788718607358
walk_dark,left_controller,0.255168547,9.233353596,4.445075487873348,4.2619926038434555,4.183112978005638,4.226463187984334
walk_dark,left_controller,0.65472492,14.29334051,0.39719920522315516,0.2851176452938469,0.578662142424439,0.3109981763359886
walk_dark,left_controller,0.521551715,22.715482126,3.922819227614005,3.192254029714942,3.20351748866879,3.0228157437430037
walk_dark,left_controller,0.62138301,25.611745074,1.3562544130521712,0.7962373332523998,0.8755698654859451,1.022981377677012
walk_dark,left_controller,0.199783164,28.197112081,1.5420160229723798,0.8328857012978512,0.7890212699654876,0.8243144999619667
walk_dark,left_controller,0.166367517,31.836847409,0.5393846202814275,0.29671610177245356,0.3211746153075911,0.3536723456045339
walk_dark,left_controller,0.954238093,41.290945493,2.5266560063382095,1.7224712885623765,1.491370705597364,1.593868322691458
walk_dark,left_controller,0.166422558,44.553289066,1.4948902626250067,1.2451909475076701,1.2323099124030241,1.2456926776039328
walk_dark,left_controller,0.166541233,46.539546739,1.1043473294860455,1.2707524425658376,1.3301630888556413,1.3187122586986637
walk_dark,left_controller,0.366172989,46.972283579,1.3226307496904792,1.7106620777910302,1.5678851686403685,1.490677925974344
walk_dark,left_controller,0.222037772,48.115235022,0.625774422086099,0.24369645570399856,0.257737467734672,0.1732404127860324
walk_dark,left_controller,0.321935826,49.313592968,0.6074116905904761,0.3564782364045915,0.4448019293227351,0.6212787098976585
walk_dark,left_controller,0.543787106,50.933758091,0.7701457484466866,0.9111246256837611,1.1337885269434282,1.2751977737197506
walk_dark,left_controller,1.043075528,54.029645554,2.7730756050273264,1.9484142535062408,2.255606128009116,2.3766591046223864
walk_dark,left_controller,0.388281525,58.401702277,1.9351267841092221,1.9389009785063491,1.9945651571362981,1.866041437013163
walk_dark,left_controller,0.399524664,59.400296714,0.9924868840933436,0.8681275151687717,0.8232880446611188,0.8180537033129247
walk_dark,left_controller,0.576943657,60.18825637,2.1486170058926337,1.679207182083715,1.5817891817036447,1.752402071683605
walk_dark,left_controller,0.166506009,62.396323265,0.4053213310987341,0.4163693874830959,0.37228414554839084,0.4072124866502923
walk_dark,left_controller,0.765615232,65.95835892,2.0692049921963362,1.2431152755302801,1.4820357225869034,1.1439113671693066
walk_dark,left_controller,0.632525327,70.052865689,1.5193957231703825,0.8410330667096237,0.9442680026214935,0.44701239174521756
walk_dark,left_controller,0.443787856,71.206996643,3.1205623146697086,3.1610203004439765,3.088878340740492,3.0208995810441372
walk_dark,left_controller,0.676785769,73.637085894,1.0519131714966283,1.2397867907291484,1.1214112071713576,1.3676662451907102
walk_dark,left_controller,0.610266495,75.800841644,1.3163745198040897,1.358994328537582,1.3600182075564484,1.5062892627785043
walk_dark,left_controller,0.188624747,77.709450194,0.8516173251792206,0.9550208222706212,1.004748657720535,0.9664828873466612
walk_dark,left_controller,0.233057398,79.307338057,0.17829637864709022,0.3733386335015738,0.44141328474598496,0.35880081215196474
walk_dark,left_controller,1.054219679,80.67218017,3.4856960491994498,3.299524700380178,3.585320079791325,3.57211355306748
walk_dark,left_controller,0.210871237,85.6211524,2.654921411711983,2.3488647024974005,2.4051836707008962,2.3924021449982456
walk_dark,left_controller,0.355083229,101.877388666,1.225057055301841,1.144464420612075,1.113444892016153,1.2549643845928133
walk_dark,left_controller,0.465912583,102.698701306,0.41925551367165775,0.46092261690838787,0.391225233893538,0.5080479374213193
walk_dark,left_controller,0.754513518,115.0268036,0.804363115742636,0.8471384948256433,0.7813786677832233,1.5169222892365808
static_easy,left_controller,0.244043177,0.703023546,1.9339005942352052,1.6940172489581615,1.6226612867364931,1.7011418613281173
static_easy,left_controller,0.410505633,17.247973415,0.6969417539557453,0.6522828131310722,0.541446024329385,0.656841124230933
static_easy,left_controller,0.232993311,19.988807219,1.464504413353817,1.4788136872832849,1.501662505366432,1.3977702940546226
static_easy,left_controller,1.153997478,32.539076532,1.2136749354080478,0.7955371240831641,0.9888096532466693,0.605645308381158
static_easy,left_controller,0.277360126,40.550669129,1.2121308285755867,1.1730302272786106,1.2027626851765778,1.1893736373389268
static_easy,left_controller,0.887764467,45.754891992,1.6883926116329606,0.6116337972515365,0.889378943258167,1.0812112717611635
static_easy,left_controller,0.632513703,51.602825153,2.1335633205464672,1.8715233988514963,2.0812260396489,2.057083783609956
static_easy,left_controller,1.087450056,53.578019107,1.7689820848703055,1.2197604808324556,1.540819525756457,1.236969543429758
static_easy,left_controller,0.810055418,57.994454691,1.1739424133416763,0.7838812888864995,0.6080213139898573,0.9000888229707585
static_easy,left_controller,0.588124111,60.16936693,0.53660338960204,0.6183483085057992,0.7323446060167054,0.45493837384882874
static_easy,left_controller,1.076298959,64.053268624,1.5854000972596507,1.0622398588821294,0.8469449697998942,1.2030217297463115
static_easy,left_controller,0.221847626,65.262733752,0.8756507779104599,0.6738627449672248,0.7533437009868269,0.6496610861479548
static_easy,left_controller,0.155394558,67.759443902,0.3413067062773898,0.3189451382140263,0.2716405375330884,0.3303751406513487
static_easy,left_controller,0.188587613,76.714333818,0.9587976502869631,0.648167962710264,0.6270947980844097,0.6278347325877288
static_easy,left_controller,0.399437392,93.725419282,2.967333166856914,2.121213123782454,2.168284255039534,2.0748724850079032
static_easy,left_controller,0.388370956,106.142351644,0.8646786252047646,0.4483038989291121,0.5287243623237106,0.5298176323618
static_easy,left_controller,0.565921463,107.596024167,1.053381753360339,0.7743713826423585,0.8816614107456666,0.8156168839388468
static_easy,left_controller,0.355106338,110.003899926,0.4464229837159548,0.3716383583723789,0.416510896996408,0.4870109585911108
static_easy,left_controller,0.521473645,117.727039041,0.9481212168930913,1.2070267514231354,1.121204016760316,1.151176316043409
static_medium,left_controller,0.454912423,3.174907345,0.30783322368928034,0.3362044388167038,0.46942158436536807,0.4271806243174485
static_medium,left_controller,0.887723308,4.539768655,2.7839852420733715,3.56267499417082,3.472572900479443,3.641619216148125
static_medium,left_controller,0.366115522,5.904650525,1.134250194681319,0.6603420408905054,0.7635296856469119,0.7156855338827897
static_medium,left_controller,0.421609545,7.33606216,3.5875717172137365,3.734786884703223,3.678161431087129,3.6386662079076726
static_medium,left_controller,0.199825904,8.301428677,1.4246586513680273,1.5412540870443376,1.599215392365858,1.5450974432527935
static_medium,left_controller,0.510539733,8.956152596,2.036484757137437,1.1384855225945578,1.1630214586627734,1.2019939832955584
static_medium,left_controller,0.38843554,13.161620173,0.4488126349658275,0.7805672676623993,0.8230278154628181,0.790783235594394
static_medium,left_controller,0.399473407,18.221625788,1.1145824951701508,1.60593819170109,1.6026958091327044,1.778613284701397
static_medium,left_controller,0.188752271,18.720916778,1.129404411646344,1.0937405537518878,1.155225960813855,1.0540661334397858
static_medium,left_controller,0.654676989,22.68248472,1.930593843653882,1.845328038579532,1.8272930788322315,1.9685457855714439
static_medium,left_controller,0.754563111,23.414751833,1.8961914024477162,1.8591353457811526,1.868057364525228,1.8867416303720388
static_medium,left_controller,0.499381414,42.988918859,0.4162617442347256,0.341210220180001,0.4120318236520974,0.2871908353976532
static_medium,left_controller,0.388377579,45.751920884,0.8916990545819908,0.8880186929120845,1.005760858420511,0.8654421243318411
static_medium,left_controller,0.432783767,49.280597621,0.4906534620584261,0.5950189531937208,0.6138421047376142,0.4995090010287306
static_medium,left_controller,0.25518955,53.308600906,0.7340181189202287,0.4572697808793041,0.47301321245119465,0.3989387379868622
static_medium,left_controller,0.199615323,54.462681646,2.8738499847810046,2.162954529501655,2.208828212936802,2.1383399953428444
static_medium,left_controller,0.688049095,55.072971746,2.3978268779774643,2.457897135689361,2.5989123516440826,2.324473580690473
static_medium,left_controller,0.244090076,55.860828573,0.6490429639574442,0.9784405419320669,0.9224872862562331,1.0270089724289762
static_medium,left_controller,0.354990995,56.437887736,1.4519590283853032,1.9084108281635763,1.9753193924940544,1.849864687031342
static_medium,left_controller,0.532610945,59.200844884,2.1679555943790243,2.1912826008896644,2.2909218156830686,2.4050113815524985
static_medium,left_controller,0.388444176,59.999694209,2.211901646231929,2.541940390342074,2.6504990195075298,2.5732258064931535
static_medium,left_controller,0.421731543,60.632218656,1.1010992156279769,1.4683437023617483,1.5926989778980523,1.489403132289572
static_medium,left_controller,0.48823385,61.298034474,3.227028545265033,3.3966870399098563,3.490305817695879,3.524181422448696
static_medium,left_controller,0.388475102,62.230084626,1.9044694356226943,2.0731049492172184,2.0202907975550257,2.150090253256169
static_medium,left_controller,0.166414535,65.326024049,1.4785353694362,1.1869341613316104,1.1456707516414173,1.2065072786259041
static_medium,left_controller,0.188673487,66.191570911,2.6607734056776664,2.53718880961878,2.5774085607851087,2.5365823065708653
static_medium,left_controller,0.255299918,67.156917934,0.9784369111665322,0.9144685027006234,0.8721158162800281,0.9842681456862679
static_medium,left_controller,0.221870659,72.050518291,1.554848084990842,1.3158875041804063,1.3299561227861632,1.380037057849142
static_medium,left_controller,0.355122794,78.675009966,0.8662244676325483,1.2924815598157924,1.3827733413807612,1.364977487806635
static_medium,left_controller,0.388432149,83.169102863,1.08267417235182,0.608479430549877,0.5389725052339929,0.7594831729646287
static_medium,left_controller,0.199707487,83.923677957,2.8869891860238655,2.798768318595326,2.811107245464008,2.8256235207571576
static_medium,left_controller,0.288644325,85.632494753,1.1048229970580092,1.3972933951622326,1.425778515070476,1.5797652798090724
static_medium,left_controller,0.632559589,87.996065658,1.81909013378151,1.3897778184522172,1.4642662912162527,1.5099085644292363
static_medium,left_controller,0.155401158,88.994743962,2.0974215334597326,2.297371046187335,2.2945974740598114,2.3055513754373482
static_medium,left_controller,0.399411154,89.394230158,2.095180782639818,2.2565588058537682,2.3652782191561963,2.4258031289223
static_medium,left_controller,0.399491349,91.191859364,1.0392012854908363,0.9377801269958852,0.996019892081174,0.8884858716800308
static_medium,left_controller,0.465944033,92.179505984,1.3771435830345242,0.7650013700323706,0.8210453890577334,0.7892364929124549
static_medium,left_controller,0.554898054,92.822941182,0.5091090832023565,0.7042764216385309,0.6642719486726114,0.7554161719616745
static_medium,left_controller,0.255298326,93.588698209,0.3374527566327687,0.364561858468426,0.39208198746121586,0.3453073689570199
static_medium,left_controller,0.688015714,94.054699278,1.1703686898112395,0.23140666089102493,0.3013453518509195,0.29740525908724275
static_medium,left_controller,0.155175804,94.95370264,0.5272080160300414,0.6689380626742869,0.70978456746284,0.6950539786029277
static_medium,left_controller,0.288541735,99.713927338,0.9610423056801217,1.2304538159638272,1.1855593283398167,1.2365136935643826
static_medium,left_controller,0.477215742,100.202119732,0.900578125572781,1.4171663313281346,1.2869461997773288,1.3591549193104766
static_medium,left_controller,0.221902903,105.672747732,0.4574083936929761,0.9635945788843808,1.0284118219444982,0.9325052559749641
static_medium,left_controller,0.388387199,107.53690393,1.2629479455084314,0.6191804959372456,0.6148533236997152,0.656774908156518
static_medium,left_controller,0.332731127,108.435855678,1.3751088824548658,0.3943009707434947,0.33899121395361415,0.38787679847667894
static_medium,left_controller,0.299689494,108.935038525,1.0349679175821727,0.9918942418362331,0.992193020193383,0.9928700017781547
static_medium,left_controller,0.332933335,109.434419553,0.7717952897360785,0.7265684066402841,0.7270656581658972,0.7225280052881036
static_medium,left_controller,0.332863321,109.967048875,0.49320531438681303,0.22200539187581525,0.20522307257181366,0.25921001706823965
static_medium,left_controller,0.33291125,110.555141159,0.7195593842094653,0.6637027092559019,0.6905553587459359,0.7059750668849993
static_medium,left_controller,0.299652719,111.298603109,0.9962364785568824,0.8112419739868758,0.8922937723852705,0.8102415480525185
static_medium,left_controller,0.277426107,111.986573509,1.347418375976869,1.341055705455373,1.3309507546749175,1.3044422234884188
static_medium,left_controller,0.232939421,112.918771975,1.0649074742491351,0.976008648513233,0.974776852508851,0.9421908185710421
static_medium,left_controller,0.255222758,115.626233625,0.6592786033310255,0.6353844402757228,0.7051139643539055,0.6763149497908617
static_medium,left_controller,0.35510399,116.292051599,0.6796391213760276,0.40969396934661023,0.41390978713467935,0.4283029472054068
static_medium,left_controller,0.25511357,117.8233882,2.284895834873029,1.6595004622999314,1.6189718254138137,1.6126363361555183
static_medium,left_controller,0.710173441,119.110463806,0.8530767063892619,0.6212148297182394,0.6973694975212431,0.8289333646966057
static_hard,left_controller,0.510544573,1.852841442,4.3838087117335185,4.282545560923742,4.242921274791371,4.4129983095188825
static_hard,left_controller,0.499346839,2.796098917,1.5403183394465219,1.5617116364535464,1.5213635226121145,1.74814932787193
static_hard,left_controller,0.19968359,4.027840221,1.844791737381213,1.8434969885375367,1.9187412687420695,2.0747509393755865
static_hard,left_controller,0.222013915,5.858729368,0.7356082104230374,0.9403345341283939,0.767368595827602,0.9817180434056412
static_hard,left_controller,0.188659681,6.690936706,0.44432659276056097,0.7578762385562905,0.8236695272755805,0.9240032940675132
static_hard,left_controller,0.577002377,7.41220904,4.073777100466974,4.002610926331758,4.396264532522049,3.7405836041282257
static_hard,left_controller,0.221960239,8.222238451,5.431676861234954,5.462192786964116,5.546857972012895,5.500496452973825
static_hard,left_controller,0.255265535,8.655020843,1.5259109371977841,1.6115904976644857,1.7402407246023741,1.610012775501183
static_hard,left_controller,0.188528427,9.72031814,1.6312344249866617,1.0352508626022274,0.8912263158397691,1.041417591501102
static_hard,left_controller,0.233066305,10.053153739,1.8442849953307565,1.7422340791441948,1.764970243448584,1.7318679695749122
static_hard,left_controller,0.787830586,10.286220044,1.9479025803270476,0.9009875987265762,1.2657973392360526,0.6207983300436577
static_hard,left_controller,0.366227788,12.07269181,2.0639951089678537,2.753960234078725,2.7978844118532527,2.6296549105759106
static_hard,left_controller,0.166450287,13.615113802,0.5834900683644795,0.5352000364395104,0.4940579775717061,0.5750316597641064
static_hard,left_controller,0.388234994,14.480722154,2.2871667927638817,1.9360024308099362,2.1743328701922,2.0613888486942202
static_hard,left_controller,0.299718488,15.667954033,1.279088481943416,0.9344563365957572,0.8920097181241815,0.9275213503875086
static_hard,left_controller,0.266258218,16.300528355,1.2414506609706435,0.9392300087762263,0.7270060312991425,0.9382102141136743
static_hard,left_controller,1.142954476,17.665326742,2.538651951194118,1.9868651323053175,2.7900648602409657,2.2791917841533222
static_hard,left_controller,0.232921967,19.19672143,1.668819478306054,1.6213587976639114,1.6885004251125861,1.5378619415816113
static_hard,left_controller,0.177511089,19.662721517,0.650432110604339,0.44516444032861296,0.5583434530366371,0.5678388481184101
static_hard,left_controller,0.199802348,20.261872641,1.2144664620658796,1.4313453278865393,1.437709775823041,1.5119012237626652
static_hard,left_controller,0.699089564,20.506024871,1.221676643355966,0.5724122333147795,1.0033003284062905,0.9829222088226088
static_hard,left_controller,0.36611654,22.059522055,2.1471008816845734,1.873583619976805,1.6561410258601628,1.835419834656367
static_hard,left_controller,0.565898285,23.391073682,3.41376862407392,3.504703744007513,3.612475078954336,3.288510494078743
static_hard,left_controller,0.299807859,24.134484667,1.5593248688162622,1.9242841642021304,2.0049988097566227,1.80035218573604
walk_easy,left_controller,0.843344892,4.205821702,1.3306189933461077,0.7278097972652509,0.851787512640725,0.6377317562108502
walk_easy,left_controller,0.499394302,7.246191313,0.9763295348869552,0.772955126444103,0.7048851993639771,0.7578548639568231
walk_easy,left_controller,0.698995678,11.363086227,1.8113061210084993,1.2278144210985158,1.2091504104586657,1.128212472817415
walk_easy,left_controller,0.632469644,19.82964519,1.3165083322380307,1.1107511859032349,0.9822297005385014,1.2387302678150225
walk_easy,left_controller,1.087457098,25.022735421,1.7538931311763992,1.728001775459626,1.5649506711849879,2.4194582678976078
walk_easy,left_controller,0.399596898,34.332612147,0.48435301780124446,0.5879724100732018,0.5172062672168968,0.6412731065362629
walk_easy,left_controller,0.521448382,36.540918725,0.8633126809766031,0.685991640669429,0.6364873513238452,0.7690836758872357
walk_easy,left_controller,0.432739941,45.584429156,1.631212362488209,1.6602211267210636,1.6372876469730266,1.6572691664074155
walk_easy,left_controller,0.688015711,47.559596859,1.2213474895222303,0.651620822144646,0.6479584178150573,0.7764061130572755
walk_easy,left_controller,1.176141474,49.712330977,1.6003006963900677,2.211414251928627,2.2868182409491533,2.2775082672899707
walk_easy,left_controller,0.798957107,52.142516801,2.624822260375245,1.5212198710030436,1.4571701562134727,1.6437489293264202
walk_easy,left_controller,0.33298113,53.2852701,0.8437014971264538,0.3542869667641955,0.40725778820251823,0.3083104519434796
walk_easy,left_controller,0.665800478,58.378595539,2.3915658628629735,2.3354686757156644,2.173787726494968,2.4078161780855187
walk_easy,left_controller,0.221911214,60.342706076,1.0477183539281567,0.910653846007182,0.935584374097332,0.882169358610579
walk_easy,left_controller,0.599177566,62.073768349,0.5317160661533235,0.7970768365122506,0.8565506259673968,0.8189248008933971
walk_easy,left_controller,1.198485452,63.371973852,1.8517733085538035,0.32996122889914437,0.5939004053123195,0.4106378249959732
walk_easy,left_controller,0.499220225,65.191897814,3.493212250532869,2.0836279903308625,2.191834502276593,2.156037888361497
walk_easy,left_controller,0.188723988,66.101706566,3.5188127719690927,3.3905474079437385,3.3938102000064303,3.4632336043073306
walk_easy,left_controller,1.054152782,67.233626016,4.125540114206047,3.106946971381885,3.139318777158212,3.339978549892497
walk_easy,left_controller,0.199578542,68.354387071,1.4413158195169733,1.185841888935807,1.1731066804086245,1.267232630398617
walk_easy,left_controller,0.78784807,71.494594985,1.42412776216473,1.5010865296556377,1.5434034607038667,1.2987966970750133
walk_easy,left_controller,0.188699999,74.457356414,0.3045656433408836,0.5062468637029011,0.46710794699257374,0.4988404214095937
walk_easy,left_controller,0.332918923,84.865864023,1.459113010318288,1.411537748409945,1.4464570169137172,1.4320627229372092
walk_easy,left_controller,0.898882102,86.34160734,1.5756094787943378,1.4428313575079688,1.7029619841632027,1.2277206563577847
walk_easy,left_controller,0.499353981,88.572061934,1.2769105828649654,0.5825990748811329,0.7411505530547547,0.48796691768042444
walk_easy,left_controller,0.421697854,94.098049183,1.8082054189342667,1.2540250883006636,1.3080410526746697,1.1833829724468425
walk_easy,left_controller,0.432772311,97.182834307,0.39867370610743724,0.7504641891145485,0.637445817792861,0.6268396343453829
walk_easy,left_controller,0.821224113,98.059405784,1.361320392589102,1.4432379108112559,1.2193401935564854,1.1298685216579107
walk_easy,left_controller,0.321723047,99.557548212,0.7929760941767798,0.5619655819435239,0.5692160456473646,0.6216954088645845
walk_easy,left_controller,0.73237749,100.323143365,2.3529687725864497,0.9808860478532367,1.1235546438787154,1.280404588252522
walk_easy,left_controller,0.421682481,101.355101177,1.5364931909997912,0.8452070236512912,0.9625407579080911,1.023758712344241
walk_easy,left_controller,0.599242227,102.287204831,1.5157739379142416,0.6547215873567754,0.5470636922823515,0.5050267344285799
walk_easy,left_controller,0.465975275,112.240766056,1.1955108612917673,1.1173801065123559,1.0979757281301494,1.1594167949416365
walk_easy,left_controller,0.443898442,113.394705267,2.021588449616881,2.0791300731548166,2.1313331775170203,2.0675876547684355
walk_medium,left_controller,0.188585681,4.785956237,2.298335533740771,2.2278202553709052,2.1785618897989067,2.227040893051929
walk_medium,left_controller,0.188593237,5.984343139,0.37203567593472375,0.769267525311549,0.6695793155027342,0.8330916075003928
walk_medium,left_controller,1.065310384,7.881752548,1.4240026556313061,1.0415533172375542,1.3572121779271764,1.3422601804034917
walk_medium,left_controller,0.99874696,10.433987296,1.6595640427420326,0.8294262866653848,1.2379883085723786,1.1676291323853232
walk_medium,left_controller,0.332822103,11.998598458,1.2866302169327535,0.8494135920399438,0.6897932911759337,0.8604364617361385
walk_medium,left_controller,0.388457954,13.407840065,2.7299548727617444,2.748097201383183,2.7957622832651245,2.617289371457182
walk_medium,left_controller,0.432628213,16.292970242,0.47285526651274273,0.5838545071766988,0.6657325069121064,0.2507247616295764
walk_medium,left_controller,0.377308749,16.99197517,1.2677624717626843,1.493977106997672,1.523770934368975,1.21640964629372
walk_medium,left_controller,0.455003831,17.635541042,0.9460014011086842,1.1887091760258384,1.378175565744716,1.0698141311774845
walk_medium,left_controller,0.932095373,18.401246781,2.235813246877639,2.182148599022838,2.5406721444735543,2.1270434731198695
walk_medium,left_controller,0.199718511,19.999142198,0.5097711893582497,0.9138112216998324,0.80849739856232,0.9558224167902851
walk_medium,left_controller,1.187412161,20.731457926,4.1640002568453935,2.9872526783525006,3.281873038639702,3.162043034926505
walk_medium,left_controller,0.621393861,22.395949852,1.606013635038384,1.362639983247848,1.2604952059553576,1.3226883074601736
walk_medium,left_controller,0.288486641,23.461245365,2.8686288173552694,2.2500791492154923,2.287641066608963,2.358699988116211
walk_medium,left_controller,0.798915533,24.626317207,3.6512870334110623,2.5953707946622084,2.578450201117864,1.8451976471229468
walk_medium,left_controller,0.355167005,25.42523274,3.3328199366618096,2.651880597780123,2.582867955322034,2.491948792880889
walk_medium,left_controller,0.355078318,26.224194504,1.6506201803199527,1.2766374005082353,1.327123540045242,1.1074311427721948
walk_medium,left_controller,0.366131776,26.945564464,1.0733489487851589,0.9934363720783086,0.843651339103577,1.0549487385109368
walk_medium,left_controller,0.399540221,27.822070392,1.3854055560826566,0.6988259997490106,0.8898386362083318,1.0036648252284852
walk_medium,left_controller,0.987532536,28.98733828,1.6558172880815547,1.8083181447341399,2.056799814972827,2.251422956821417
walk_medium,left_controller,0.443876387,30.374297382,2.3286242793428955,1.633458269803461,1.5543063558083405,1.4813001768271425
walk_medium,left_controller,0.532631567,31.517258217,2.5675538896386745,1.1020332069048941,1.353823439068808,1.2713498295007277
walk_medium,left_controller,0.987588697,32.848789926,2.0205613326957397,1.1793438780034495,1.3740021764093053,0.7987959765702518
walk_medium,left_controller,1.198351625,34.546567041,2.4168754239561014,2.2800229168322104,1.9372650780695515,2.061534612078788
walk_medium,left_controller,0.288630581,37.442695662,2.8445186038573476,2.5166669801862587,2.4428075128911404,2.4531508477593804
walk_medium,left_controller,0.299670211,38.774249756,1.8958057820364806,1.6356962664613528,1.6573399990867324,1.708922010999087
walk_medium,left_controller,0.166575603,44.866157039,1.1007773129578544,1.1487306842921419,1.0519976203045043,1.1809247856136682
walk_medium,left_controller,0.199689832,58.614723369,1.9385155777728327,2.0077500337954084,2.015741705075156,2.0703714430717377
walk_medium,left_controller,0.177510503,59.435916953,0.7844961919615865,1.0201979744381144,1.0450754591146563,0.9813056633379095
walk_medium,left_controller,0.332892564,60.645385846,1.0938558165634542,1.5482651945917179,1.6104588664842652,1.5048264625240948
walk_medium,left_controller,0.233119966,61.067012705,1.0422828957825647,1.1723428588269684,1.0720117002655114,1.1250124553294254
walk_medium,left_controller,0.255220981,62.076838808,1.4594774435044522,1.5138524566080087,1.3607831164484616,1.4358202826960518
walk_medium,left_controller,0.221927295,62.842455936,0.6017385244441434,0.66920112141003,0.5973869150587483,0.6371982033500846
walk_medium,left_controller,0.32176479,63.641415999,0.7646687137343854,0.8396545685381939,0.7331549619777226,0.8125112777576612
walk_medium,left_controller,0.188693603,64.207272636,0.8685462663415054,0.8496050700864156,0.9570957855102479,0.9014573397686536
walk_medium,left_controller,0.355064845,64.540266672,0.5588884471630334,0.5246864535133517,0.5180251167292025,0.4800600509785844
walk_medium,left_controller,0.166433921,65.139441728,0.462932815779346,0.4725665296561826,0.5361585462527214,0.48947612723601114
walk_medium,left_controller,0.532675645,65.328026027,1.1332543282654775,1.2546925403664928,1.0929178879613677,1.2067226585883666
walk_medium,left_controller,0.554869518,66.371145871,1.293613607232315,0.5146774946921537,0.7613802023325547,0.5388089058927106
walk_medium,left_controller,0.277475877,67.591717003,0.8163420452945681,1.0609207530566316,0.9817064178732334,1.0554726151499987
walk_medium,left_controller,0.588078097,68.701468164,1.2008417446953858,1.1695553290433505,1.0818715534341534,1.0843100391581106
walk_medium,left_controller,0.355102163,69.766666303,3.2783012733189922,2.2673783061293404,2.388129839868273,2.2188580931518778
walk_medium,left_controller,0.366171257,70.587827584,2.1490331776222362,1.2010520574024257,1.3786260341597563,1.1450512052626534
walk_medium,left_controller,0.266334149,72.862583814,2.02865343578823,1.368909024639141,1.4816139047857646,1.3699115506386
walk_medium,left_controller,0.299699523,75.126165562,1.5583442713940654,1.0931791875141008,1.2124790715512086,1.199988264645219
walk_medium,left_controller,0.321935691,75.592267341,0.958456610139366,0.5145059052476145,0.4897084977765814,0.506895423267204
walk_medium,left_controller,0.421726107,79.154186697,1.740590506635922,0.8645615571396298,1.0398160597663229,0.960353857435767
walk_medium,left_controller,0.266286497,80.40821847,0.9575064275457312,0.28845215313086797,0.3692893629428321,0.42940915060990054
walk_medium,left_controller,0.321893378,82.050403878,0.6938022206946939,0.4948671784959433,0.331206540831146,0.47276520393487476
walk_medium,left_controller,0.277433404,82.638497087,1.416504125180351,1.506012652709047,1.3421394911215927,1.3830481945216684
walk_medium,left_controller,0.266307787,83.204453346,0.9913013994233428,0.9912306789130418,0.8463057708390475,0.8933581937732995
walk_medium,left_controller,0.299689088,83.71480829,1.7450413226293024,1.984839864546387,1.8407249635745968,1.914244630670809
walk_medium,left_controller,0.222009587,84.247513335,0.30656591074337497,0.418410028730043,0.3931180518891347,0.42282726484738503
walk_medium,left_controller,0.221911334,85.113023748,0.9372563554543777,1.0327183188425872,1.064105986640539,1.0808032161255763
walk_medium,left_controller,0.410651289,86.599882565,1.4973909237584222,1.0939452214902798,1.1578605284946537,1.1458243072774477
walk_medium,left_controller,0.388381738,87.210300523,1.7081415027407767,1.0488306901796005,1.189219668879909,1.2145974746639772
walk_medium,left_controller,0.343796848,87.831807275,1.1335814309078034,0.9684565745371044,1.015518055002077,1.0864905015651323
walk_medium,left_controller,0.521541117,89.074471463,2.3529471721070756,2.5161026450960935,2.6994485430636996,2.665174233939781
walk_medium,left_controller,0.310639933,89.79574186,0.7746479435305569,0.33741219093654645,0.5017987144606723,0.5607843336766525
walk_medium,left_controller,0.221814229,90.439367276,0.9862934686841941,0.9489092288921616,0.9917053237748168,1.0729595107206902
walk_medium,left_controller,0.29956213,90.894278397,1.132979989486207,0.58107590672496,0.54692948836974,0.6671357472305538
walk_medium,left_controller,0.488243458,91.471281306,2.092905226929836,0.7251223235284829,0.7183643081491325,0.6802798332950558
walk_medium,left_controller,0.18861671,92.569862919,0.3760864993089505,0.9037972341622733,0.7976004220782404,0.9303129242693737
walk_medium,left_controller,0.266228181,93.956958529,1.165966165821338,1.513007682691864,1.3733638328808435,1.6984586432315298
walk_medium,left_controller,0.299629516,96.564534596,0.8336358643841534,1.2761091704432874,1.1516024119602615,1.3370162074197567
walk_medium,left_controller,0.676941762,97.918281272,1.2519165450675218,1.8805127736867426,1.8080976443124166,1.9026282800717267
walk_medium,left_controller,0.344053651,99.349740043,2.08009702180104,1.1629993059974324,1.2934630322453404,0.98085032634281
walk_medium,left_controller,0.432945074,100.51484345,1.2547529031223494,0.8792830301325211,0.9316863640535235,0.7194449102626309
walk_medium,left_controller,0.399506476,100.992014976,1.7026061637610126,0.2151088558426255,0.456787135114096,0.23466766379849577
walk_medium,left_controller,0.155321631,101.824270913,1.6323041581656261,0.9087354280878026,0.9809149556852107,0.864428183009823
walk_medium,left_controller,0.166487819,102.15715871,1.1112209005895854,0.3284186405553829,0.3749576886371578,0.28437241211550307
walk_medium,left_controller,0.266302,102.778599659,0.7278830839759542,0.9180018791969065,0.998143286525242,0.7739571682162623
walk_medium,left_controller,0.421768594,105.153157045,2.508924879377621,1.9306909796816973,2.0609067142182416,1.770535837267351
walk_medium,left_controller,0.466046462,106.473679599,2.8613424576399074,2.655384004067314,2.665512204187919,2.6195616787085254
walk_medium,left_controller,0.521664374,107.483450624,3.4837762331295243,4.021861278602734,4.071944611988024,4.0713777824171915
walk_medium,left_controller,0.732356474,108.437746568,1.1955986741854123,1.4950225279269955,1.76903396636423,1.380039821777892
walk_medium,left_controller,0.26627997,109.580699453,0.743860919371734,0.7514881785903262,0.8144367903802033,0.7136423160912369
walk_medium,left_controller,0.721337846,109.94681433,3.140751641314284,2.314853726694825,2.4595072805344125,2.2451151771934397
walk_medium,left_controller,0.621453657,111.145271941,1.4838015685690038,0.7729292181644254,0.8077628977727724,0.8134856013030027
walk_medium,left_controller,0.721065347,112.410456013,1.0505386787364928,1.2486562292233712,0.8998571662628968,1.0973684866660167
walk_medium,left_controller,0.155404376,113.675301868,2.5253901780234327,2.0230955797635066,2.0361639490967764,2.0544366396877183
walk_medium,left_controller,0.599229068,114.207876522,1.1343033825042688,0.789566169275393,0.6252315809411978,0.6269126730003611
walk_medium,left_controller,0.288521456,115.006839196,0.9773029933413966,0.8811861729298759,0.9837825504528649,1.003572400214891
walk_medium,left_controller,0.188687976,116.471517004,0.8063190058390693,0.6712485726365207,0.6045736631734218,0.6777423172140092
walk_medium,left_controller,0.321917303,117.104054474,2.0960147705675736,2.4599892570602777,2.4910374199837713,2.535259619767921
walk_medium,left_controller,0.255185677,118.102757602,0.4403562524271876,0.27484302424623475,0.3362875783337392,0.3839671091817082
walk_hard,left_controller,0.366227269,1.28382334,1.0703424451814854,0.8858423063329108,0.7996685964847452,1.823346930627244
walk_hard,left_controller,0.821119611,2.116088614,3.7486019112727704,2.6252345919701208,2.981497462065748,1.2832807201482404
walk_hard,left_controller,0.621381577,3.281251461,0.6656656997097952,0.4661420516724916,0.3025213822666889,1.9707399845970919
walk_hard,left_controller,0.332862441,4.379814815,1.2423401688579108,1.5387442656789532,1.7496071076261888,1.2051265401311544
walk_hard,left_controller,0.521610336,5.112083686,1.3582575123759302,1.2072551136672547,1.1785271507893846,0.9788727391458799
walk_hard,left_controller,0.2773697,5.999865008,1.5219234363116578,1.1448425711035735,1.1559684179869092,0.6642232875646593
walk_hard,left_controller,0.222032849,6.510218538,5.106122024884617,5.356504654283937,5.3018966169873565,6.044621364133727
walk_hard,left_controller,0.288485358,7.575523709,2.0615486119276167,1.9199528120784093,2.06448444873011,1.6080997850605507
walk_hard,left_controller,0.222000154,8.174752483,1.98487158034712,1.561336694209233,1.6188161192014856,1.2148112053539808
walk_hard,left_controller,0.421778539,11.437068821,3.221462561409683,4.123382635179481,4.277137729936389,3.8222208296026543
walk_hard,left_controller,0.399499413,11.85884736,2.365536058536337,2.2985253211629213,2.2436321622078634,2.390548960346618
walk_hard,left_controller,0.454927345,12.335891728,2.196421413219257,1.1541315945528927,1.0028790573596231,1.374809489144236
walk_hard,left_controller,0.698946695,13.001750349,1.0631975259467155,2.049586450860458,1.8614304653770375,2.7433262710917607
walk_hard,left_controller,0.421609268,13.967110308,2.021946033826083,1.712289122390275,1.9705972830276859,1.67402671404722
walk_hard,left_controller,0.532547011,14.96578113,0.748908951375048,0.5331725394796154,0.8332913443592227,0.36916160697437955
walk_hard,left_controller,0.188548455,15.997751832,0.9211372293689292,1.240068356405686,1.285339050483657,1.1999794516944524
walk_hard,left_controller,0.577075408,16.718897501,2.0677716261837458,0.7187609876012446,0.710257366208429,0.5843168626642342
walk_hard,left_controller,0.754539134,17.895166785,1.764466934634859,2.0284914218115078,2.010872953649475,1.9777831848824878
walk_hard,left_controller,0.266402013,19.182257856,1.6913736166223998,1.9180480117003427,2.0849996525005414,1.8470557132725713
walk_hard,left_controller,0.577078605,19.781524354,3.00199182590364,3.223784175710936,3.383001290884834,2.9558617569432255
walk_hard,left_controller,0.233063484,21.146426818,1.2717230023386108,1.1651475649651493,1.225364678162537,1.1798574711982213
walk_hard,left_controller,0.465980273,21.623620906,2.0283475466408616,2.69188178061274,2.4545839772183946,2.6364293408270125
walk_hard,left_controller,0.554799701,22.256041274,0.3955519743958564,1.3110314489866346,0.9708183698614586,1.2941190510049532
static_dark,right_controller,0.332932033,26.040789052,0.16045133057444178,0.37919314339306914,0.39393117092771573,0.40501474448430874
static_dark,right_controller,0.155301105,35.006715258,0.7877524140754244,0.82518957908189,0.8539637560550797,0.8766351405727217
static_dark,right_controller,0.466082474,41.819909083,0.8587303846221025,1.30309172264511,1.450490876948014,1.3243308715890996
static_dark,right_controller,0.721248214,43.062821025,1.6813255682731876,1.2079997854917268,1.061857413760839,1.2130109035026364
static_dark,right_controller,0.222017155,64.667465604,1.0175875258350906,0.9700075928804538,1.089298228062384,0.909052250060704
static_dark,right_controller,0.255323958,85.972635865,1.5919683310055466,1.4082968035833545,1.4819542095609342,1.420103166443381
static_dark,right_controller,0.288494854,100.95279533,1.4737432732988627,1.1069463250271294,1.1900546892852626,1.0112834404217301
static_dark,right_controller,0.632558954,119.528367024,0.7570676067838171,0.53119433007312,0.6200818764648572,0.647121534332204
walk_dark,right_controller,0.654670455,11.607284346,1.8947734410803112,1.4315521184974915,1.305302915318508,1.5042971690492386
walk_dark,right_controller,0.233066504,13.970759915,0.7185249045253025,0.6573657624402186,0.6761225582199597,0.7507411046404054
walk_dark,right_controller,0.355190189,18.131942655,4.317499745209364,4.021910738772215,3.931999088382427,3.9345945150576265
walk_dark,right_controller,0.266239706,37.70611892,2.122237383819021,1.9040848985727226,1.9938595710321547,1.901708036121019
walk_dark,right_controller,0.510381186,38.194343817,0.901900357373247,0.7669194367038141,0.9479340490214783,0.624624718254435
walk_dark,right_controller,0.321814389,47.55968542,2.6592932610201134,2.087403331910818,1.9980091675491274,2.1835432008300657
walk_dark,right_controller,0.299732233,49.357247033,1.639235866431839,0.4168577085148476,0.45896724362666025,0.31065755628848823
walk_dark,right_controller,0.721345444,55.049743739,1.11203628785143,0.43034408617678516,0.6914601727503441,0.32019185522761673
walk_dark,right_controller,0.588074136,56.814158429,1.411247518558637,1.0552545278257732,1.2045271823721246,0.9992447969240299
walk_dark,right_controller,0.266458821,58.001364444,1.3529219832923296,1.2285827778047969,1.2659022333507615,1.2255706578014498
walk_dark,right_controller,0.53251846,58.778261544,2.8144782283990843,1.6087409736081788,1.6820482409007,1.6356721692329446
walk_dark,right_controller,0.421620323,59.81017525,1.24417001264812,1.0187105050213343,1.0870524950372848,1.0562210652650432
walk_dark,right_controller,0.821113468,60.775553899,1.6182963748130739,0.4837472673408798,0.6831366846900987,0.37190480394869785
walk_dark,right_controller,1.065289086,63.993481287,0.16150973576712244,0.7924482728037391,0.6469063060026035,0.7952916939543014
walk_dark,right_controller,0.821084382,65.402767631,1.5564226881810475,0.4720870862619599,0.6640897242382205,0.5507876267138058
walk_dark,right_controller,0.410536754,69.852452217,1.5496461030374657,0.7173380276741971,0.8393186599179063,0.8455381629994461
walk_dark,right_controller,0.421673801,70.762327213,0.4563201069393092,0.4880945986407578,0.5100972464551498,0.600965289975288
walk_dark,right_controller,0.399491069,71.749907454,2.5297597803552323,2.3406086459579587,2.4371776536201066,2.424072074690872
walk_dark,right_controller,0.543690492,72.915059994,0.2881794293715971,0.5852303474719617,0.6697308095845591,0.7467347708505266
walk_dark,right_controller,0.299465461,76.743455648,1.1516399740685828,1.3720718285608566,1.4778726211335753,1.4559540216127225
walk_dark,right_controller,0.255183124,98.225997556,0.9861985317831629,0.9852890046856845,1.0435562239756824,0.9749157394531801
walk_dark,right_controller,0.166556948,99.424374841,0.3935031896016354,0.3704396811282915,0.3177015758159385,0.39841999313368803
walk_dark,right_controller,0.199777311,99.957002986,0.6787975183272275,0.7844563816595648,0.8010194907610644,0.7651279146620431
static_easy,right_controller,0.432797123,11.968565059,1.3650837601017742,0.5787045001241228,0.5267407248705305,0.5388555726911443
static_easy,right_controller,0.488262554,14.032452792,2.344915137083522,2.1303843258853656,2.2755957110018965,2.0823627419504764
static_easy,right_controller,0.432708107,17.26166555,0.7370504114986802,0.500705436917406,0.7679771828940153,0.585927812902065
static_easy,right_controller,0.210880895,23.076222165,0.24876781150840224,0.37516036322107427,0.4008100207952186,0.35935776888311166
static_easy,right_controller,1.198488253,31.409671505,1.3321588968826565,0.5781373386438162,0.8974171645811609,0.5146897514108516
static_easy,right_controller,1.17626071,36.458650145,3.3444195459428796,2.6608271053030763,2.713422104886146,2.9531887391701686
static_easy,right_controller,0.233048335,47.544066421,0.6574609666780151,0.49579848398164533,0.44653786651432337,0.471237560948284
static_easy,right_controller,0.199744884,48.520594501,1.502817835091588,1.9579920803990865,1.9035898702483844,1.9873590451366616
static_easy,right_controller,0.577028796,51.638736747,0.7995585549961869,1.018824310830534,0.8103861233402401,0.9545614444422141
static_easy,right_controller,0.521574988,54.81234602,0.9812943837476763,0.3885569758615852,0.19353728272171297,0.3547903889900925
static_easy,right_controller,0.754582871,57.50883895,0.5974891368059028,0.6117585038541873,1.0067951949747378,0.673915068976802
static_easy,right_controller,0.388435138,58.8736571,0.7922185832868752,1.032941441341497,1.0629919230208718,0.9926734922043579
static_easy,right_controller,0.821077618,59.439650668,1.6600893911763506,0.7993389503914434,1.140994692396726,0.6324484766499803
static_easy,right_controller,0.255188382,61.370440671,0.9685391396118227,0.8001545966049958,0.9319325332544811,0.7999103686722274
static_easy,right_controller,0.266364559,83.263852942,0.764179996676425,0.7953999110621538,0.7366176958692016,0.843388956069385
static_easy,right_controller,0.754491867,86.171179352,1.7829321099220732,1.532867582359206,1.8275106618687624,1.1364131405309954
static_easy,right_controller,0.188475449,93.728018817,2.315383507305668,2.1944406164066743,2.273967623517097,2.1458462231595554
static_easy,right_controller,0.299616352,101.273587918,1.291870488676775,0.5044502756249684,0.6053188732612189,0.5032531745372694
static_easy,right_controller,0.299561014,102.349966494,0.7011748883300203,0.7968623809636378,0.8196676742871877,0.9536504200435209
static_easy,right_controller,0.59922418,105.235093521,1.1658144466753753,0.980021578721239,1.2693161726818147,1.2741209407302982
static_easy,right_controller,0.310633478,105.834317701,1.0328417661765654,1.657779674883493,1.567142837927176,1.6729718487134928
static_easy,right_controller,0.177547678,106.832969576,0.83240819075777,0.48165131103930947,0.4690376774926364,0.43320702789452986
static_easy,right_controller,0.177540315,107.498727127,0.983787720930043,0.8466902456943398,0.9207546204452441,0.8353709557133367
static_easy,right_controller,0.221960525,110.872041141,0.7692401532412441,0.6864757222953665,0.617335971250572,0.6671440022093081
static_easy,right_controller,0.488195233,117.762916988,1.4397498929870023,1.6250334887499585,1.616495113647073,1.4638785807750097
static_medium,right_controller,0.188665979,3.697940789,1.7173976851490924,1.4500243093212977,1.4530800408007163,1.4145178396145734
static_medium,right_controller,0.299653225,4.219449941,1.0454929187252315,1.7476921129480445,1.8255043419583825,1.7871554190900925
static_medium,right_controller,0.266369908,6.061431192,0.8506848506760353,1.0546660846568716,1.0704986715056377,1.013072430922305
static_medium,right_controller,0.199715723,6.582991495,1.4638701661977112,1.8666173709890899,1.9245596717797597,1.8624050388017774
static_medium,right_controller,0.499424124,7.115599141,1.7522008718364832,1.9077263648139726,1.937136158863572,1.9565810670110342
static_medium,right_controller,0.499374778,13.4739312,0.9712912425694364,1.008898968339504,1.1584620984844676,0.8402138950350331
static_medium,right_controller,0.299613543,19.798846511,1.1423375920894325,0.9664610561081484,0.9689035847824641,0.9948637963798169
static_medium,right_controller,0.188625801,24.470455563,0.5904314941713567,0.6892468322002481,0.7554176948320094,0.6231875806972869
static_medium,right_controller,0.332779082,25.30276033,1.096496926758444,0.865151702576731,0.971060912702429,0.7646769627726759
static_medium,right_controller,0.166485758,45.942046133,0.6653023677983364,0.6964828798347666,0.6496527650030661,0.6754653193631641
static_medium,right_controller,1.198399816,46.241712819,3.7416749261387654,2.7894865252913763,3.1233286663534736,3.064021085671153
static_medium,right_controller,0.199785061,48.061537973,1.9481858113302783,1.768487258383856,1.7378487194787842,1.776577427650406
static_medium,right_controller,0.155389543,53.964774696,1.2047539819165634,1.3493660851994098,1.3303160488079873,1.358173894329667
static_medium,right_controller,0.188610789,54.730470251,0.7693429785401878,0.353148321210958,0.40864632095312264,0.4020060506401859
static_medium,right_controller,0.288558256,57.493424058,1.2441146962329988,0.7049488654414972,0.7322590202803227,0.7819225896729818
static_medium,right_controller,0.432722012,58.79181199,3.2339187972895718,2.344256172779852,2.236013315956954,2.460954083854374
static_medium,right_controller,0.366102156,59.690618125,1.325351509055924,0.7304198390042288,0.6727750501737039,0.8212547664610828
static_medium,right_controller,0.39939671,60.31199553,1.7098890033050025,1.6460199301343506,1.6259826244963795,1.824114353028894
static_medium,right_controller,0.399496242,60.922295509,0.9252488529492484,1.359454301778625,1.3054064856624552,1.5230773426431439
static_medium,right_controller,0.199734227,61.743414651,0.4332295146221062,0.4915698472132495,0.5170382356018983,0.54909186913503
static_medium,right_controller,0.266199529,66.836746168,1.5795051734730532,1.0716912983613465,1.0905245977728222,1.0491138600949739
static_medium,right_controller,0.15537009,67.21394931,0.4091407509923313,0.4776826368314066,0.43337377565899354,0.4461806428377112
static_medium,right_controller,0.332852864,67.446987295,0.9467905923919574,0.8105363323288388,0.8604206855748744,0.6657989871928701
static_medium,right_controller,0.221946104,67.846478217,1.049241348900302,0.675514522700027,0.6234496910274302,0.6396495564544894
static_medium,right_controller,0.221887776,68.57888254,1.9850717226556955,1.0499751037909069,1.078416701585864,1.163830884229243
static_medium,right_controller,0.155411021,73.838582416,1.2944905264005608,1.1425604140705394,1.0965515208768162,1.040552127941231
static_medium,right_controller,0.210900947,78.354792102,1.5319305567621126,0.8667391684382627,0.832365858538777,0.8603532826049216
static_medium,right_controller,0.155267938,81.195530673,1.5180070689173815,1.2885252367674442,1.2951242289110558,1.33041176618341
static_medium,right_controller,0.521505965,84.258128927,2.308342780569291,1.615878846349341,1.6239141913857789,1.5866817094284464
static_medium,right_controller,0.221944024,87.287413942,2.9129154097715664,1.9805400916909752,1.9588293234815535,1.9915848856744898
static_medium,right_controller,0.377219563,89.173853585,0.7723159366038591,0.506795969226453,0.5549653507909683,0.49865837310684735
static_medium,right_controller,0.155272538,91.149014391,1.3111764763793803,1.851587221669941,1.8971924116404033,1.858731520409599
static_medium,right_controller,0.233096358,91.581782224,1.3866378208724266,1.3801696828987047,1.4173370824304945,1.4091120499231535
static_medium,right_controller,0.521518086,92.214249748,2.6646430256862215,1.0631312744322294,1.0943361714994102,1.1036806166280673
static_medium,right_controller,0.28854947,92.913314811,0.4830154665584145,0.5664258030519501,0.5292194584998616,0.5621960473707593
static_medium,right_controller,0.588048805,93.412680446,1.8427301402144531,0.5807225465999619,0.585267364050483,0.5947937766001413
static_medium,right_controller,0.29965512,94.178300763,1.1576635816591854,0.8380910183884309,0.8955112394633482,0.8640625767492219
static_medium,right_controller,0.687934509,94.644380185,1.4464552868605285,0.33331253044397186,0.41700584882050284,0.3823017782741877
static_medium,right_controller,0.421725319,95.509885936,1.0031602914572946,0.7366297051170733,0.7882331866420749,0.7718538065438802
static_medium,right_controller,0.155381141,96.741615864,0.26722040679440606,0.44549412494410306,0.48711160425000966,0.4439075159393309
static_medium,right_controller,0.332955366,97.762465898,0.730199914786776,0.8885839942848603,0.8777875222894931,0.8890031844485023
static_medium,right_controller,0.321725575,99.737790202,0.4657109820829579,0.5975012673495925,0.6707063607869268,0.6101796439683729
static_medium,right_controller,0.399472553,100.270294432,1.649862293926067,1.2978301095529243,1.30738111124773,1.3230237601976966
static_medium,right_controller,0.26626632,100.836235867,0.6647079566005157,0.5286855673963866,0.6071869719573451,0.5366925963880114
static_medium,right_controller,0.466116753,107.982278964,1.2765521732846579,0.9081614890915378,0.9096762416963878,0.8882956665361438
static_medium,right_controller,0.266296641,108.714659426,1.3896096060196306,0.4619908662957499,0.48973648976434797,0.41144053510082595
static_medium,right_controller,0.29957655,109.158517312,0.971989646903394,0.7945655585839213,0.8970285293754036,0.8043151833470522
static_medium,right_controller,0.399525199,109.657832713,1.1397429193749131,0.6575646739680053,0.5367054385397918,0.6453821382036771
static_medium,right_controller,0.366265792,110.22373869,0.9770836647844231,0.7498937944901902,0.6611143672615287,0.7536315013510494
static_medium,right_controller,0.366185624,110.822950072,2.0503314706754363,0.7019319597439719,0.6112335959864433,0.6890386799596899
static_medium,right_controller,0.288493147,111.555353196,3.991331984064345,3.4464695496354074,3.3806748236687416,3.451662903292874
static_medium,right_controller,0.355117968,112.221147395,2.8516377852129904,0.6039303723034436,0.5731403276745574,0.610879392902458
static_medium,right_controller,0.366167221,113.186534221,0.3792258098026963,0.2989839264070348,0.31010906283070316,0.2628450954732435
static_medium,right_controller,0.388451655,115.849671866,1.851362533555601,1.3483729459741172,1.2472346754560752,1.373907855266331
static_medium,right_controller,0.166450657,116.737384225,0.9509173863479855,0.2157177764130538,0.1885225210510847,0.2324858597006331
static_medium,right_controller,0.166473845,117.602926561,2.360500356148489,1.8964229791287885,1.9443500180054194,1.8958990612613227
static_hard,right_controller,0.355114459,3.685054401,2.5785897819433528,1.8070133479330492,1.81272776268057,2.0722601418209936
static_hard,right_controller,0.277417424,4.273220111,1.5503226663848904,1.316177647794906,1.2293165125181524,1.0958118975729068
static_hard,right_controller,0.255227625,4.783670315,0.6857757670720579,0.5543030538017588,0.6047513648073637,0.8799129094367798
static_hard,right_controller,0.18854645,5.482807906,1.5110716223411766,1.5109914183466011,1.5389990400449527,1.4458248056426313
static_hard,right_controller,0.299636113,6.337125028,0.3079231595567366,0.5742854724650882,0.5328209524997229,0.45498245769199663
static_hard,right_controller,0.299627621,7.202699013,2.570239006933937,1.4395516598894593,1.4525607039309374,1.4624809818288527
static_hard,right_controller,0.388348812,7.746473685,2.0569849478158613,1.876939812481044,1.8780438793968721,2.142677439836198
static_hard,right_controller,0.255274847,8.478752218,1.1721248473008146,1.0180803716681426,1.0678355612368577,0.9679492273494011
static_hard,right_controller,0.266216394,9.011496031,1.4342343425649453,0.5093867640298981,0.5542273033485969,0.5123602505562732
static_hard,right_controller,0.233051675,11.108643563,0.9951916745909357,0.7719263354619544,0.8102699447223299,0.8414980370138964
static_hard,right_controller,0.332898802,11.607973049,1.987480700129986,0.964788780581209,0.9641090590756813,0.8544197870365071
static_hard,right_controller,0.23303029,12.16280059,2.9399845513559884,2.503014182679283,2.5231639418245853,2.535283377271866
static_hard,right_controller,0.499406553,15.070045679,0.586349429879901,0.3572466515972034,0.34348395195965237,0.7140551371806744
static_hard,right_controller,0.288525939,16.002212521,2.2785834044410285,1.942858699684871,1.9601315845805993,2.0755677795121565
static_hard,right_controller,0.288382531,17.466992629,1.7530276978214492,1.2675051318274984,1.324320422776891,1.1632054057227008
static_hard,right_controller,0.266318373,18.931626562,4.3206224365895505,3.9060996104766863,3.942722963102365,4.008861199212721
static_hard,right_controller,0.188687202,19.430993602,1.547035731314485,1.4066695428573153,1.4049642214354092,1.5173694232558306
static_hard,right_controller,0.255301431,19.863692557,2.176745830464633,2.185385209759868,2.1478660335294117,2.0770854368325673
static_hard,right_controller,0.155312711,21.295203801,1.8257940142241136,1.7055342875453359,1.7352393160857997,1.6658311509583956
static_hard,right_controller,0.388435046,21.761277761,1.0260374363689944,0.6527526703769971,0.636540528878292,0.5608363345062839
static_hard,right_controller,0.233048659,22.382578171,1.3849775255935515,1.4201419597651121,1.398353457349143,1.4660517150795167
static_hard,right_controller,0.244115395,23.148242592,2.0115266790403075,1.6268286108745131,1.6118467006294506,1.542841656410238
static_hard,right_controller,0.366072237,24.446657907,1.5958959723868045,1.0587185439068347,1.125127729686595,1.102609765056036
walk_easy,right_controller,0.965357894,9.804727132,1.8170698640636918,1.59899129298051,1.6702893805159564,1.6447586253780828
walk_easy,right_controller,0.932170711,28.16935185,1.9825205767663265,1.3622624593795665,1.0304188872290658,1.338942189146022
walk_easy,right_controller,0.699151083,42.683496958,1.7363634080179033,1.4702151106266466,1.5429324569774174,1.5110308218634425
walk_easy,right_controller,0.887842024,45.424265186,2.619597922273831,2.13033457806542,2.556595979380697,1.9943118187374385
walk_easy,right_controller,0.621531277,49.185971382,3.1778007378490427,2.7538978913518966,2.7923852879799216,2.5097148437896046
walk_easy,right_controller,0.821176734,50.484240889,2.6512083763613616,2.1143870117605412,2.063058611498372,1.8448071746061239
walk_easy,right_controller,0.687988976,52.215333784,2.4621725347079693,2.2011396090566344,2.412987810647013,2.6356977601078757
walk_easy,right_controller,0.199811532,53.280495522,1.231550969373481,1.0988062734949475,1.0404382770565714,1.1254329577264794
walk_easy,right_controller,0.699119243,54.012878509,1.318862269704156,1.1194366095527026,1.2723298307047417,1.8289660588578387
walk_easy,right_controller,0.632402719,54.867436256,1.24597189027536,1.4162321066293428,1.360586440713633,0.7743539786237258
walk_easy,right_controller,1.05414376,59.871834464,2.526820393254872,1.9443968239436715,2.3733629460492534,2.389005807387431
walk_easy,right_controller,0.499372623,63.189614311,1.5787850860272965,1.7850493442053372,2.1099416007321152,1.8906626929026131
walk_easy,right_controller,0.399539406,64.2326768,1.635493402476036,1.165872273711247,1.3343575313884366,1.1910505566425604
walk_easy,right_controller,0.687969056,64.732044204,4.672420313067116,4.5707749628890655,4.469772889417951,4.6004400374737875
walk_easy,right_controller,1.065312483,70.857288975,2.68126979301482,1.7812961433805967,1.7385095525184437,1.8269812638355576
walk_easy,right_controller,0.266301636,74.385988599,1.584565729207893,1.2310438080146886,1.1704202826871803,1.171066395779355
walk_easy,right_controller,0.687996853,87.302297636,3.022923196566793,2.12134192642179,2.4549118130736463,2.146500294398182
walk_easy,right_controller,0.687952908,89.63254842,1.9428416808794438,0.9241343418704645,0.791522166371886,0.8175713868989288
walk_easy,right_controller,0.24420668,92.883753492,1.1847241346714492,1.3625722169832004,1.350905698013341,1.3611519465809718
walk_easy,right_controller,0.688067892,93.727084319,0.5903123693586189,0.425999964204757,0.5394863594658926,0.39296538350202537
walk_easy,right_controller,0.454955171,96.290398422,0.9640056235356241,0.7756256874645414,0.5761017540033821,0.7720545178961062
walk_easy,right_controller,0.699019231,97.211387908,1.7825301623299794,2.0672979814858863,2.2286604092150633,2.240903716683118
walk_easy,right_controller,0.399303551,103.336748359,1.1470984024089945,0.8900453488574692,1.0962849594214334,0.8677219358853537
walk_easy,right_controller,0.554849583,112.701966753,2.5382503296014796,1.6612052088713885,1.5352725086770254,1.6769517025520186
walk_easy,right_controller,0.155324991,114.965665512,0.5412982917316008,0.8266919226875985,0.8296559229089169,0.8781889343026757
walk_medium,right_controller,0.233014985,5.568961457,2.165001483584576,1.685142384106164,1.645848754237181,1.5433761737638725
walk_medium,right_controller,0.532631894,7.444182591,0.7201892906672916,0.7303065896863833,0.48684858574895995,0.559230911914584
walk_medium,right_controller,0.465914922,9.208659218,0.9158004811561969,1.0547130094460646,1.1696688931279737,1.210722633725758
walk_medium,right_controller,0.532576549,9.974240853,1.717845104754928,0.8580088108198737,1.0225360082399704,0.8686607826736171
walk_medium,right_controller,0.454938338,11.472236043,1.1090989714568473,1.0864368344616862,0.9578958381536063,1.042293087571383
walk_medium,right_controller,0.588120163,12.670699554,1.0224980918102942,1.2580802096175017,1.2354869312760766,0.8958344997217726
walk_medium,right_controller,0.321884616,16.032803704,1.575857917741347,0.5551992801184442,0.5963883098289493,0.45975761220717365
walk_medium,right_controller,0.421794147,16.631993877,0.794716727294044,0.6560937578740405,0.5027001996249567,0.6846516329313687
walk_medium,right_controller,0.41054036,17.320076242,1.7509079810068262,1.1759884192371888,1.055505002310053,0.9874826988452923
walk_medium,right_controller,0.29959451,18.063524244,2.4231227262128003,2.3102894716694466,2.3515035486266362,2.4165521553827545
walk_medium,right_controller,0.399444276,20.194032726,0.7385168455174784,1.0734483369855983,1.0689154650644823,1.0580370955586418
walk_medium,right_controller,0.854433667,21.825196858,2.443424824906973,1.526785799141122,1.7293707421808167,1.6280506492404154
walk_medium,right_controller,0.366214542,23.112344855,2.6474091476826085,0.7511977596901206,0.7609633066220632,0.8919555969390779
walk_medium,right_controller,0.332871847,23.82262161,1.6799076168792562,0.6735396730388897,0.7925575153460332,0.7269492090197698
walk_medium,right_controller,0.355157834,24.388443789,2.459861104661222,1.2548549432238656,1.3120074710162353,1.3902798001710086
walk_medium,right_controller,0.18869577,25.254020891,1.4393219136131885,1.5611701938847709,1.601510194036173,1.796790535013353
walk_medium,right_controller,0.5658699,25.675702182,0.7655123756363525,0.8370076847656016,0.8262624038508765,1.6028185315685284
walk_medium,right_controller,0.288469433,27.417820698,1.151885545020949,1.3011113180092795,1.1811681438960566,1.3103459399170032
walk_medium,right_controller,0.510420397,28.705048104,3.193449115674586,2.1192337246794355,2.286773549674804,1.8166983452023242
walk_medium,right_controller,0.754626404,29.64816891,2.4282933104921383,2.2298329652227546,1.9954031733250412,2.476959703973724
walk_medium,right_controller,0.321800501,32.011742903,1.8084673071869428,1.06320975885478,1.2049471693182727,0.953181014127799
walk_medium,right_controller,0.599231052,32.610949862,1.8951967908480938,0.5662011615519441,0.7742126584746749,0.5362204327039418
walk_medium,right_controller,0.787829178,34.108971551,1.3927163590600555,0.5462039370902827,0.8032724900526907,0.6564616654952573
walk_medium,right_controller,0.355125442,35.773432353,1.4007942027690643,0.4283662843701657,0.48465643125199104,0.5029137259501336
walk_medium,right_controller,0.421653595,36.938548596,1.8939295942518986,0.43649792774107876,0.5513087595385977,0.3817468723968919
walk_medium,right_controller,0.310596254,50.343105114,2.5050954121372904,1.3093574427598662,1.2947149473592978,1.2204106687244707
walk_medium,right_controller,0.255274423,61.206452818,0.447693576361463,0.3470757314972086,0.3747331656401665,0.29711352583307943
walk_medium,right_controller,0.266326378,61.938811996,0.9715722061888558,0.9428423174827728,0.8741044290581059,0.9507968499602182
walk_medium,right_controller,0.199778477,63.736430622,0.14188271062446076,0.1193179714906082,0.18006519089702736,0.1088586901599597
walk_medium,right_controller,0.233102452,64.56869559,0.7234052238640905,0.8316965016154715,0.8805075793667628,0.8285445602442268
walk_medium,right_controller,0.299555483,66.954489313,0.6673810618733845,0.5709050003365546,0.48322957657535315,0.5739086704649796
walk_medium,right_controller,0.432771601,68.163941947,1.131977286945161,0.1580055991599259,0.3445093872612299,0.34867142547309293
walk_medium,right_controller,0.188694852,68.9961689,0.7604450484239962,1.0813355537366793,1.0491812850279323,1.2153364089249337
walk_medium,right_controller,0.233119455,69.362358204,1.1927136873388375,1.5392289466802165,1.4668219273192291,1.5249217247859155
walk_medium,right_controller,0.288479331,69.795112728,2.686639992294236,0.9670406084709282,1.060043916680256,1.0650330507513484
walk_medium,right_controller,0.366092647,70.161467641,2.4240902986812256,1.8346968088875966,1.8643148282553463,2.191532821863356
walk_medium,right_controller,0.188641147,70.993498986,1.2045851478734952,1.0870395603789382,1.1459280143731216,0.9339292587701884
walk_medium,right_controller,0.421656308,72.657989064,1.2946963155377662,0.9647204342829955,1.072296647767325,1.1395841609562394
walk_medium,right_controller,0.699081921,74.810713298,3.241173266285095,0.8461030589582569,0.7861793984864601,1.0109751928662194
walk_medium,right_controller,0.332864322,75.62075404,3.581568529056307,2.7659357015462165,2.8596886097165957,2.8928817045844872
walk_medium,right_controller,0.355119062,76.153350127,2.472027249715879,1.8199007730043557,1.6976782658749294,1.9060509823401468
walk_medium,right_controller,0.188625457,77.052195713,1.0369677945192235,0.9747880777404698,1.0371910135567668,0.9308212467706153
walk_medium,right_controller,0.288526094,77.984311717,1.2135335162880263,0.9553565619008029,1.0493333094857455,0.8953828516264745
walk_medium,right_controller,0.399406693,78.749952021,1.419226856326361,2.069145896724706,2.0889402807720074,2.0968871109402376
walk_medium,right_controller,0.332916725,79.8706735,1.3669350929171131,1.2357427659906768,1.204393718462325,1.157591748789253
walk_medium,right_controller,0.18871739,81.080219576,0.5233981401049035,0.39258043058383435,0.366412681489089,0.3530097578757309
walk_medium,right_controller,0.188584262,81.912471878,0.37842915761941337,0.327017874738839,0.24810555934422482,0.27795903101440284
walk_medium,right_controller,0.321800215,82.911102508,1.8640725923526749,1.5402496945945565,1.6535160234328306,1.5583720844978493
walk_medium,right_controller,0.32185228,83.943119861,1.4632982779040309,0.744021123555764,0.6697792011655052,0.6572422205994977
walk_medium,right_controller,0.521617355,85.374514718,1.1252229708647936,1.0237048440584957,0.9333134572017585,1.027391753281779
walk_medium,right_controller,0.299613764,86.972436558,2.1140936847112073,1.299257132535471,1.4269116191698894,1.3464230907950145
walk_medium,right_controller,0.310768357,87.527299035,1.2856422853541494,0.5373030911346431,0.42840406634673456,0.47456301185135574
walk_medium,right_controller,0.299697402,88.104228513,0.732023089773174,0.7381114279530266,0.8623609463524883,0.7589874087512121
walk_medium,right_controller,0.488180067,89.10300453,1.1715460815641436,0.7836952087243082,0.7292515807835342,0.888511265769687
walk_medium,right_controller,0.432720587,90.467840527,1.266292379949239,1.1339262828674674,1.2168419580092817,1.1441199154608797
walk_medium,right_controller,0.521622458,91.133552604,0.5526996685540052,0.5299624118557202,0.4787496874235523,0.41562411855655595
walk_medium,right_controller,0.432764731,93.264043417,2.0032746695959416,1.5777929676426805,1.6771990711466829,1.4204195144994147
walk_medium,right_controller,0.233028687,94.728848189,0.8878698877294132,0.7476301604898835,0.7239127675046385,0.692949217893104
walk_medium,right_controller,0.399533756,95.361253977,2.0569939013057077,0.5024173209012164,0.5775799967126483,0.6173947389483558
walk_medium,right_controller,0.199820866,97.680485585,1.083616245123481,1.130041058689544,1.0835956680996053,1.1560862206376101
walk_medium,right_controller,0.543694229,99.178512992,2.4745376375301857,1.040331481045139,1.1737094536212858,0.9375965105916647
walk_medium,right_controller,0.499525406,100.443435135,1.487424477748139,1.6854540012398016,1.5813633786612618,1.8158285138613224
walk_medium,right_controller,0.621431628,100.987186993,1.61158642636003,1.1188732399723351,1.3010257452573133,1.001586865815149
walk_medium,right_controller,0.255181083,101.719583478,1.5044636257657809,0.4720293461194147,0.4625970524465049,0.5440215827184385
walk_medium,right_controller,0.932117874,102.119048902,2.450147225588519,1.1113343865990146,1.4617665295761895,0.8907576716738976
walk_medium,right_controller,0.388391311,104.649026121,2.7401613130591436,1.399610749019549,1.4526428167109307,1.5250369343636319
walk_medium,right_controller,0.355135795,105.980635497,2.0269060921422177,0.8074912003494853,0.8252378658468317,0.7149834588261472
walk_medium,right_controller,0.954280651,106.945996278,2.1678433041860536,0.6114657974510829,0.8733175628914526,0.5234581588323426
walk_medium,right_controller,0.421703514,108.210996955,1.7654103259083798,1.8153068384360564,1.6606712962888492,1.7881853450337961
walk_medium,right_controller,0.166577954,109.3761061,2.0598008287018406,2.0505799477604048,2.0752621171846406,2.0576919192987684
walk_medium,right_controller,0.565893806,109.764475162,3.043319062660552,2.9505348592249985,2.944030915998578,2.8549986321087344
walk_medium,right_controller,0.787848038,110.374806689,0.9173685191007083,0.7059307322975839,0.5415457878152719,0.7942242151863346
walk_medium,right_controller,0.4327884,111.262499131,1.7066633146556678,2.312111688284199,2.2733149308735006,2.303646899280845
walk_medium,right_controller,0.388446864,112.105873972,1.9161203297377,1.4496040477889411,1.4062477412178342,1.5501215936036798
walk_medium,right_controller,0.477299744,113.02685436,1.1182869958452748,1.2151772824869596,1.1060222095860626,1.246274358302173
walk_medium,right_controller,0.29967411,113.859061085,0.5692996804545088,0.6307861474539199,0.506956788373054,0.5968237227662347
walk_medium,right_controller,0.343954356,114.724569205,1.991726877946337,0.9935751171484115,0.9762801839417835,0.8842791632181943
walk_medium,right_controller,0.266346373,116.100543851,0.6854531741715564,0.587153412125291,0.5809128441907999,0.6509189293215489
walk_medium,right_controller,0.266261634,116.866246936,0.8325747338712114,0.7013922369908124,0.7026493467005555,0.7415996848304474
walk_medium,right_controller,0.332848227,117.498741735,1.7482402177620164,0.8570908960358063,0.9425325726664218,0.806126451647276
walk_medium,right_controller,0.754587502,118.530707306,1.523651341277716,0.6857684962599542,0.7195967495191771,0.8375828063737946
walk_medium,right_controller,0.965342194,119.662527206,1.4182111826909123,1.2417358124849576,1.1738276877834766,0.972576116736296
walk_hard,right_controller,0.599222419,0.706938389,1.5227372569590762,0.6306748446820966,0.6350888168070832,2.0388620321128004
walk_hard,right_controller,0.233049455,1.716781843,0.7599264687301656,1.515390184619967,1.4847558199396418,2.4197963329037027
walk_hard,right_controller,0.28851087,2.082921771,1.1693456145958439,0.5594607770062201,0.5824229483268205,1.57585708540274
walk_hard,right_controller,0.532750013,2.915117673,1.5592860676840967,1.191398223956789,1.4061814728439455,2.1272153362193977
walk_hard,right_controller,0.288488932,4.080342059,1.817490921322956,0.9567972631731214,0.9643331245629414,0.6885789400786185
walk_hard,right_controller,0.421633444,4.746085512,1.5389375787699293,1.5302055074812544,1.306922020719034,1.9529171951756226
walk_hard,right_controller,0.355112734,5.578303778,1.2085464626346885,1.0384629892613848,0.9361527410981406,2.2264423086570213
walk_hard,right_controller,0.155408339,8.540965404,7.124511574610765,7.351305705497792,7.3450925791096005,6.63208542127082
walk_hard,right_controller,0.221714377,10.838130711,3.0589640782702094,3.1140717525274373,3.072549544979738,2.5961428318604365
walk_hard,right_controller,0.288602542,11.337287795,2.4593303410801997,1.7714358207298049,1.666952737306555,1.6268029102547896
walk_hard,right_controller,0.388361244,12.136247002,1.3550239489223679,0.9549026078638551,1.0231215685012762,1.7090238251006593
walk_hard,right_controller,0.399401577,12.702200683,2.3652818782407175,1.7782253873527776,1.9162097003971323,2.195675256381158
walk_hard,right_controller,0.920936664,14.067084917,0.886755961259057,0.6298293676572908,0.7667821019567216,0.8216033683892054
walk_hard,right_controller,0.37713165,15.853620078,1.2151042327725212,1.419555305010609,1.4060689857601778,1.2993297234280181
walk_hard,right_controller,0.588161785,17.595656289,28.059284712323908,29.334156913117933,29.26001215561073,29.48377478900736
walk_hard,right_controller,0.221794338,18.328145693,19.07764881808241,18.954283227956978,18.905733053340352,19.11613549920559
walk_hard,right_controller,0.355107532,18.860601525,2.3088241811693284,1.51690160129986,1.489678854350407,1.555368685135151
walk_hard,right_controller,0.332969527,19.426544611,2.5741399594760592,2.748927199483279,2.6777128474845164,2.7752984548575492
walk_hard,right_controller,0.488207947,20.32545241,3.4842514284419197,4.194668257956853,4.0612306227134845,4.34201782177227
walk_hard,right_controller,0.23305237,20.946815973,0.742952383588153,0.40692024701762863,0.4486627195238066,0.5120482670348504
walk_hard,right_controller,0.454908705,21.324106089,1.6512441974460663,1.4973692503974476,1.7201995687592546,1.3054334110306136
walk_hard,right_controller,0.532630172,21.92330606,1.4320962304337292,1.7193632323090398,1.8569858309346614,1.4239260891996632
walk_hard,right_controller,0.588117525,22.555783907,1.3239280192225695,1.1725455237730646,1.2785068826109467,1.2098744948545292
